review_id,order_id,rating,review_text,review_date
1,2715,4,Delivery was late but food was good.,2024-09-21
2,20576,4,Average experience.,2026-03-16
3,22920,2,"Great food, arrived hot!",2025-01-24
4,2797,4,Value for money.,2025-11-22
5,20039,,Would not recommend.,2025-11-23
6,8540,3,Best biryani in town.,2026-05-22
7,6892,3,Delivery was late but food was good.,2026-01-25
8,3100,5,Fresh and tasty.,2025-12-30
9,21767,5,Absolutely delicious.,2025-09-16
10,22727,3,Delivery was late but food was good.,2026-03-23
11,9634,4,Food was cold on arrival.,2026-03-07
12,2294,3,Order was missing an item.,2026-03-14
13,6694,5,Order was missing an item.,2026-05-02
14,9272,3,Order was missing an item.,2026-01-10
15,11497,5,Perfect as always.,2025-09-14
16,15448,4,Best biryani in town.,2025-08-29
17,9192,5,"Loved it, will order again.",2026-06-22
18,2194,3,Fresh and tasty.,2026-07-02
19,13286,4,Portion size was small.,2025-09-14
20,5144,5,Packaging could be better.,2024-12-11
21,24107,4,Portion size was small.,2024-07-17
22,5903,3,Average experience.,2024-11-22
23,19288,1,Fresh and tasty.,2026-02-08
24,14437,5,Would not recommend.,2024-02-20
25,10862,4,"Loved it, will order again.",2026-05-30
26,16992,5,Order was missing an item.,2025-06-14
27,4167,1,Fresh and tasty.,2024-06-26
28,9031,4,"Great food, arrived hot!",2024-03-21
29,14137,4,Absolutely delicious.,2024-05-06
30,8775,5,"Loved it, will order again.",2024-12-03
31,9449,4,Fresh and tasty.,2025-11-16
32,5199,4,Portion size was small.,2024-06-09
33,24705,2,Would not recommend.,06/24/2026
34,6903,3,Best biryani in town.,2026-04-27
35,407,5,Delivery was late but food was good.,2026-03-30
36,14225,4,Average experience.,2026-01-01
37,21077,5,"Great food, arrived hot!",2024-09-10
38,16253,4,Perfect as always.,2025-02-18
39,9914,4,Absolutely delicious.,2025-08-18
40,12101,5,Delivery was late but food was good.,2026-05-04
41,14350,4,Fresh and tasty.,2026-06-06
42,634,4,Order was missing an item.,2025-08-14
43,3462,4,Food was cold on arrival.,2026-06-03
44,18805,1,Best biryani in town.,2025-09-29
45,3988,,Order was missing an item.,2026-05-08
46,18553,5,Packaging could be better.,2026-01-11
47,9829,5,Would not recommend.,2024-10-11
48,18939,5,Best biryani in town.,2025-07-07
49,6709,3,Average experience.,2026-06-29
50,7281,1,Packaging could be better.,2025-09-22
51,12354,,"Loved it, will order again.",2026-07-04
52,5387,4,Fresh and tasty.,2025-05-19
53,8396,5,Best biryani in town.,2025-12-20
54,23434,5,Order was missing an item.,2025-04-24
55,15189,4,Rider was polite and quick.,2026-02-22
56,14363,5,"Loved it, will order again.",2025-06-23
57,23379,5,Order was missing an item.,2026-02-21
58,2286,5,Order was missing an item.,2026-07-05
59,15551,5,Perfect as always.,2025-09-15
60,5279,4,Order was missing an item.,2025-05-13
61,20218,5,Would not recommend.,2026-05-30
62,3932,5,Food was cold on arrival.,2026-01-06
63,23911,5,Perfect as always.,2026-04-11
64,16336,,Order was missing an item.,2026-05-03
65,19424,3,"Loved it, will order again.",2025-05-25
66,562,4,Order was missing an item.,2026-05-09
67,17163,2,Would not recommend.,2026-01-19
68,18172,4,Food was cold on arrival.,2025-05-13
69,20475,,Fresh and tasty.,2026-05-04
70,8948,4,Delivery was late but food was good.,2026-05-26
71,15686,5,Packaging could be better.,2026-06-23
72,21190,,Fresh and tasty.,2026-05-10
73,18202,5,Average experience.,2025-01-01
74,14209,5,"Loved it, will order again.",2025-04-27
75,637,2,Food was cold on arrival.,2025-02-17
76,21454,4,Order was missing an item.,02/26/2026
77,4148,4,"Loved it, will order again.",2026-01-09
78,12413,5,Portion size was small.,2026-06-09
79,22157,5,Rider was polite and quick.,2025-11-02
80,5111,5,Fresh and tasty.,2025-11-29
81,23614,4,"Loved it, will order again.",2025-11-25
82,16495,4,Average experience.,2025-02-08
83,12950,2,Value for money.,2025-11-01
84,19528,,Perfect as always.,2025-05-06
85,13109,5,"Loved it, will order again.",2025-08-26
86,1658,4,Order was missing an item.,2025-06-02
87,16344,5,Packaging could be better.,2025-03-18
88,24163,4,Absolutely delicious.,2026-01-16
89,10436,5,Best biryani in town.,2025-12-15
90,8660,4,Average experience.,03/07/2025
91,3101,5,Value for money.,2025-04-07
92,755,4,Absolutely delicious.,2026-04-23
93,4770,3,Food was cold on arrival.,2026-03-20
94,19416,4,Perfect as always.,2026-04-26
95,11425,4,Order was missing an item.,2025-07-23
96,18148,,Perfect as always.,2026-01-21
97,70,5,Rider was polite and quick.,2024-04-22
98,13609,2,Would not recommend.,2026-02-05
99,1894,5,Absolutely delicious.,2024-02-10
100,19194,2,Average experience.,2026-01-18
101,4704,4,Best biryani in town.,2025-11-02
102,18705,5,Fresh and tasty.,2026-06-08
103,8423,4,Perfect as always.,2025-11-25
104,24217,4,Packaging could be better.,2025-10-02
105,6256,5,Portion size was small.,2025-06-21
106,9323,1,Best biryani in town.,2025-10-06
107,931,1,Order was missing an item.,2026-06-25
108,17451,3,Fresh and tasty.,2026-02-01
109,24447,5,Perfect as always.,2026-05-15
110,2956,5,Rider was polite and quick.,2025-11-25
111,20154,5,Order was missing an item.,2025-05-27
112,11220,2,Rider was polite and quick.,2024-12-11
113,11842,4,Would not recommend.,2026-05-20
114,6090,4,Best biryani in town.,2025-05-22
115,8702,5,Food was cold on arrival.,2025-05-03
116,21628,4,Best biryani in town.,2025-03-17
117,15805,5,Portion size was small.,2025-06-30
118,16806,5,Would not recommend.,2025-05-31
119,15386,2,Rider was polite and quick.,2026-01-22
120,8233,5,"Great food, arrived hot!",2026-03-30
121,17847,5,Average experience.,2026-04-21
122,15006,4,Best biryani in town.,2026-07-05
123,21381,4,Food was cold on arrival.,2025-10-19
124,2606,1,Portion size was small.,2025-03-09
125,14507,4,"Great food, arrived hot!",2026-04-19
126,2570,2,Absolutely delicious.,2025-11-10
127,23706,5,Best biryani in town.,2025-11-30
128,713,2,"Great food, arrived hot!",2024-05-30
129,5343,2,Delivery was late but food was good.,2026-01-12
130,12536,4,"Great food, arrived hot!",2026-05-30
131,21606,4,Order was missing an item.,2026-02-08
132,15359,4,"Great food, arrived hot!",2024-12-16
133,11263,,Fresh and tasty.,2026-06-07
134,11711,5,Average experience.,2025-07-02
135,8471,2,Would not recommend.,2026-01-09
136,4648,2,Food was cold on arrival.,2026-05-02
137,9328,,Best biryani in town.,2026-06-29
138,19843,5,"Great food, arrived hot!",2025-10-31
139,1512,5,"Loved it, will order again.",2025-12-30
140,13337,4,"Loved it, will order again.",2024-12-14
141,18197,3,Perfect as always.,2026-03-17
142,12030,3,Delivery was late but food was good.,2025-02-22
143,5817,5,Perfect as always.,2024-10-28
144,830,4,"Loved it, will order again.",2025-07-27
145,8730,3,Rider was polite and quick.,2026-03-27
146,21909,4,Portion size was small.,2026-02-26
147,22027,5,Average experience.,2025-10-29
148,6527,4,Perfect as always.,08/25/2025
149,12930,4,Food was cold on arrival.,2026-06-05
150,21639,5,Food was cold on arrival.,2025-12-24
151,22196,5,Absolutely delicious.,2026-03-15
152,8326,5,"Great food, arrived hot!",2025-03-25
153,18304,5,Food was cold on arrival.,2025-12-23
154,7905,5,Order was missing an item.,2025-08-04
155,9227,4,Delivery was late but food was good.,2026-05-07
156,10018,5,"Great food, arrived hot!",2025-11-13
157,22203,5,Best biryani in town.,2026-04-21
158,5025,4,Perfect as always.,2024-12-02
159,18833,5,"Great food, arrived hot!",2025-05-28
160,20925,2,Order was missing an item.,2026-06-06
161,18486,4,Delivery was late but food was good.,2025-04-16
162,9234,4,Food was cold on arrival.,2025-01-24
163,3345,4,"Great food, arrived hot!",2024-06-12
164,18041,3,"Loved it, will order again.",2026-06-17
165,12352,5,"Loved it, will order again.",2026-04-14
166,9497,5,Order was missing an item.,2026-01-26
167,24117,5,Food was cold on arrival.,2024-11-20
168,24607,5,Rider was polite and quick.,2024-10-22
169,18904,4,Packaging could be better.,2025-04-04
170,21056,3,Portion size was small.,2026-04-28
171,4692,5,Delivery was late but food was good.,2026-02-16
172,15143,5,Value for money.,2024-12-08
173,18055,4,Portion size was small.,2025-09-26
174,21176,2,Order was missing an item.,06/01/2026
175,4204,5,Average experience.,2024-11-17
176,12367,5,Value for money.,2026-05-13
177,20610,5,Order was missing an item.,2025-04-19
178,1788,5,Absolutely delicious.,2026-01-05
179,18318,3,Average experience.,2026-03-25
180,15766,3,Best biryani in town.,2026-01-07
181,7010,,Portion size was small.,2025-07-23
182,17596,4,Food was cold on arrival.,2026-06-04
183,14534,4,Best biryani in town.,2026-05-08
184,3324,,Portion size was small.,2025-10-05
185,21699,5,Food was cold on arrival.,2026-02-01
186,15396,4,Packaging could be better.,2025-09-10
187,2006,3,"Great food, arrived hot!",2025-05-17
188,130,5,Fresh and tasty.,2026-01-24
189,2658,5,Fresh and tasty.,2026-05-10
190,17872,5,Value for money.,2025-01-21
191,16379,5,Packaging could be better.,2025-12-03
192,24172,5,"Loved it, will order again.",2026-06-18
193,4745,3,Perfect as always.,2025-08-14
194,21931,5,Perfect as always.,2026-01-04
195,16932,,Best biryani in town.,2026-06-01
196,14299,5,Average experience.,2025-07-16
197,15266,4,Value for money.,2026-06-12
198,7723,,Packaging could be better.,2025-01-21
199,15634,4,"Loved it, will order again.",2026-06-15
200,14890,4,Food was cold on arrival.,2026-05-29
201,6121,1,Best biryani in town.,2025-12-21
202,2084,5,Would not recommend.,2026-02-06
203,13451,5,Delivery was late but food was good.,2024-12-31
204,7687,5,"Great food, arrived hot!",2025-10-12
205,13756,5,Perfect as always.,2025-10-20
206,17221,4,"Great food, arrived hot!",2026-03-30
207,16464,4,Value for money.,2024-10-24
208,4649,3,Would not recommend.,2025-08-09
209,19897,4,Rider was polite and quick.,2026-05-11
210,5247,2,"Great food, arrived hot!",2025-03-19
211,8510,5,Rider was polite and quick.,2024-06-17
212,1676,4,Portion size was small.,2026-02-03
213,24875,5,Order was missing an item.,2026-05-14
214,4047,5,Packaging could be better.,2026-06-06
215,20947,4,Would not recommend.,2024-02-04
216,18802,5,Would not recommend.,2025-05-01
217,7454,1,Portion size was small.,2025-10-09
218,20183,4,Fresh and tasty.,2024-11-05
219,10277,4,Absolutely delicious.,2025-11-27
220,20048,5,Best biryani in town.,2026-05-28
221,13004,5,Order was missing an item.,2025-09-30
222,22702,,Food was cold on arrival.,2026-02-25
223,18910,3,Food was cold on arrival.,2026-05-22
224,3896,5,Value for money.,2025-02-01
225,23610,5,Would not recommend.,2024-08-03
226,13520,2,"Great food, arrived hot!",2025-11-20
227,22645,3,Fresh and tasty.,2026-06-16
228,8561,5,Delivery was late but food was good.,2024-10-27
229,5884,5,"Great food, arrived hot!",2024-06-19
230,3292,,Portion size was small.,2026-03-22
231,1553,4,Portion size was small.,2025-12-09
232,2057,5,"Loved it, will order again.",2025-07-28
233,11820,3,Fresh and tasty.,25/06/2026
234,9443,5,Absolutely delicious.,2025-07-16
235,17566,5,Perfect as always.,2026-04-17
236,14649,3,Packaging could be better.,2025-12-04
237,24552,4,Order was missing an item.,2025-07-25
238,24399,4,Would not recommend.,2025-05-03
239,21340,5,Packaging could be better.,2025-12-06
240,8699,3,Portion size was small.,2025-10-10
241,18091,4,Portion size was small.,2025-12-14
242,5019,5,Packaging could be better.,2024-10-01
243,17233,5,Portion size was small.,2026-03-17
244,18443,5,Fresh and tasty.,2025-01-03
245,12952,3,Food was cold on arrival.,2026-02-23
246,3792,1,Order was missing an item.,2026-06-27
247,12811,5,Would not recommend.,2026-02-23
248,3331,4,Would not recommend.,2026-06-05
249,8716,4,Delivery was late but food was good.,2026-02-05
250,19022,4,Perfect as always.,2024-08-04
251,5639,4,Packaging could be better.,2024-10-21
252,19250,4,"Loved it, will order again.",2026-03-13
253,17580,1,Order was missing an item.,2024-09-28
254,12845,3,Value for money.,2025-09-01
255,19936,3,Delivery was late but food was good.,2025-04-09
256,13639,,Average experience.,2025-08-29
257,17598,3,Portion size was small.,02/12/2025
258,12086,3,Rider was polite and quick.,2025-08-08
259,11468,5,Packaging could be better.,2025-10-14
260,22731,3,Order was missing an item.,2025-02-05
261,15419,4,Absolutely delicious.,2026-02-03
262,23465,5,Fresh and tasty.,2026-06-29
263,2545,4,Rider was polite and quick.,2026-05-22
264,10412,4,Fresh and tasty.,2026-06-18
265,23001,5,Absolutely delicious.,2026-05-08
266,8890,4,Portion size was small.,2026-02-01
267,342,5,Would not recommend.,2025-03-24
268,663,4,Delivery was late but food was good.,2024-01-08
269,4971,4,Absolutely delicious.,2024-06-06
270,5987,5,Packaging could be better.,2026-05-05
271,17708,1,Absolutely delicious.,2026-06-26
272,23772,5,Would not recommend.,2025-09-23
273,6935,2,Packaging could be better.,2026-03-31
274,3082,4,Value for money.,2025-12-25
275,20376,3,Average experience.,2026-06-20
276,933,4,Value for money.,2025-04-24
277,6248,5,Fresh and tasty.,2024-04-03
278,6858,3,Food was cold on arrival.,2026-06-03
279,1475,5,Average experience.,2025-09-04
280,9296,5,Average experience.,2026-03-04
281,20297,4,Would not recommend.,2026-02-19
282,5006,4,Packaging could be better.,2024-09-21
283,22465,4,Absolutely delicious.,2026-05-30
284,3574,4,Average experience.,2024-07-05
285,21923,,Absolutely delicious.,2024-04-27
286,10488,1,Rider was polite and quick.,2025-12-24
287,1704,2,"Loved it, will order again.",2024-07-21
288,23592,4,Fresh and tasty.,2026-02-05
289,19174,3,Would not recommend.,2026-05-05
290,21944,4,"Loved it, will order again.",2026-03-29
291,10802,4,Rider was polite and quick.,2025-11-19
292,1360,5,"Great food, arrived hot!",2026-05-01
293,6257,3,Perfect as always.,2026-04-17
294,20210,3,Value for money.,2024-08-25
295,9934,,"Loved it, will order again.",2026-07-07
296,8402,3,Absolutely delicious.,2026-03-01
297,22427,3,Rider was polite and quick.,2025-08-17
298,12010,4,Average experience.,2025-12-28
299,9515,4,Rider was polite and quick.,2026-05-29
300,2110,5,Perfect as always.,2025-01-10
301,14412,4,Fresh and tasty.,2024-11-10
302,22580,4,Would not recommend.,2026-06-29
303,18808,5,Delivery was late but food was good.,2024-06-04
304,14511,3,Best biryani in town.,2026-03-23
305,16904,5,Packaging could be better.,2024-05-01
306,7821,5,Order was missing an item.,2024-08-04
307,9162,4,Average experience.,2025-08-06
308,3706,4,Best biryani in town.,2024-08-14
309,20160,2,Order was missing an item.,2025-11-01
310,9808,5,Best biryani in town.,2025-08-24
311,9866,4,Order was missing an item.,2025-10-12
312,16025,4,Delivery was late but food was good.,2026-06-10
313,1649,5,Absolutely delicious.,2024-07-13
314,24076,5,Food was cold on arrival.,2025-09-19
315,6125,3,Absolutely delicious.,2024-12-13
316,16082,4,Packaging could be better.,2025-11-13
317,19983,4,Best biryani in town.,2026-05-28
318,10417,4,Value for money.,2025-08-25
319,13963,4,Fresh and tasty.,2026-04-12
320,3060,1,Perfect as always.,2025-07-26
321,6201,4,Packaging could be better.,2026-03-29
322,700,5,Rider was polite and quick.,2025-12-24
323,24262,4,Rider was polite and quick.,2025-08-25
324,17773,5,Order was missing an item.,2026-05-06
325,6695,2,Perfect as always.,2024-11-10
326,9463,,Perfect as always.,2025-09-22
327,13061,3,Best biryani in town.,2026-03-05
328,9338,3,"Loved it, will order again.",2025-09-25
329,4390,5,Rider was polite and quick.,2024-02-05
330,21516,5,Portion size was small.,2024-03-27
331,10966,1,Perfect as always.,2025-02-28
332,21379,5,Average experience.,2026-04-26
333,9095,3,Average experience.,2026-03-31
334,15436,5,Delivery was late but food was good.,2025-08-02
335,7286,5,Order was missing an item.,2024-12-06
336,237,4,Delivery was late but food was good.,2025-04-19
337,9702,2,Delivery was late but food was good.,2025-12-10
338,11441,4,"Loved it, will order again.",2024-11-27
339,17579,4,"Great food, arrived hot!",2025-09-09
340,16694,5,Rider was polite and quick.,2025-11-15
341,7447,4,Packaging could be better.,2025-07-03
342,9801,5,Order was missing an item.,2025-06-01
343,13335,5,Packaging could be better.,2026-05-06
344,17326,4,Fresh and tasty.,2026-07-02
345,11683,4,Best biryani in town.,2024-09-28
346,6103,5,Order was missing an item.,2025-05-17
347,14025,5,"Loved it, will order again.",2025-06-28
348,6235,4,Would not recommend.,2024-03-14
349,9392,2,Best biryani in town.,2026-07-03
350,5004,4,Would not recommend.,2026-02-28
351,1136,4,Fresh and tasty.,2026-02-02
352,16073,3,Fresh and tasty.,2026-04-19
353,4707,3,"Loved it, will order again.",2025-01-31
354,2594,3,Absolutely delicious.,2026-07-09
355,9445,3,Would not recommend.,2024-02-24
356,24919,5,Order was missing an item.,2025-10-05
357,11810,1,Portion size was small.,2025-03-19
358,22893,4,Packaging could be better.,2025-08-03
359,15269,5,Average experience.,2024-11-27
360,22174,4,Perfect as always.,2026-04-17
361,2466,4,"Great food, arrived hot!",2026-05-10
362,13961,1,Fresh and tasty.,2026-05-04
363,19759,1,Packaging could be better.,2025-04-11
364,6526,1,Rider was polite and quick.,2025-07-22
365,24630,5,Absolutely delicious.,2026-01-27
366,9218,3,Would not recommend.,2026-04-04
367,1708,4,Packaging could be better.,2026-05-13
368,7832,5,Portion size was small.,2026-04-23
369,18322,5,Best biryani in town.,2026-03-07
370,8776,3,Portion size was small.,2025-10-30
371,9074,4,Fresh and tasty.,2025-10-04
372,14774,3,Would not recommend.,2025-04-16
373,9376,4,Packaging could be better.,2025-03-14
374,21733,5,Food was cold on arrival.,2026-05-19
375,6811,2,"Great food, arrived hot!",2025-09-18
376,838,4,Delivery was late but food was good.,2026-05-14
377,14668,4,Absolutely delicious.,2026-03-05
378,20595,4,Fresh and tasty.,30/05/2026
379,22876,5,Absolutely delicious.,2024-12-14
380,2227,4,Would not recommend.,2024-09-19
381,11944,5,Order was missing an item.,2025-08-02
382,10352,4,Average experience.,2024-05-06
383,914,5,Absolutely delicious.,2025-12-11
384,3951,3,Portion size was small.,2025-07-18
385,10884,4,Rider was polite and quick.,2025-01-31
386,21721,5,Delivery was late but food was good.,2025-10-15
387,248,3,Delivery was late but food was good.,2025-07-14
388,17928,4,Best biryani in town.,2026-05-25
389,24148,4,Best biryani in town.,2025-11-20
390,17111,3,Average experience.,2024-04-29
391,19482,4,Would not recommend.,2026-01-01
392,24593,4,"Great food, arrived hot!",2024-12-14
393,23867,3,"Loved it, will order again.",2025-07-02
394,19157,4,Food was cold on arrival.,2025-04-01
395,20562,4,Absolutely delicious.,2024-06-25
396,18328,5,Value for money.,2026-04-18
397,11662,3,Best biryani in town.,2025-07-02
398,15891,4,Rider was polite and quick.,2026-04-15
399,13194,2,Packaging could be better.,2025-02-24
400,14763,4,Rider was polite and quick.,2026-01-01
401,1769,2,Delivery was late but food was good.,2026-06-17
402,24164,5,Perfect as always.,2026-06-22
403,21015,3,Order was missing an item.,2026-06-23
404,1994,5,Rider was polite and quick.,2025-11-04
405,23456,2,Average experience.,2026-02-10
406,1006,4,Would not recommend.,2025-06-08
407,23251,2,Delivery was late but food was good.,2026-05-12
408,16819,5,Average experience.,2025-06-08
409,16249,4,Food was cold on arrival.,2026-05-22
410,17663,5,Order was missing an item.,2025-06-16
411,22816,1,Fresh and tasty.,2025-10-27
412,8560,4,Rider was polite and quick.,2024-05-05
413,273,2,Rider was polite and quick.,2024-04-10
414,23975,5,Packaging could be better.,2026-02-27
415,8633,,Delivery was late but food was good.,2024-05-01
416,18251,4,"Great food, arrived hot!",2024-03-17
417,22516,5,Fresh and tasty.,2026-02-26
418,15606,5,Food was cold on arrival.,2026-04-22
419,21907,3,Order was missing an item.,2024-10-20
420,10162,1,Fresh and tasty.,2026-06-23
421,711,4,Rider was polite and quick.,2024-04-04
422,15260,4,"Loved it, will order again.",2026-07-06
423,926,5,Best biryani in town.,2025-11-26
424,3003,2,Portion size was small.,2024-09-30
425,21578,5,Food was cold on arrival.,2026-06-18
426,4518,5,Food was cold on arrival.,2025-08-31
427,18420,2,"Loved it, will order again.",2024-04-18
428,16714,4,Perfect as always.,2024-10-14
429,20980,2,Absolutely delicious.,2025-09-27
430,20190,5,Packaging could be better.,2026-01-31
431,14709,5,Rider was polite and quick.,2026-06-08
432,2221,5,Would not recommend.,2025-05-27
433,13721,5,"Loved it, will order again.",2025-07-14
434,22919,4,Fresh and tasty.,2024-12-05
435,3735,3,Value for money.,2026-01-15
436,9389,5,Value for money.,2026-06-07
437,13788,5,Perfect as always.,2024-02-16
438,9809,5,Rider was polite and quick.,2026-05-29
439,13398,1,Order was missing an item.,2026-06-02
440,12238,5,Perfect as always.,2026-06-19
441,19766,3,Delivery was late but food was good.,2025-03-24
442,11730,4,"Great food, arrived hot!",2025-04-07
443,21643,5,Perfect as always.,23/01/2026
444,20555,2,Order was missing an item.,2025-11-23
445,2183,4,Portion size was small.,2025-10-22
446,9043,4,Order was missing an item.,2025-07-06
447,12879,4,Rider was polite and quick.,2024-11-18
448,19754,5,Portion size was small.,2025-08-06
449,9230,3,Packaging could be better.,2025-08-13
450,14818,4,Absolutely delicious.,2025-11-25
451,2254,5,Best biryani in town.,2025-10-01
452,8262,,Order was missing an item.,05/20/2026
453,4579,5,Portion size was small.,2025-12-10
454,5076,5,Portion size was small.,2025-09-25
455,20886,5,Best biryani in town.,2026-02-25
456,20814,2,Portion size was small.,2024-05-19
457,2637,5,Rider was polite and quick.,2026-01-01
458,11657,2,Perfect as always.,29/04/2026
459,7022,2,Packaging could be better.,2026-06-07
460,5502,5,Food was cold on arrival.,2025-09-19
461,24962,5,Average experience.,2025-07-17
462,2174,5,Food was cold on arrival.,2025-02-02
463,8370,5,Delivery was late but food was good.,2024-09-23
464,4453,5,"Loved it, will order again.",2026-01-04
465,1057,5,Fresh and tasty.,2026-05-28
466,8690,3,Order was missing an item.,2025-06-11
467,12548,5,Fresh and tasty.,2025-04-21
468,13,4,Delivery was late but food was good.,2026-04-21
469,1619,3,Portion size was small.,2025-04-24
470,19526,5,"Great food, arrived hot!",2026-01-22
471,12389,5,Food was cold on arrival.,2024-09-10
472,11545,5,Portion size was small.,2024-11-12
473,5410,4,Packaging could be better.,2026-05-11
474,21091,4,Food was cold on arrival.,2025-03-24
475,7303,4,Food was cold on arrival.,2026-07-03
476,11819,5,Fresh and tasty.,2025-06-01
477,19596,4,Perfect as always.,2026-01-23
478,3667,4,Absolutely delicious.,2024-05-28
479,16931,5,Portion size was small.,2026-01-19
480,3375,5,Food was cold on arrival.,2025-04-29
481,4048,4,Absolutely delicious.,2026-02-10
482,24167,4,Average experience.,2026-01-17
483,17329,3,Food was cold on arrival.,2026-01-29
484,13990,5,Would not recommend.,2025-04-26
485,5170,2,Fresh and tasty.,2026-04-18
486,9528,4,Fresh and tasty.,2025-09-29
487,11666,5,Absolutely delicious.,2026-06-18
488,7155,4,"Loved it, will order again.",2025-01-28
489,7495,4,Value for money.,2026-01-02
490,17717,4,Average experience.,2025-05-03
491,18376,5,Average experience.,2026-03-02
492,12239,4,Portion size was small.,2026-04-07
493,473,5,Portion size was small.,2026-06-20
494,23878,5,Perfect as always.,12/07/2025
495,24386,5,Perfect as always.,2026-04-05
496,2557,4,Perfect as always.,2024-12-25
497,9401,4,Delivery was late but food was good.,2024-03-05
498,1646,1,Perfect as always.,2024-05-01
499,18593,5,Packaging could be better.,2026-02-15
500,10820,5,"Loved it, will order again.",2026-01-29
501,14987,5,Value for money.,2026-05-22
502,23803,2,Delivery was late but food was good.,2025-04-02
503,4406,5,Would not recommend.,2024-03-12
504,19907,4,Value for money.,2025-12-10
505,1486,5,Perfect as always.,2025-09-06
506,12732,5,Would not recommend.,2025-09-26
507,7943,3,Rider was polite and quick.,2024-06-07
508,6874,3,Average experience.,2025-12-26
509,19751,3,Would not recommend.,2026-06-12
510,587,5,Packaging could be better.,2026-05-31
511,18790,2,Packaging could be better.,2025-09-13
512,20416,1,Rider was polite and quick.,2026-03-06
513,12004,5,Average experience.,2026-02-03
514,994,5,"Loved it, will order again.",2025-10-18
515,21449,5,Delivery was late but food was good.,2024-11-19
516,7824,5,"Great food, arrived hot!",2026-05-16
517,2786,3,"Loved it, will order again.",2026-01-09
518,1917,4,Portion size was small.,2025-07-03
519,409,5,Absolutely delicious.,2026-04-12
520,22005,3,Would not recommend.,2026-03-01
521,21469,5,Order was missing an item.,2025-12-13
522,10767,4,"Great food, arrived hot!",2025-09-11
523,7988,4,"Loved it, will order again.",2025-12-22
524,1862,3,Order was missing an item.,2026-06-15
525,23576,2,Packaging could be better.,2025-06-30
526,9228,3,Food was cold on arrival.,2024-12-18
527,4824,4,Fresh and tasty.,2024-03-01
528,7697,1,Perfect as always.,2024-05-05
529,15663,5,Absolutely delicious.,2024-09-25
530,15284,2,Would not recommend.,2026-04-03
531,14780,4,Portion size was small.,2025-01-02
532,3678,3,Would not recommend.,2025-12-18
533,8857,4,Absolutely delicious.,2026-01-17
534,24088,2,"Great food, arrived hot!",2025-04-02
535,14957,2,"Great food, arrived hot!",2026-04-11
536,6400,5,Average experience.,2026-03-25
537,7197,5,Value for money.,2025-11-17
538,21352,5,Perfect as always.,2025-08-21
539,16526,5,Average experience.,2026-01-07
540,10739,5,Best biryani in town.,2026-03-03
541,3638,4,Best biryani in town.,2026-06-10
542,1826,4,Would not recommend.,2026-06-27
543,19510,5,Order was missing an item.,2026-06-25
544,7371,5,"Loved it, will order again.",2026-02-16
545,15619,3,Delivery was late but food was good.,2026-04-10
546,13415,3,Food was cold on arrival.,2026-06-07
547,759,,Would not recommend.,2026-04-01
548,12766,3,Fresh and tasty.,2025-03-10
549,1954,1,Would not recommend.,2026-06-30
550,2472,,Would not recommend.,2026-04-03
551,12539,4,Food was cold on arrival.,2026-04-16
552,23004,5,Rider was polite and quick.,2024-05-30
553,21707,5,Packaging could be better.,2024-02-29
554,22185,5,Rider was polite and quick.,2025-12-31
555,12487,4,Fresh and tasty.,2026-05-04
556,4259,2,"Loved it, will order again.",2026-05-22
557,17975,4,Best biryani in town.,2024-01-23
558,7941,5,"Great food, arrived hot!",2026-04-07
559,1159,5,Value for money.,2026-06-21
560,14934,5,Best biryani in town.,2026-01-25
561,18071,5,Absolutely delicious.,2025-04-14
562,4322,4,Portion size was small.,2025-05-02
563,20040,4,Fresh and tasty.,2025-12-21
564,4056,4,Perfect as always.,2025-01-12
565,10747,4,Value for money.,2026-04-12
566,21109,3,Delivery was late but food was good.,2025-03-15
567,3378,3,Best biryani in town.,2026-04-18
568,4630,4,Value for money.,2025-08-30
569,9120,5,Order was missing an item.,2025-10-28
570,13165,3,Portion size was small.,2026-03-23
571,19251,2,Average experience.,2025-10-30
572,13663,4,Average experience.,2025-10-29
573,21743,5,Rider was polite and quick.,2025-10-16
574,16127,5,Food was cold on arrival.,2025-11-29
575,20823,4,Best biryani in town.,19/11/2025
576,12046,4,Value for money.,2026-05-12
577,5857,4,Portion size was small.,2026-05-16
578,8714,5,Order was missing an item.,2025-10-10
579,11057,5,Fresh and tasty.,2026-05-29
580,5735,2,Food was cold on arrival.,2026-04-01
581,23280,3,Fresh and tasty.,2025-09-26
582,15430,,Food was cold on arrival.,2026-05-14
583,7120,2,Fresh and tasty.,2026-06-08
584,8739,5,Perfect as always.,2026-01-13
585,20276,5,"Great food, arrived hot!",2026-02-28
586,15009,5,Absolutely delicious.,2026-01-01
587,15672,4,Food was cold on arrival.,2025-10-18
588,7904,5,Best biryani in town.,2024-11-18
589,2568,5,Food was cold on arrival.,2026-02-01
590,13849,5,"Loved it, will order again.",2026-03-18
591,14752,4,Perfect as always.,2025-10-24
592,9554,4,Packaging could be better.,2025-06-24
593,8936,1,Order was missing an item.,2026-03-27
594,20969,5,Absolutely delicious.,26/01/2026
595,8921,5,Best biryani in town.,2024-07-18
596,18947,5,Fresh and tasty.,2025-01-21
597,9310,4,"Great food, arrived hot!",2025-01-07
598,20460,1,"Loved it, will order again.",2025-03-23
599,10610,4,Perfect as always.,2026-04-05
600,1723,4,"Loved it, will order again.",2024-10-06
601,18004,5,Value for money.,2026-06-28
602,19771,4,Order was missing an item.,2025-09-02
603,5670,4,Order was missing an item.,2026-06-11
604,2391,4,Delivery was late but food was good.,2025-03-26
605,7395,5,Rider was polite and quick.,2024-11-18
606,15504,4,Rider was polite and quick.,2024-01-14
607,11373,5,Average experience.,2026-06-01
608,19135,2,Average experience.,2024-11-30
609,13464,,Absolutely delicious.,2024-03-11
610,11610,4,Packaging could be better.,2026-04-03
611,20776,1,Would not recommend.,2026-06-19
612,1513,3,Delivery was late but food was good.,2026-04-08
613,4712,3,Average experience.,2024-12-08
614,21076,3,Delivery was late but food was good.,2026-06-09
615,23335,4,Absolutely delicious.,2025-12-17
616,10293,3,Average experience.,2026-03-21
617,13632,3,"Great food, arrived hot!",2025-11-06
618,22829,5,"Great food, arrived hot!",2025-11-08
619,17556,3,Portion size was small.,2025-12-05
620,24563,5,Would not recommend.,2026-05-21
621,3768,5,Absolutely delicious.,2025-06-24
622,3568,4,Best biryani in town.,2026-06-01
623,20172,4,Perfect as always.,2025-12-18
624,18436,4,"Great food, arrived hot!",2025-11-20
625,22958,4,Value for money.,2025-11-22
626,7118,3,Rider was polite and quick.,2026-06-16
627,1575,4,Value for money.,2025-10-01
628,5041,2,Average experience.,03/04/2024
629,16457,2,Perfect as always.,2026-05-23
630,2903,5,Packaging could be better.,2026-03-30
631,18987,2,Order was missing an item.,2025-02-03
632,8733,5,Absolutely delicious.,2025-02-10
633,4020,5,Rider was polite and quick.,2026-07-10
634,17669,3,Packaging could be better.,2026-01-19
635,13110,3,Average experience.,2026-01-02
636,18263,4,Best biryani in town.,2025-04-13
637,1175,5,Average experience.,2026-04-08
638,3310,5,"Great food, arrived hot!",2024-05-28
639,7194,3,Delivery was late but food was good.,2025-10-14
640,8018,3,Average experience.,2026-02-11
641,22957,5,Food was cold on arrival.,2025-09-30
642,13425,,"Loved it, will order again.",2026-01-14
643,20353,4,Food was cold on arrival.,2025-10-27
644,21465,4,Packaging could be better.,2026-01-06
645,488,3,Rider was polite and quick.,2025-03-13
646,11868,2,Fresh and tasty.,2025-07-08
647,23018,5,Fresh and tasty.,2025-07-13
648,22622,5,Fresh and tasty.,2026-05-01
649,3396,4,Value for money.,2025-05-31
650,19081,4,"Loved it, will order again.",2025-04-10
651,20055,5,Average experience.,2025-09-09
652,2607,,Portion size was small.,2025-09-10
653,18224,5,Packaging could be better.,2026-05-17
654,24753,5,Fresh and tasty.,2026-03-12
655,17059,4,"Loved it, will order again.",2025-08-01
656,4140,4,"Great food, arrived hot!",2025-11-24
657,22049,5,Order was missing an item.,2024-07-02
658,8406,5,Order was missing an item.,2026-06-23
659,8454,1,Value for money.,2024-05-16
660,17433,5,"Great food, arrived hot!",2026-04-09
661,15490,3,"Loved it, will order again.",2024-04-05
662,8881,3,Food was cold on arrival.,2026-05-15
663,3965,4,Packaging could be better.,2026-02-28
664,119,,Best biryani in town.,2025-02-16
665,21723,5,Order was missing an item.,2025-08-10
666,20304,1,Fresh and tasty.,2025-04-22
667,22627,4,Delivery was late but food was good.,2025-01-02
668,19819,3,Average experience.,2025-09-04
669,5522,4,Fresh and tasty.,2025-12-04
670,6660,4,"Great food, arrived hot!",2025-07-15
671,13429,3,Would not recommend.,2025-09-26
672,1838,,Rider was polite and quick.,2026-03-16
673,10203,4,Rider was polite and quick.,2025-01-10
674,15233,5,Packaging could be better.,2024-01-15
675,7307,4,Perfect as always.,2026-01-29
676,9268,3,Packaging could be better.,2024-09-21
677,10644,4,Average experience.,2026-06-22
678,6101,3,Average experience.,2025-04-07
679,724,5,Perfect as always.,2026-03-21
680,20136,5,"Loved it, will order again.",2026-03-08
681,5051,4,Delivery was late but food was good.,2024-12-30
682,17835,4,Packaging could be better.,2025-06-28
683,1342,5,Value for money.,2025-11-23
684,11609,5,"Loved it, will order again.",2024-09-30
685,6029,3,Average experience.,2024-12-28
686,14637,5,Best biryani in town.,2025-10-25
687,17239,3,Best biryani in town.,2026-04-08
688,19721,3,Rider was polite and quick.,2025-11-06
689,21331,4,Packaging could be better.,2026-01-06
690,4958,4,Best biryani in town.,2025-02-24
691,10252,3,Portion size was small.,2025-08-03
692,13079,,Value for money.,2025-08-28
693,24841,5,Rider was polite and quick.,2026-05-19
694,9862,,Absolutely delicious.,2025-07-25
695,1861,,Perfect as always.,2025-01-15
696,6228,5,Perfect as always.,2026-04-02
697,13715,,Rider was polite and quick.,2026-02-12
698,13621,2,Absolutely delicious.,2024-03-07
699,7865,2,Absolutely delicious.,2024-04-15
700,2314,,Absolutely delicious.,2026-06-18
701,15185,5,Perfect as always.,2024-02-25
702,1617,4,Fresh and tasty.,2025-08-28
703,7293,5,Food was cold on arrival.,2026-01-19
704,6555,4,Best biryani in town.,2026-04-07
705,18687,2,Value for money.,2024-03-09
706,12076,3,Packaging could be better.,2024-10-17
707,14090,5,Order was missing an item.,2025-10-05
708,9631,5,Delivery was late but food was good.,2024-02-27
709,21399,5,Portion size was small.,2024-12-26
710,20349,4,"Great food, arrived hot!",2025-12-15
711,4726,4,Portion size was small.,2026-02-26
712,2573,,Food was cold on arrival.,2025-01-26
713,11783,1,Portion size was small.,03/26/2024
714,6504,5,"Great food, arrived hot!",2024-08-07
715,16505,1,Value for money.,2024-12-21
716,4817,,"Loved it, will order again.",2024-11-09
717,13045,5,Absolutely delicious.,2026-03-17
718,1033,4,Rider was polite and quick.,2026-05-22
719,11859,5,Delivery was late but food was good.,2026-06-28
720,24692,,Perfect as always.,2025-04-26
721,11334,3,Perfect as always.,2026-05-20
722,15957,,Average experience.,2026-01-17
723,699,4,Would not recommend.,2025-11-16
724,6805,5,Food was cold on arrival.,2026-05-11
725,9951,,Value for money.,2026-06-18
726,17589,,Best biryani in town.,2026-02-01
727,21561,1,Best biryani in town.,2025-08-29
728,3113,4,Portion size was small.,2026-06-01
729,21635,5,Rider was polite and quick.,2025-10-31
730,6113,4,"Great food, arrived hot!",2026-05-09
731,9319,,Value for money.,2026-06-10
732,15552,,"Loved it, will order again.",2026-06-21
733,1987,5,Average experience.,2025-05-20
734,8146,2,Portion size was small.,2025-08-28
735,2164,5,Fresh and tasty.,2024-11-22
736,1569,5,Packaging could be better.,2026-05-17
737,8168,4,Order was missing an item.,2026-05-19
738,24227,4,Value for money.,2026-05-31
739,10464,3,Food was cold on arrival.,2024-04-30
740,8108,5,"Great food, arrived hot!",2026-01-30
741,13199,2,Food was cold on arrival.,2024-11-23
742,21554,,Best biryani in town.,2026-03-26
743,14892,4,"Great food, arrived hot!",2026-06-11
744,2544,4,Fresh and tasty.,2024-09-10
745,17929,4,Fresh and tasty.,2026-06-03
746,11201,4,Perfect as always.,2024-10-31
747,12565,3,"Loved it, will order again.",2026-02-27
748,13959,4,Fresh and tasty.,2026-04-06
749,12817,4,Absolutely delicious.,2025-10-05
750,20254,2,"Great food, arrived hot!",2025-09-21
751,14965,2,Best biryani in town.,2025-10-09
752,9100,3,"Loved it, will order again.",2025-04-05
753,4511,5,Best biryani in town.,2025-05-25
754,23417,1,Food was cold on arrival.,2025-04-16
755,16922,5,Absolutely delicious.,2024-06-21
756,17728,5,Order was missing an item.,2026-06-17
757,21311,5,Delivery was late but food was good.,2025-07-17
758,4678,5,"Great food, arrived hot!",2026-06-18
759,9320,2,Packaging could be better.,2026-06-12
760,3301,4,Order was missing an item.,2025-11-18
761,10402,5,"Great food, arrived hot!",2026-05-28
762,12261,5,Fresh and tasty.,2025-06-14
763,15028,5,Portion size was small.,2025-08-24
764,22374,,Delivery was late but food was good.,2025-04-06
765,8918,4,"Great food, arrived hot!",2026-01-16
766,14387,5,Delivery was late but food was good.,2026-01-29
767,4842,4,Portion size was small.,2025-11-01
768,6926,5,"Loved it, will order again.",2026-06-17
769,2232,5,Would not recommend.,2026-06-20
770,22168,5,Value for money.,2025-08-17
771,6783,5,Packaging could be better.,2026-03-11
772,1945,4,Fresh and tasty.,2025-09-21
773,13357,4,Average experience.,2026-04-22
774,10799,5,Perfect as always.,2026-04-22
775,3264,4,Portion size was small.,2026-05-15
776,15176,5,"Great food, arrived hot!",2025-08-08
777,4338,5,Best biryani in town.,2025-04-02
778,10607,3,Fresh and tasty.,2026-04-01
779,10145,2,Value for money.,2025-10-26
780,2719,5,Perfect as always.,2026-02-26
781,10069,3,Delivery was late but food was good.,2026-03-26
782,16109,5,Delivery was late but food was good.,2026-04-03
783,12175,4,Value for money.,2026-05-21
784,10604,5,Perfect as always.,2026-05-03
785,7528,3,Value for money.,2024-08-11
786,4371,4,Value for money.,23/02/2026
787,9403,4,Delivery was late but food was good.,2026-04-04
788,14555,5,Fresh and tasty.,2025-12-27
789,7609,3,Food was cold on arrival.,2026-05-13
790,22821,4,Portion size was small.,2026-02-15
791,159,5,Delivery was late but food was good.,2025-05-30
792,14508,,Average experience.,2025-11-17
793,978,5,Absolutely delicious.,2026-03-29
794,11147,5,Average experience.,2025-05-26
795,3065,5,Food was cold on arrival.,2024-03-27
796,774,,Fresh and tasty.,2026-01-20
797,20430,5,Perfect as always.,2025-09-22
798,9148,5,Packaging could be better.,2026-02-14
799,17468,4,Order was missing an item.,2024-05-10
800,14939,5,"Loved it, will order again.",2026-03-07
801,16230,4,Absolutely delicious.,2025-04-01
802,6161,3,Food was cold on arrival.,2025-10-17
803,6819,4,Food was cold on arrival.,2026-04-17
804,11476,4,Order was missing an item.,2026-01-28
805,1567,5,Portion size was small.,2025-03-06
806,22595,4,Food was cold on arrival.,2024-10-06
807,13449,5,Best biryani in town.,2025-10-10
808,11380,4,"Great food, arrived hot!",2025-11-21
809,10187,5,Packaging could be better.,2024-05-26
810,3224,5,Order was missing an item.,2025-04-19
811,790,5,Value for money.,2025-07-10
812,20146,4,"Loved it, will order again.",2025-12-11
813,15972,5,Portion size was small.,2026-01-10
814,19280,5,Value for money.,2024-06-21
815,6428,4,Best biryani in town.,2026-03-07
816,15591,5,Rider was polite and quick.,2026-04-09
817,618,4,"Loved it, will order again.",11/10/2025
818,23248,4,Fresh and tasty.,2025-11-29
819,5848,4,Average experience.,2026-02-12
820,15546,5,Packaging could be better.,2026-02-25
821,13976,4,Packaging could be better.,2024-08-13
822,18546,5,Rider was polite and quick.,2026-06-27
823,1397,1,"Loved it, will order again.",2024-03-13
824,21631,5,Order was missing an item.,2025-03-20
825,7230,5,Portion size was small.,2025-02-18
826,14917,4,Food was cold on arrival.,2026-02-10
827,2649,5,Value for money.,2026-06-26
828,21098,5,Average experience.,2026-02-11
829,8279,5,Food was cold on arrival.,2026-01-13
830,16395,2,Food was cold on arrival.,2026-01-14
831,24215,5,Average experience.,2024-05-10
832,10491,1,Value for money.,2025-09-20
833,16514,5,Would not recommend.,2026-01-14
834,10360,2,Delivery was late but food was good.,2025-08-19
835,13711,5,Portion size was small.,2024-06-13
836,21182,5,Absolutely delicious.,2025-05-31
837,17923,4,Average experience.,2025-12-06
838,12174,,Food was cold on arrival.,2026-06-04
839,18769,5,Average experience.,2026-03-02
840,13779,4,Fresh and tasty.,2025-02-15
841,13416,4,Portion size was small.,2024-11-03
842,21614,5,"Great food, arrived hot!",2025-11-03
843,18362,5,Rider was polite and quick.,2026-06-27
844,9958,5,Fresh and tasty.,2026-06-07
845,16729,5,Delivery was late but food was good.,2024-12-08
846,2560,4,"Great food, arrived hot!",2026-02-27
847,18637,5,Delivery was late but food was good.,2026-02-05
848,1505,5,Packaging could be better.,2025-02-04
849,10005,1,Food was cold on arrival.,2026-06-11
850,5397,4,Packaging could be better.,2024-05-13
851,1498,4,Food was cold on arrival.,2025-06-05
852,454,3,"Loved it, will order again.",2025-11-22
853,5892,5,Would not recommend.,2025-10-15
854,22053,1,Packaging could be better.,2024-09-02
855,6829,4,Delivery was late but food was good.,2025-07-05
856,11613,3,Average experience.,2025-09-23
857,24152,4,Portion size was small.,2026-04-21
858,15500,3,Portion size was small.,2024-11-03
859,20469,4,Absolutely delicious.,2026-05-27
860,7298,5,Food was cold on arrival.,2025-11-02
861,16271,5,"Loved it, will order again.",2026-06-16
862,5339,5,Average experience.,2025-08-04
863,3349,3,"Loved it, will order again.",2026-06-09
864,20852,5,Delivery was late but food was good.,2025-08-15
865,12691,4,Absolutely delicious.,11/05/2026
866,19902,4,Value for money.,2025-06-17
867,11551,4,Value for money.,2024-09-20
868,8544,5,Average experience.,2026-07-05
869,18893,3,Best biryani in town.,2025-05-09
870,24341,5,Portion size was small.,2026-07-03
871,16093,5,Rider was polite and quick.,2026-02-18
872,4466,4,"Loved it, will order again.",2026-06-11
873,13207,5,Average experience.,2025-12-04
874,2115,1,Would not recommend.,2024-01-12
875,556,5,Rider was polite and quick.,09/10/2025
876,21062,3,Fresh and tasty.,2026-03-16
877,6163,3,Delivery was late but food was good.,2026-05-22
878,10936,5,Packaging could be better.,2025-10-21
879,570,5,Rider was polite and quick.,2025-04-30
880,20224,5,Rider was polite and quick.,2025-09-21
881,10004,4,Delivery was late but food was good.,2025-01-07
882,15525,1,Rider was polite and quick.,2024-05-21
883,22112,3,Average experience.,2025-07-29
884,1128,5,Delivery was late but food was good.,2026-01-18
885,4847,4,Perfect as always.,2025-05-18
886,6812,3,Best biryani in town.,2026-05-13
887,16679,4,"Great food, arrived hot!",2024-05-20
888,14517,4,Best biryani in town.,2026-05-10
889,4163,5,Order was missing an item.,2026-06-16
890,5145,4,Fresh and tasty.,2026-06-14
891,10725,4,Best biryani in town.,2026-06-22
892,22373,3,Would not recommend.,2026-04-13
893,12015,,Order was missing an item.,2026-03-24
894,15934,2,Delivery was late but food was good.,2025-02-15
895,23858,2,Portion size was small.,2025-05-08
896,12939,5,Absolutely delicious.,2025-08-08
897,4724,5,Value for money.,2026-01-12
898,1535,4,Rider was polite and quick.,2026-06-13
899,14795,2,Value for money.,2025-09-06
900,22574,4,Best biryani in town.,2024-10-29
901,7527,3,Perfect as always.,2025-07-13
902,9681,5,Perfect as always.,2026-02-01
903,22888,2,Delivery was late but food was good.,2026-01-15
904,15353,3,Absolutely delicious.,2024-09-30
905,2252,5,Packaging could be better.,2025-02-24
906,22665,4,Absolutely delicious.,2026-02-18
907,22222,3,Best biryani in town.,2026-01-06
908,18633,1,Delivery was late but food was good.,2025-03-31
909,21660,5,Best biryani in town.,2025-02-07
910,24594,4,Rider was polite and quick.,2026-05-09
911,15399,4,Average experience.,2025-05-29
912,21480,3,Average experience.,2025-04-01
913,3361,4,Fresh and tasty.,2026-02-13
914,13038,4,Average experience.,2025-05-26
915,23026,4,Best biryani in town.,2026-06-23
916,15152,5,Perfect as always.,2026-03-31
917,17895,5,Would not recommend.,2025-10-23
918,9417,1,Portion size was small.,2026-03-22
919,21260,4,Value for money.,2025-11-08
920,6899,4,Packaging could be better.,2024-12-20
921,16090,5,"Loved it, will order again.",2024-07-27
922,19889,4,Perfect as always.,2025-08-05
923,18035,4,Would not recommend.,2024-10-02
924,18794,4,Rider was polite and quick.,2024-05-19
925,18931,1,Food was cold on arrival.,2024-10-28
926,5815,5,Order was missing an item.,2024-11-12
927,782,4,Order was missing an item.,2024-10-16
928,707,5,Best biryani in town.,2025-05-31
929,14866,5,Average experience.,2025-06-17
930,21448,4,Rider was polite and quick.,2026-06-17
931,12009,4,Average experience.,2026-06-06
932,14875,5,Value for money.,2026-05-09
933,316,5,Average experience.,2026-06-26
934,218,3,Average experience.,2026-02-08
935,5353,1,Average experience.,2025-09-09
936,862,4,Delivery was late but food was good.,2026-03-08
937,16774,3,Rider was polite and quick.,2026-04-29
938,13599,5,"Great food, arrived hot!",2025-03-30
939,10690,4,Portion size was small.,2025-11-20
940,3938,4,Packaging could be better.,2025-11-09
941,2579,4,Would not recommend.,2025-07-23
942,24745,4,Fresh and tasty.,2026-05-16
943,21540,5,Delivery was late but food was good.,2025-03-15
944,4651,,Absolutely delicious.,2026-01-14
945,9202,4,Rider was polite and quick.,2026-06-27
946,11326,5,Would not recommend.,2024-07-12
947,10461,4,Value for money.,2025-10-02
948,20968,5,Order was missing an item.,2025-02-13
949,16745,4,Delivery was late but food was good.,2025-09-23
950,658,2,Perfect as always.,2024-12-26
951,286,3,Fresh and tasty.,2026-04-17
952,15005,3,Packaging could be better.,2025-09-19
953,5096,5,Best biryani in town.,2025-01-14
954,11316,3,Rider was polite and quick.,2026-06-20
955,7828,5,Best biryani in town.,2024-07-11
956,15209,3,Fresh and tasty.,2025-11-13
957,23408,2,Perfect as always.,2025-05-16
958,8731,4,Would not recommend.,2025-11-11
959,935,5,Order was missing an item.,2024-05-19
960,21356,3,Value for money.,2025-05-05
961,4552,5,Order was missing an item.,2026-06-03
962,15585,4,Absolutely delicious.,2026-03-01
963,22988,,Perfect as always.,2026-06-30
964,18425,5,Average experience.,2025-10-03
965,13972,4,Food was cold on arrival.,2025-06-12
966,11888,4,Rider was polite and quick.,2025-02-26
967,19516,5,Delivery was late but food was good.,2025-11-05
968,4304,4,Would not recommend.,2026-04-05
969,2210,5,Absolutely delicious.,17/12/2025
970,3661,3,Best biryani in town.,2025-09-20
971,23020,3,Portion size was small.,2024-03-09
972,6295,1,Absolutely delicious.,2025-09-26
973,3679,5,Average experience.,2024-12-11
974,7328,4,Portion size was small.,2025-12-21
975,24880,4,Perfect as always.,2025-10-28
976,24409,5,Portion size was small.,2026-06-24
977,14207,5,Value for money.,2025-12-27
978,2863,5,Food was cold on arrival.,2024-03-07
979,22399,4,Fresh and tasty.,10/02/2026
980,3834,5,Best biryani in town.,2025-02-28
981,21809,1,Fresh and tasty.,2025-05-26
982,352,3,Perfect as always.,2026-01-30
983,15777,,Packaging could be better.,2025-04-28
984,12749,5,Rider was polite and quick.,2026-07-01
985,6843,5,Portion size was small.,2026-03-15
986,6498,4,Food was cold on arrival.,2024-11-16
987,7448,5,Packaging could be better.,2026-06-25
988,18685,5,Portion size was small.,2026-03-19
989,9149,4,Portion size was small.,2026-06-18
990,11708,4,Average experience.,2024-10-29
991,10828,4,Absolutely delicious.,2025-10-25
992,21361,3,Delivery was late but food was good.,2025-12-11
993,11138,5,Value for money.,2026-03-12
994,9355,4,Absolutely delicious.,2026-02-03
995,11417,2,Value for money.,2024-08-28
996,18901,3,Value for money.,2025-06-19
997,9244,5,"Great food, arrived hot!",2025-11-17
998,24973,4,Average experience.,2026-07-08
999,8765,3,Absolutely delicious.,2026-01-02
1000,21934,4,Portion size was small.,2026-01-31
1001,14907,5,Delivery was late but food was good.,2025-08-03
1002,18496,5,Absolutely delicious.,2026-04-08
1003,13553,5,Packaging could be better.,2025-05-09
1004,14161,5,"Great food, arrived hot!",2026-04-09
1005,10559,3,Packaging could be better.,2025-08-04
1006,17571,5,Absolutely delicious.,2025-10-04
1007,115,4,Absolutely delicious.,2026-06-12
1008,11573,3,Packaging could be better.,2026-05-25
1009,23316,4,"Loved it, will order again.",2025-08-20
1010,17738,5,"Loved it, will order again.",2024-11-12
1011,20838,2,Best biryani in town.,2025-12-30
1012,6570,4,Packaging could be better.,2026-05-23
1013,6261,2,Value for money.,2026-01-09
1014,10562,5,Order was missing an item.,2025-01-06
1015,18065,1,"Great food, arrived hot!",2025-04-18
1016,4870,3,"Great food, arrived hot!",2025-09-04
1017,18650,5,"Loved it, will order again.",2024-03-03
1018,12228,5,Best biryani in town.,2024-11-18
1019,24675,5,Average experience.,2026-05-18
1020,23015,4,Delivery was late but food was good.,2025-02-11
1021,7403,5,Rider was polite and quick.,2025-03-16
1022,22514,4,Value for money.,2026-03-08
1023,7302,5,Absolutely delicious.,2025-04-01
1024,6482,3,"Loved it, will order again.",2024-10-21
1025,20765,4,Value for money.,2026-01-08
1026,10318,,Packaging could be better.,2025-09-26
1027,2583,4,Delivery was late but food was good.,2025-10-03
1028,11436,4,Would not recommend.,2026-03-16
1029,15514,5,"Loved it, will order again.",12/04/2026
1030,5762,5,Packaging could be better.,2025-12-26
1031,16986,5,Rider was polite and quick.,2026-05-06
1032,23189,3,Would not recommend.,2025-12-28
1033,5049,,Absolutely delicious.,2026-05-31
1034,21424,5,Value for money.,2025-06-15
1035,22045,4,Perfect as always.,2025-12-17
1036,21697,2,Food was cold on arrival.,2025-04-10
1037,20797,4,Rider was polite and quick.,2026-03-11
1038,12760,5,"Great food, arrived hot!",2026-05-26
1039,4485,5,"Great food, arrived hot!",2026-06-13
1040,9441,5,Food was cold on arrival.,2025-10-29
1041,2461,,Value for money.,2025-09-19
1042,24424,5,Absolutely delicious.,2024-05-20
1043,22710,1,Order was missing an item.,2025-06-04
1044,13401,4,Order was missing an item.,2025-09-28
1045,16342,4,"Loved it, will order again.",2025-12-24
1046,8133,3,Perfect as always.,2026-04-15
1047,4332,1,Packaging could be better.,2025-08-10
1048,22426,5,Would not recommend.,2025-06-25
1049,712,3,Would not recommend.,2025-06-17
1050,3017,5,"Great food, arrived hot!",2025-12-26
1051,21941,4,Rider was polite and quick.,2025-11-15
1052,21411,3,Value for money.,2024-12-14
1053,6240,1,Average experience.,2026-02-05
1054,5040,4,Packaging could be better.,2026-06-04
1055,18827,4,Order was missing an item.,2025-06-27
1056,4425,4,Order was missing an item.,2026-05-14
1057,7160,5,Value for money.,2026-02-14
1058,11098,5,Delivery was late but food was good.,2025-06-20
1059,23606,5,Absolutely delicious.,2026-04-28
1060,7869,2,Delivery was late but food was good.,2026-06-24
1061,13881,3,Would not recommend.,2025-06-23
1062,14004,3,Fresh and tasty.,2025-06-10
1063,18928,2,Absolutely delicious.,2025-02-10
1064,9016,4,Perfect as always.,2026-04-12
1065,2804,5,Would not recommend.,2026-02-27
1066,18581,4,Average experience.,2025-10-23
1067,514,2,Perfect as always.,2025-01-09
1068,20317,1,"Loved it, will order again.",2026-06-21
1069,13385,5,Fresh and tasty.,2026-02-27
1070,4779,5,Order was missing an item.,2025-10-13
1071,8937,4,Value for money.,2025-04-18
1072,23801,1,"Loved it, will order again.",2026-04-15
1073,5061,4,Absolutely delicious.,2026-06-06
1074,3872,3,Fresh and tasty.,2026-06-09
1075,3956,4,Absolutely delicious.,2026-04-01
1076,15683,5,Would not recommend.,20/08/2025
1077,22890,3,Portion size was small.,2025-10-26
1078,3642,1,Delivery was late but food was good.,2025-02-13
1079,4782,5,Rider was polite and quick.,2026-01-12
1080,6969,,Perfect as always.,2024-03-20
1081,20876,5,Would not recommend.,2025-12-13
1082,10422,5,Rider was polite and quick.,2026-02-02
1083,23458,5,Average experience.,2025-04-22
1084,16826,2,Delivery was late but food was good.,2026-06-27
1085,24285,3,Average experience.,2025-06-07
1086,13196,5,Perfect as always.,2025-01-05
1087,13850,5,Portion size was small.,2024-02-18
1088,2847,2,Value for money.,2024-12-17
1089,18378,5,Food was cold on arrival.,2025-11-09
1090,1383,4,Rider was polite and quick.,2024-12-27
1091,6436,4,Best biryani in town.,2026-06-12
1092,23727,5,Value for money.,2025-02-08
1093,12465,5,Average experience.,2026-05-23
1094,12532,2,Portion size was small.,2026-06-02
1095,7150,5,Order was missing an item.,2025-09-03
1096,345,5,"Great food, arrived hot!",2026-06-07
1097,20514,4,Food was cold on arrival.,2026-05-24
1098,11748,4,Portion size was small.,2025-07-29
1099,21481,2,Food was cold on arrival.,2026-05-08
1100,1775,4,Value for money.,2026-03-13
1101,2887,5,Order was missing an item.,2026-06-23
1102,7922,5,Best biryani in town.,2026-06-25
1103,13596,5,Absolutely delicious.,2024-12-21
1104,3521,4,Food was cold on arrival.,2026-01-23
1105,6678,4,Best biryani in town.,2026-05-25
1106,5501,4,Packaging could be better.,2026-04-06
1107,8125,4,Portion size was small.,30/06/2025
1108,12840,5,Order was missing an item.,2026-03-19
1109,20227,5,Food was cold on arrival.,2025-11-16
1110,23997,5,Best biryani in town.,2026-02-11
1111,15817,5,Absolutely delicious.,2024-12-13
1112,14522,4,Value for money.,2025-11-27
1113,12591,4,Delivery was late but food was good.,2025-12-19
1114,24305,4,Portion size was small.,2026-05-14
1115,23027,5,"Loved it, will order again.",2025-01-31
1116,21240,5,"Loved it, will order again.",2026-03-20
1117,9122,3,Would not recommend.,2025-12-14
1118,10031,3,Delivery was late but food was good.,2026-01-10
1119,5622,4,Packaging could be better.,2025-12-31
1120,18773,3,"Loved it, will order again.",2026-05-25
1121,1227,,Best biryani in town.,2026-01-21
1122,1650,3,Packaging could be better.,2026-03-13
1123,22169,5,Best biryani in town.,2026-03-29
1124,12912,,Delivery was late but food was good.,2024-06-04
1125,3019,5,Packaging could be better.,2026-07-04
1126,24406,,Rider was polite and quick.,2026-01-26
1127,6704,1,Best biryani in town.,2026-01-18
1128,1000,5,Would not recommend.,2024-05-21
1129,20105,5,"Loved it, will order again.",2025-08-27
1130,5658,4,Absolutely delicious.,2025-09-15
1131,10916,5,Packaging could be better.,2025-11-13
1132,1311,5,Packaging could be better.,2026-05-19
1133,3820,5,Food was cold on arrival.,2026-05-23
1134,8209,5,Order was missing an item.,2026-06-20
1135,19892,4,Would not recommend.,2026-05-03
1136,1868,4,Packaging could be better.,2026-04-22
1137,8589,3,Portion size was small.,2025-08-11
1138,5595,5,"Loved it, will order again.",2026-06-11
1139,23506,4,"Great food, arrived hot!",2024-07-25
1140,17195,5,Perfect as always.,2025-01-24
1141,4005,4,Delivery was late but food was good.,2025-02-22
1142,24646,5,Packaging could be better.,2024-10-13
1143,17203,,Value for money.,2026-06-13
1144,12439,2,Best biryani in town.,2025-08-12
1145,24829,4,Delivery was late but food was good.,2026-05-18
1146,7874,3,Would not recommend.,2025-08-17
1147,19086,5,"Great food, arrived hot!",2026-02-14
1148,17736,3,Delivery was late but food was good.,2024-08-07
1149,22060,5,Value for money.,2025-07-27
1150,24034,,Value for money.,2025-11-09
1151,15697,3,Would not recommend.,2024-07-26
1152,9178,1,Value for money.,2025-09-15
1153,19188,3,Best biryani in town.,2026-02-13
1154,23492,4,Average experience.,2025-05-17
1155,5203,5,Average experience.,2025-07-18
1156,5408,2,"Loved it, will order again.",2025-02-28
1157,1716,4,Food was cold on arrival.,2026-01-08
1158,24541,2,Portion size was small.,2025-07-21
1159,21192,5,Would not recommend.,2026-03-16
1160,9276,4,Value for money.,2024-08-12
1161,1079,5,Perfect as always.,2026-04-14
1162,8192,4,Best biryani in town.,2026-02-10
1163,21029,5,Packaging could be better.,2025-05-21
1164,18446,4,"Great food, arrived hot!",2026-05-25
1165,13853,5,Average experience.,2025-02-07
1166,19589,2,Fresh and tasty.,2025-10-22
1167,13053,5,Perfect as always.,2025-09-09
1168,18207,5,Fresh and tasty.,2025-07-25
1169,16454,3,Order was missing an item.,2026-05-26
1170,18413,4,Rider was polite and quick.,2026-01-21
1171,6259,5,Value for money.,2026-03-02
1172,14200,2,Food was cold on arrival.,2025-04-04
1173,5587,4,Perfect as always.,2025-03-11
1174,21086,1,Order was missing an item.,2024-11-22
1175,15221,5,Absolutely delicious.,2026-04-22
1176,1657,5,"Great food, arrived hot!",2025-12-07
1177,12994,5,Delivery was late but food was good.,2025-01-13
1178,2662,4,"Great food, arrived hot!",2026-05-24
1179,13516,5,Portion size was small.,2026-06-09
1180,23971,5,"Loved it, will order again.",2026-06-24
1181,11887,4,"Loved it, will order again.",2025-08-12
1182,20459,5,Fresh and tasty.,2026-06-22
1183,12290,3,Order was missing an item.,2026-06-12
1184,3102,5,Best biryani in town.,2025-12-10
1185,12846,4,Food was cold on arrival.,2026-01-10
1186,1762,3,"Loved it, will order again.",2026-04-24
1187,13810,5,"Loved it, will order again.",2025-12-01
1188,18360,3,Delivery was late but food was good.,2025-08-11
1189,24938,1,Average experience.,2025-10-24
1190,18368,5,Fresh and tasty.,2026-02-09
1191,16993,4,"Great food, arrived hot!",2025-07-23
1192,2790,5,Delivery was late but food was good.,2024-05-15
1193,15796,5,Delivery was late but food was good.,2025-06-24
1194,1631,2,Average experience.,2025-12-19
1195,5126,1,Value for money.,2026-02-09
1196,18632,4,"Great food, arrived hot!",2024-11-09
1197,24308,3,Food was cold on arrival.,2026-06-15
1198,21420,,Packaging could be better.,2024-04-17
1199,21484,4,Value for money.,2025-01-27
1200,20960,4,"Great food, arrived hot!",02/17/2024
1201,24928,5,Packaging could be better.,2024-08-29
1202,21009,1,Delivery was late but food was good.,2026-06-02
1203,23608,3,Absolutely delicious.,2024-09-25
1204,104,5,Fresh and tasty.,2025-07-12
1205,14849,5,Would not recommend.,2025-05-31
1206,4093,2,Food was cold on arrival.,2026-04-21
1207,16918,4,Would not recommend.,2026-06-23
1208,14065,4,Best biryani in town.,2024-02-27
1209,2105,1,Absolutely delicious.,2026-06-12
1210,15628,3,Delivery was late but food was good.,2024-05-10
1211,16107,2,Food was cold on arrival.,2024-09-14
1212,19707,4,Would not recommend.,2026-05-07
1213,14698,4,Fresh and tasty.,2026-04-26
1214,15444,5,Order was missing an item.,2026-01-22
1215,18807,4,Portion size was small.,2026-07-03
1216,4689,4,Average experience.,2024-08-25
1217,22714,5,Rider was polite and quick.,2025-11-15
1218,15082,5,Order was missing an item.,2026-01-15
1219,13062,5,Would not recommend.,2026-06-30
1220,15048,3,Portion size was small.,2025-07-16
1221,3824,5,Average experience.,2026-02-16
1222,18444,2,Fresh and tasty.,2026-04-04
1223,7984,3,Best biryani in town.,2024-02-26
1224,7139,5,Best biryani in town.,2025-01-13
1225,10456,2,Would not recommend.,2025-10-21
1226,8858,5,Value for money.,2026-06-22
1227,1194,4,Order was missing an item.,2025-01-10
1228,24087,5,Would not recommend.,2026-01-15
1229,8007,3,Order was missing an item.,2025-11-07
1230,18066,4,Would not recommend.,2025-08-15
1231,18095,5,Portion size was small.,2025-03-29
1232,18622,4,Perfect as always.,2025-09-14
1233,45,5,Fresh and tasty.,2026-05-11
1234,15866,,Absolutely delicious.,2024-07-22
1235,19122,5,Delivery was late but food was good.,2025-06-05
1236,17744,4,Portion size was small.,2025-09-20
1237,6142,4,Would not recommend.,2025-07-03
1238,7209,5,"Great food, arrived hot!",2026-06-25
1239,2761,2,Perfect as always.,2026-01-10
1240,24011,4,"Great food, arrived hot!",2025-02-17
1241,22932,4,Rider was polite and quick.,2026-06-03
1242,13784,5,Best biryani in town.,2026-03-13
1243,18254,5,Packaging could be better.,2026-04-09
1244,24736,4,Rider was polite and quick.,2026-01-13
1245,12888,3,Value for money.,2026-03-16
1246,20849,5,Order was missing an item.,2025-04-25
1247,20288,1,Average experience.,2024-02-16
1248,86,4,Delivery was late but food was good.,2024-12-19
1249,1559,4,Delivery was late but food was good.,2025-03-06
1250,951,5,Perfect as always.,2026-07-04
1251,5528,3,Value for money.,2026-06-07
1252,6871,5,Average experience.,2026-02-14
1253,19123,1,Average experience.,2026-07-04
1254,14202,5,Fresh and tasty.,2025-08-17
1255,21870,4,Would not recommend.,03/11/2026
1256,15139,3,Perfect as always.,2024-03-26
1257,7397,4,"Loved it, will order again.",2026-07-02
1258,1088,4,Best biryani in town.,11/11/2025
1259,10830,5,Order was missing an item.,2025-10-25
1260,12944,4,"Great food, arrived hot!",2024-10-08
1261,6725,4,Perfect as always.,2025-12-29
1262,6383,2,Fresh and tasty.,2024-01-11
1263,2331,5,Portion size was small.,2026-04-29
1264,2116,4,Rider was polite and quick.,2026-05-15
1265,19109,4,Delivery was late but food was good.,2025-12-11
1266,18595,4,"Loved it, will order again.",2026-05-29
1267,7651,4,"Loved it, will order again.",2026-04-23
1268,12431,3,Packaging could be better.,2025-08-28
1269,15971,2,Average experience.,2026-05-15
1270,2014,1,Absolutely delicious.,2026-03-16
1271,21862,5,Packaging could be better.,2026-04-14
1272,21575,2,Average experience.,2025-10-08
1273,22898,5,Fresh and tasty.,2025-10-02
1274,22018,2,Best biryani in town.,2024-12-23
1275,3286,5,Order was missing an item.,2025-05-16
1276,2774,1,Portion size was small.,2025-07-14
1277,8261,5,Absolutely delicious.,2026-01-28
1278,10350,4,Order was missing an item.,2024-09-07
1279,17761,4,Value for money.,2026-06-04
1280,8432,4,"Loved it, will order again.",2026-04-05
1281,13417,5,Packaging could be better.,2026-02-15
1282,18050,1,Average experience.,2026-01-21
1283,8047,,"Great food, arrived hot!",2026-01-24
1284,8988,4,Packaging could be better.,2026-02-20
1285,12599,4,Delivery was late but food was good.,2025-05-16
1286,391,3,Average experience.,2026-02-23
1287,13333,4,Fresh and tasty.,2026-04-16
1288,2661,5,"Great food, arrived hot!",2026-06-19
1289,23019,2,Average experience.,2026-02-22
1290,16845,4,Packaging could be better.,2024-08-02
1291,20186,,Average experience.,2025-05-02
1292,23517,3,Average experience.,2026-06-25
1293,8071,4,Packaging could be better.,2024-03-12
1294,17496,4,Would not recommend.,2026-06-26
1295,22215,2,Portion size was small.,2025-12-30
1296,10481,3,Perfect as always.,2026-05-31
1297,6529,5,Portion size was small.,2026-07-01
1298,13835,2,Order was missing an item.,2026-01-19
1299,22388,5,Food was cold on arrival.,2026-06-08
1300,4736,,Rider was polite and quick.,2024-12-25
1301,19853,5,Food was cold on arrival.,2026-04-13
1302,15661,4,Packaging could be better.,2026-04-02
1303,15242,5,Would not recommend.,2025-08-16
1304,14192,1,Delivery was late but food was good.,2026-02-06
1305,11203,5,Perfect as always.,2026-02-07
1306,24181,3,Food was cold on arrival.,2026-05-17
1307,3945,5,Fresh and tasty.,2025-08-21
1308,4738,5,Food was cold on arrival.,2025-12-20
1309,19685,3,Food was cold on arrival.,2026-06-23
1310,19914,3,Rider was polite and quick.,2026-04-08
1311,2842,5,Fresh and tasty.,2026-06-20
1312,8111,5,Food was cold on arrival.,2025-10-12
1313,20133,3,Delivery was late but food was good.,2025-10-02
1314,8091,1,Average experience.,2024-06-17
1315,1435,5,"Loved it, will order again.",2024-04-08
1316,9646,5,Absolutely delicious.,2025-04-03
1317,8680,4,Perfect as always.,2026-02-02
1318,9036,,Portion size was small.,2025-09-25
1319,23580,5,Food was cold on arrival.,2026-06-10
1320,4444,5,Value for money.,2024-10-09
1321,15281,,Value for money.,2025-01-20
1322,14218,5,Portion size was small.,2024-02-06
1323,10020,5,Food was cold on arrival.,2025-01-18
1324,20280,4,Rider was polite and quick.,2026-02-23
1325,20679,3,Best biryani in town.,2024-10-18
1326,23743,4,"Great food, arrived hot!",2025-03-13
1327,3125,5,Food was cold on arrival.,2025-04-29
1328,19585,5,Delivery was late but food was good.,2025-10-17
1329,6460,5,"Great food, arrived hot!",2025-04-27
1330,12724,5,Perfect as always.,2026-02-11
1331,8008,4,Average experience.,2025-06-24
1332,5819,4,Fresh and tasty.,2025-08-05
1333,14791,5,Best biryani in town.,2024-02-23
1334,18762,5,Best biryani in town.,2025-11-22
1335,21621,4,"Loved it, will order again.",2025-07-23
1336,22532,4,"Loved it, will order again.",2024-12-28
1337,10204,4,Food was cold on arrival.,2026-04-14
1338,12985,5,Food was cold on arrival.,2026-05-23
1339,21114,5,Packaging could be better.,2025-06-01
1340,11317,5,Portion size was small.,2025-08-26
1341,6962,5,Rider was polite and quick.,2026-05-16
1342,5013,2,Would not recommend.,2024-07-07
1343,20517,5,Perfect as always.,2025-12-24
1344,602,5,Delivery was late but food was good.,2026-03-25
1345,13177,5,Best biryani in town.,2026-01-17
1346,21520,5,Packaging could be better.,2026-02-03
1347,1130,5,Absolutely delicious.,2025-11-24
1348,23172,5,Packaging could be better.,2026-05-15
1349,7829,2,Perfect as always.,2025-01-31
1350,19049,4,Fresh and tasty.,2025-12-22
1351,16613,5,Rider was polite and quick.,2024-08-01
1352,8824,1,Value for money.,2024-09-22
1353,19573,5,Best biryani in town.,2025-08-23
1354,24809,4,Absolutely delicious.,2025-12-06
1355,15204,3,"Loved it, will order again.",2026-04-14
1356,203,5,Average experience.,2025-10-21
1357,2025,,"Loved it, will order again.",2026-02-25
1358,11537,5,Would not recommend.,2025-01-28
1359,23200,5,Would not recommend.,2026-06-23
1360,17874,5,Food was cold on arrival.,2026-06-14
1361,20482,5,Packaging could be better.,2026-06-21
1362,1142,2,Perfect as always.,2026-01-28
1363,2113,4,Best biryani in town.,2025-03-03
1364,12108,3,Best biryani in town.,2026-04-03
1365,8036,5,Packaging could be better.,2026-01-12
1366,15390,4,"Loved it, will order again.",2026-03-20
1367,19999,4,Would not recommend.,2025-08-09
1368,10984,4,Would not recommend.,2024-11-06
1369,9399,5,Food was cold on arrival.,2026-06-08
1370,644,5,Fresh and tasty.,2026-03-14
1371,22891,5,Packaging could be better.,2026-05-25
1372,7168,5,Packaging could be better.,2025-10-27
1373,448,5,Average experience.,2026-06-29
1374,13830,4,"Great food, arrived hot!",2024-04-21
1375,20355,4,Packaging could be better.,2026-06-24
1376,7841,3,Packaging could be better.,2025-12-20
1377,19398,3,Average experience.,2024-12-16
1378,18725,4,"Great food, arrived hot!",12/06/2025
1379,18540,,Packaging could be better.,2025-02-02
1380,5937,1,"Great food, arrived hot!",2025-12-12
1381,6816,5,Food was cold on arrival.,2025-09-26
1382,20123,2,Absolutely delicious.,2026-04-16
1383,21509,5,Delivery was late but food was good.,2026-06-10
1384,22973,3,Would not recommend.,2026-04-04
1385,21223,5,Value for money.,2026-01-13
1386,19166,5,Perfect as always.,2025-09-21
1387,10379,5,Perfect as always.,2025-04-05
1388,18039,5,"Loved it, will order again.",2024-11-08
1389,15350,3,Absolutely delicious.,2026-06-16
1390,17866,4,Portion size was small.,2026-05-16
1391,9955,4,"Great food, arrived hot!",2025-03-10
1392,12307,1,Rider was polite and quick.,2025-06-21
1393,21050,5,Fresh and tasty.,2024-07-04
1394,11828,3,Rider was polite and quick.,2026-02-01
1395,2748,5,Packaging could be better.,2026-02-26
1396,9433,4,Value for money.,2026-02-09
1397,13980,4,Fresh and tasty.,2026-05-03
1398,11962,1,Packaging could be better.,2026-04-11
1399,20606,1,Would not recommend.,2024-07-29
1400,7503,2,Perfect as always.,2026-01-13
1401,3306,3,Rider was polite and quick.,2024-12-07
1402,7431,5,Best biryani in town.,2025-07-27
1403,19266,4,Value for money.,2025-05-20
1404,1127,4,"Great food, arrived hot!",2026-01-27
1405,11280,4,Rider was polite and quick.,2024-12-14
1406,15746,5,Portion size was small.,2026-02-27
1407,16168,5,"Loved it, will order again.",2026-05-20
1408,22216,4,Packaging could be better.,2025-05-11
1409,22913,4,Best biryani in town.,2026-02-26
1410,23285,2,Best biryani in town.,2024-11-06
1411,19830,5,Rider was polite and quick.,2024-11-03
1412,3524,4,Portion size was small.,2024-01-19
1413,12189,5,Order was missing an item.,2025-04-30
1414,13878,,Absolutely delicious.,2025-03-26
1415,18237,4,"Loved it, will order again.",2025-01-30
1416,3406,4,Absolutely delicious.,2025-10-07
1417,7589,,"Great food, arrived hot!",2024-07-18
1418,683,,Best biryani in town.,2025-03-14
1419,347,5,"Loved it, will order again.",2025-07-24
1420,140,5,Portion size was small.,2025-08-28
1421,16909,4,Perfect as always.,2026-06-28
1422,21382,4,Average experience.,2024-08-24
1423,2214,4,Delivery was late but food was good.,2024-06-13
1424,4541,3,Would not recommend.,2026-05-15
1425,21281,5,Fresh and tasty.,2026-06-16
1426,1066,5,Average experience.,2025-08-22
1427,1309,4,"Loved it, will order again.",2026-05-19
1428,19375,5,Absolutely delicious.,05/07/2025
1429,5500,5,Best biryani in town.,2024-05-18
1430,11847,5,Best biryani in town.,2025-10-07
1431,1587,5,Food was cold on arrival.,2024-03-21
1432,20250,3,"Great food, arrived hot!",2026-04-30
1433,16392,4,Delivery was late but food was good.,2025-05-10
1434,17897,5,Order was missing an item.,2025-07-03
1435,13291,1,Portion size was small.,2025-12-22
1436,23024,4,Average experience.,2025-10-19
1437,390,,Would not recommend.,2025-03-04
1438,21860,4,Packaging could be better.,2024-04-12
1439,18771,4,"Great food, arrived hot!",2026-01-31
1440,8974,,Delivery was late but food was good.,2026-05-16
1441,19469,5,Food was cold on arrival.,2026-03-03
1442,24654,4,Would not recommend.,2026-04-06
1443,8362,5,Best biryani in town.,2025-05-20
1444,2477,3,Order was missing an item.,2026-04-20
1445,6738,4,Delivery was late but food was good.,2025-02-06
1446,10192,5,Perfect as always.,2025-01-29
1447,2243,5,Perfect as always.,2025-12-23
1448,10266,4,Food was cold on arrival.,2025-03-17
1449,7861,4,Average experience.,2025-07-21
1450,15044,4,"Loved it, will order again.",2026-06-10
1451,17915,4,Portion size was small.,2025-11-13
1452,13081,4,Would not recommend.,2025-02-02
1453,21597,5,Perfect as always.,2026-04-02
1454,1764,5,Packaging could be better.,2025-03-22
1455,4916,4,Delivery was late but food was good.,2024-04-08
1456,21203,4,Absolutely delicious.,2024-01-14
1457,18512,,"Great food, arrived hot!",2026-05-14
1458,15733,2,Rider was polite and quick.,2026-02-05
1459,23768,3,"Great food, arrived hot!",2026-01-21
1460,15482,,Average experience.,2024-11-15
1461,4422,5,Rider was polite and quick.,2025-09-07
1462,136,5,Would not recommend.,2024-02-16
1463,14173,,Average experience.,2026-04-18
1464,10637,5,Delivery was late but food was good.,2025-07-20
1465,980,5,Best biryani in town.,2025-11-09
1466,22818,4,Packaging could be better.,2025-08-28
1467,9397,2,Rider was polite and quick.,2025-09-20
1468,7002,4,Delivery was late but food was good.,2026-04-04
1469,11080,4,Absolutely delicious.,2025-10-30
1470,1499,4,Rider was polite and quick.,2024-04-04
1471,21290,5,Average experience.,2026-06-24
1472,15318,5,Best biryani in town.,2025-05-20
1473,7748,4,Perfect as always.,2025-03-27
1474,18664,5,Portion size was small.,2024-10-02
1475,14826,1,Delivery was late but food was good.,2025-10-17
1476,14344,5,Value for money.,2025-01-02
1477,19403,2,Best biryani in town.,2024-02-13
1478,17861,2,Portion size was small.,2026-02-19
1479,19765,5,Packaging could be better.,2026-04-18
1480,22217,5,Food was cold on arrival.,2024-12-06
1481,11489,4,Rider was polite and quick.,2025-05-17
1482,12500,4,"Loved it, will order again.",2024-07-17
1483,21813,2,Delivery was late but food was good.,2026-04-17
1484,24904,5,Average experience.,2025-01-05
1485,7671,5,Order was missing an item.,2026-05-22
1486,22947,1,Fresh and tasty.,2024-11-25
1487,21545,4,Fresh and tasty.,2026-05-05
1488,23485,2,Value for money.,2025-02-19
1489,7106,4,Absolutely delicious.,2026-06-28
1490,3801,5,Average experience.,2025-01-31
1491,12007,3,Perfect as always.,2026-04-25
1492,7685,3,Best biryani in town.,2024-03-28
1493,24473,2,Fresh and tasty.,2026-04-06
1494,7898,2,Absolutely delicious.,2026-05-27
1495,10926,1,Order was missing an item.,2024-12-31
1496,23554,2,Average experience.,2026-02-23
1497,22649,4,Perfect as always.,2025-11-03
1498,19491,5,Average experience.,2025-10-11
1499,10499,5,Order was missing an item.,2026-06-20
1500,18186,1,Absolutely delicious.,2026-05-03
1501,18393,2,Rider was polite and quick.,2025-11-25
1502,4049,5,Portion size was small.,2025-09-25
1503,14563,5,Best biryani in town.,2026-05-04
1504,5572,4,Perfect as always.,2025-10-14
1505,5649,5,Rider was polite and quick.,2026-05-24
1506,19870,1,Packaging could be better.,2025-11-07
1507,19714,4,Fresh and tasty.,2024-08-09
1508,14910,4,Absolutely delicious.,2025-07-24
1509,23023,3,Average experience.,2025-02-21
1510,156,5,Portion size was small.,2025-07-02
1511,13623,1,Food was cold on arrival.,2025-10-21
1512,7688,2,Value for money.,2026-06-20
1513,20082,2,"Loved it, will order again.",2026-02-09
1514,11601,5,Absolutely delicious.,2026-04-18
1515,21020,4,"Loved it, will order again.",2026-05-14
1516,6663,5,Food was cold on arrival.,2025-01-13
1517,11230,5,"Loved it, will order again.",2025-07-20
1518,7033,3,"Great food, arrived hot!",2026-04-08
1519,8790,2,Portion size was small.,2026-02-27
1520,8741,5,"Loved it, will order again.",2026-05-01
1521,12689,5,"Loved it, will order again.",2026-04-12
1522,8963,5,Perfect as always.,2025-06-14
1523,14936,1,"Loved it, will order again.",2024-03-14
1524,1710,1,Best biryani in town.,19/05/2024
1525,3032,5,Absolutely delicious.,2025-04-07
1526,23170,5,Average experience.,2026-05-25
1527,23265,3,Delivery was late but food was good.,2026-06-18
1528,14257,3,Would not recommend.,2025-08-27
1529,3868,5,Rider was polite and quick.,2026-06-04
1530,22534,4,Average experience.,2026-03-09
1531,20627,5,Rider was polite and quick.,2025-03-23
1532,23789,3,Order was missing an item.,2025-07-16
1533,11140,,Absolutely delicious.,2026-06-11
1534,22462,4,Food was cold on arrival.,2024-12-13
1535,22016,4,"Loved it, will order again.",2025-10-05
1536,15107,4,Perfect as always.,2024-06-15
1537,18509,5,Would not recommend.,2026-02-23
1538,22306,4,Portion size was small.,2026-04-29
1539,20300,4,Value for money.,2026-04-19
1540,6826,3,Best biryani in town.,2026-05-11
1541,22510,5,Average experience.,2026-03-20
1542,8573,4,Rider was polite and quick.,2025-11-02
1543,2217,4,Perfect as always.,11/15/2025
1544,17295,,Fresh and tasty.,2024-11-10
1545,17546,5,Fresh and tasty.,2026-06-02
1546,5761,5,Delivery was late but food was good.,2026-04-25
1547,19873,4,Would not recommend.,2026-02-03
1548,19877,2,Rider was polite and quick.,2026-06-07
1549,13445,4,Perfect as always.,2025-04-16
1550,12964,2,Best biryani in town.,2026-05-22
1551,2893,5,Packaging could be better.,2025-01-28
1552,1560,1,"Great food, arrived hot!",2026-03-26
1553,18682,5,Portion size was small.,2026-02-11
1554,18846,4,"Great food, arrived hot!",2025-11-26
1555,23353,5,Would not recommend.,2025-09-03
1556,23965,4,Perfect as always.,2026-01-31
1557,20859,5,Delivery was late but food was good.,2026-05-08
1558,12674,1,Absolutely delicious.,2024-12-26
1559,9692,,"Loved it, will order again.",2026-05-15
1560,14628,5,Would not recommend.,2025-11-27
1561,24385,4,Best biryani in town.,2025-10-01
1562,24797,2,Rider was polite and quick.,2025-04-04
1563,21165,5,Portion size was small.,2026-03-10
1564,13651,,Average experience.,2025-09-10
1565,15538,5,Value for money.,2025-05-06
1566,12471,3,Perfect as always.,2026-01-22
1567,1170,4,Value for money.,2024-05-30
1568,19740,5,Packaging could be better.,12/10/2025
1569,113,4,Delivery was late but food was good.,2024-10-28
1570,15144,4,Absolutely delicious.,2026-04-22
1571,13636,3,Packaging could be better.,2026-01-18
1572,17896,5,Best biryani in town.,2025-10-29
1573,23438,4,Average experience.,2025-12-18
1574,3861,5,Rider was polite and quick.,2026-05-19
1575,8973,1,Order was missing an item.,2026-02-07
1576,8319,3,Packaging could be better.,2025-08-10
1577,3889,3,"Great food, arrived hot!",2026-05-20
1578,22696,1,Order was missing an item.,2026-06-26
1579,23694,,Average experience.,2025-11-23
1580,12281,5,Would not recommend.,2026-04-24
1581,24433,5,Delivery was late but food was good.,2025-05-26
1582,24497,5,Portion size was small.,2026-01-19
1583,1889,4,Delivery was late but food was good.,2025-09-25
1584,2172,4,"Loved it, will order again.",2025-05-11
1585,14067,5,Value for money.,2024-08-30
1586,16669,4,Order was missing an item.,2026-04-11
1587,10297,4,Best biryani in town.,2025-04-15
1588,24996,4,Average experience.,2026-03-14
1589,9678,3,Portion size was small.,2026-04-22
1590,17610,4,Average experience.,2025-04-20
1591,3608,3,"Loved it, will order again.",2025-05-08
1592,7815,4,"Great food, arrived hot!",2025-09-21
1593,9984,5,Value for money.,2025-11-16
1594,12419,4,"Great food, arrived hot!",2024-08-14
1595,15336,,Order was missing an item.,2026-02-27
1596,18033,5,Delivery was late but food was good.,2024-12-16
1597,8535,5,Order was missing an item.,2025-06-26
1598,13588,5,Food was cold on arrival.,19/06/2026
1599,19037,4,Food was cold on arrival.,2024-12-16
1600,3278,5,Average experience.,2026-06-01
1601,21625,,Would not recommend.,2025-12-21
1602,22709,4,Packaging could be better.,2024-02-11
1603,6345,3,Delivery was late but food was good.,2024-12-30
1604,20073,4,Portion size was small.,2025-10-19
1605,2328,5,Absolutely delicious.,2026-06-27
1606,24831,2,"Great food, arrived hot!",2025-09-27
1607,14089,4,Would not recommend.,2026-04-29
1608,8180,4,Food was cold on arrival.,2025-12-20
1609,6208,5,Average experience.,2025-11-05
1610,20809,3,Absolutely delicious.,2025-04-09
1611,18970,5,Perfect as always.,2025-07-12
1612,16718,5,Fresh and tasty.,2025-11-18
1613,22954,3,Food was cold on arrival.,2025-05-08
1614,2028,3,Average experience.,2025-04-28
1615,14527,5,Delivery was late but food was good.,2026-03-22
1616,8061,3,Food was cold on arrival.,2024-04-05
1617,7461,5,Packaging could be better.,2026-03-15
1618,12883,5,Would not recommend.,2024-02-03
1619,8113,4,Value for money.,2026-06-04
1620,22933,4,Delivery was late but food was good.,2024-06-16
1621,6302,4,Fresh and tasty.,2026-05-27
1622,14243,5,Portion size was small.,2024-01-25
1623,7745,1,Absolutely delicious.,2024-06-13
1624,20242,2,Packaging could be better.,2026-03-18
1625,21953,5,Fresh and tasty.,2026-03-02
1626,17632,4,Fresh and tasty.,2025-01-12
1627,185,4,"Great food, arrived hot!",2025-10-19
1628,7006,5,Absolutely delicious.,2026-04-23
1629,24658,5,Best biryani in town.,2026-05-08
1630,23282,5,Absolutely delicious.,2026-04-27
1631,6890,5,Perfect as always.,2026-06-19
1632,24209,3,Best biryani in town.,2024-10-09
1633,19783,3,"Great food, arrived hot!",2026-02-13
1634,18440,2,Packaging could be better.,2025-11-28
1635,21011,4,Delivery was late but food was good.,2025-12-08
1636,15091,3,Delivery was late but food was good.,2025-09-24
1637,15509,4,Portion size was small.,2026-07-10
1638,1054,4,Order was missing an item.,2025-07-26
1639,211,2,Packaging could be better.,2026-06-10
1640,24139,2,Rider was polite and quick.,2025-12-30
1641,22726,5,Value for money.,2024-05-31
1642,11371,4,"Great food, arrived hot!",2024-08-15
1643,6040,2,Absolutely delicious.,2025-06-02
1644,2020,5,"Great food, arrived hot!",2024-12-09
1645,19439,5,Portion size was small.,2025-02-13
1646,17682,5,"Loved it, will order again.",2026-02-08
1647,7801,,"Great food, arrived hot!",2025-10-06
1648,14612,4,Packaging could be better.,2025-01-06
1649,12087,4,Packaging could be better.,2026-02-15
1650,13652,1,Average experience.,2024-11-13
1651,16078,5,Fresh and tasty.,2026-02-25
1652,3618,5,Perfect as always.,2026-05-09
1653,18534,2,Would not recommend.,2024-07-13
1654,12409,5,"Great food, arrived hot!",2026-03-26
1655,14489,5,Order was missing an item.,2026-06-15
1656,15310,5,Order was missing an item.,2025-10-31
1657,16662,5,Portion size was small.,2025-05-29
1658,3138,3,Average experience.,2025-07-25
1659,15513,5,Order was missing an item.,2025-06-17
1660,3892,5,Delivery was late but food was good.,2026-03-05
1661,13513,5,Delivery was late but food was good.,2025-02-13
1662,16193,3,Perfect as always.,2024-11-15
1663,9330,4,Value for money.,2026-01-12
1664,21869,5,Packaging could be better.,2026-01-20
1665,12028,4,Rider was polite and quick.,2024-08-16
1666,3776,5,Best biryani in town.,2025-12-16
1667,15820,1,Food was cold on arrival.,2025-08-03
1668,5741,,"Loved it, will order again.",2026-04-12
1669,7393,5,Rider was polite and quick.,2025-05-08
1670,10327,4,Value for money.,2026-06-12
1671,18520,2,Rider was polite and quick.,2026-01-03
1672,19432,4,Portion size was small.,2025-09-10
1673,22061,5,Delivery was late but food was good.,2025-10-12
1674,18248,5,"Great food, arrived hot!",2025-09-07
1675,3633,5,Packaging could be better.,2025-11-27
1676,10919,3,Order was missing an item.,2025-08-11
1677,5341,1,Packaging could be better.,2025-04-10
1678,3470,4,Would not recommend.,2026-04-01
1679,742,4,Delivery was late but food was good.,2024-12-27
1680,10158,5,Would not recommend.,2025-01-05
1681,552,5,Perfect as always.,2024-01-15
1682,7040,5,Fresh and tasty.,2025-06-01
1683,21930,5,Perfect as always.,2025-02-04
1684,7945,5,Value for money.,2025-01-30
1685,10582,3,Order was missing an item.,2025-06-08
1686,19125,,Best biryani in town.,2024-08-26
1687,10858,2,"Loved it, will order again.",2026-04-19
1688,22076,5,Fresh and tasty.,2025-09-15
1689,12512,5,Order was missing an item.,2026-01-15
1690,20351,4,Delivery was late but food was good.,2026-04-19
1691,21007,4,Rider was polite and quick.,2025-08-17
1692,21511,3,Rider was polite and quick.,2026-02-24
1693,14961,4,Best biryani in town.,2025-02-18
1694,767,4,Average experience.,2025-01-08
1695,737,5,Perfect as always.,2025-05-03
1696,11577,3,Best biryani in town.,2025-06-12
1697,7255,5,Order was missing an item.,2026-01-11
1698,1476,5,"Great food, arrived hot!",2025-02-07
1699,21395,4,Would not recommend.,2026-06-26
1700,18009,5,Food was cold on arrival.,2025-12-11
1701,3479,5,Portion size was small.,2025-07-25
1702,15125,4,Portion size was small.,2026-05-08
1703,3313,5,Fresh and tasty.,2025-11-24
1704,6268,5,Rider was polite and quick.,2024-10-12
1705,21563,3,Order was missing an item.,2025-09-02
1706,2972,5,Value for money.,2025-04-24
1707,13325,1,Average experience.,2025-01-03
1708,7653,5,Rider was polite and quick.,2026-01-30
1709,9130,4,Rider was polite and quick.,2026-04-15
1710,19249,4,Value for money.,2025-01-24
1711,16257,5,"Great food, arrived hot!",2026-04-28
1712,20700,4,Delivery was late but food was good.,2026-03-05
1713,11455,5,Delivery was late but food was good.,2025-05-15
1714,17801,1,Would not recommend.,2026-05-03
1715,17722,2,Order was missing an item.,2025-07-24
1716,23385,5,Rider was polite and quick.,2026-06-01
1717,14807,5,Portion size was small.,2026-04-12
1718,11517,5,Food was cold on arrival.,2025-09-27
1719,4559,5,Packaging could be better.,2026-06-13
1720,11897,4,Delivery was late but food was good.,2025-09-03
1721,4591,5,Delivery was late but food was good.,2026-02-18
1722,7000,3,Fresh and tasty.,2024-01-31
1723,8769,5,"Loved it, will order again.",2026-04-16
1724,1600,2,Food was cold on arrival.,2024-03-19
1725,19412,3,Value for money.,2025-04-26
1726,14891,2,Would not recommend.,2026-02-18
1727,682,4,Perfect as always.,2024-05-01
1728,15600,2,"Loved it, will order again.",2026-04-27
1729,16113,2,Best biryani in town.,2026-02-14
1730,19041,3,Would not recommend.,2026-03-12
1731,24405,5,Rider was polite and quick.,2024-07-18
1732,23739,4,Food was cold on arrival.,2026-01-04
1733,15669,5,"Great food, arrived hot!",2026-06-06
1734,2003,4,Absolutely delicious.,2026-03-17
1735,6337,5,Fresh and tasty.,2024-08-08
1736,2898,4,Absolutely delicious.,2025-11-06
1737,7449,4,Average experience.,2026-04-27
1738,20531,5,Order was missing an item.,2026-06-05
1739,10044,4,Value for money.,2026-07-06
1740,22732,5,Would not recommend.,2024-06-14
1741,14143,5,Packaging could be better.,2024-12-05
1742,4268,1,Value for money.,2026-05-25
1743,7498,3,Rider was polite and quick.,2024-08-15
1744,13834,2,Order was missing an item.,2026-04-30
1745,15960,,Order was missing an item.,2024-11-29
1746,257,3,Absolutely delicious.,2026-01-01
1747,13100,5,Fresh and tasty.,2025-09-17
1748,9913,5,Packaging could be better.,2025-02-21
1749,17758,4,Value for money.,2025-02-15
1750,20319,3,Food was cold on arrival.,2026-05-10
1751,16848,1,Would not recommend.,2025-08-21
1752,23604,5,Absolutely delicious.,2026-02-13
1753,5982,5,Food was cold on arrival.,2024-11-19
1754,24319,5,Average experience.,2025-10-26
1755,10201,3,"Great food, arrived hot!",2025-10-19
1756,5401,3,Rider was polite and quick.,2026-03-09
1757,24123,5,Portion size was small.,2025-04-17
1758,15728,2,Delivery was late but food was good.,2025-05-30
1759,23930,4,Food was cold on arrival.,2026-05-22
1760,9796,4,Food was cold on arrival.,07/09/2026
1761,14586,4,Rider was polite and quick.,2024-01-29
1762,5184,5,Best biryani in town.,2026-06-17
1763,19443,5,Average experience.,2026-05-12
1764,24720,2,Portion size was small.,2024-09-13
1765,16149,4,Value for money.,2025-01-30
1766,9279,4,Absolutely delicious.,2025-02-11
1767,157,5,Perfect as always.,2024-10-03
1768,23774,4,Best biryani in town.,2026-06-27
1769,5707,5,"Great food, arrived hot!",2026-01-09
1770,7746,4,"Loved it, will order again.",2025-03-17
1771,9451,4,Fresh and tasty.,2025-07-11
1772,7504,4,Packaging could be better.,2026-03-05
1773,7221,5,Would not recommend.,2026-03-06
1774,20567,5,Delivery was late but food was good.,2026-05-10
1775,15360,1,Delivery was late but food was good.,2024-07-22
1776,12728,2,Delivery was late but food was good.,2026-06-11
1777,19643,5,Rider was polite and quick.,2026-01-19
1778,8221,5,Best biryani in town.,2025-03-01
1779,13125,5,Order was missing an item.,2024-01-26
1780,2288,4,Absolutely delicious.,2025-12-10
1781,7502,5,"Great food, arrived hot!",2025-05-12
1782,1685,5,Average experience.,2025-04-26
1783,15849,5,Average experience.,2025-07-28
1784,24396,4,Absolutely delicious.,2026-06-22
1785,17921,2,Rider was polite and quick.,2026-04-13
1786,15094,4,"Great food, arrived hot!",2026-02-20
1787,3008,4,Order was missing an item.,2025-07-30
1788,23068,5,Packaging could be better.,2026-01-05
1789,17882,4,"Loved it, will order again.",2026-04-23
1790,13720,5,Fresh and tasty.,2024-11-06
1791,8332,3,Delivery was late but food was good.,2025-10-30
1792,13192,3,"Great food, arrived hot!",2026-07-02
1793,4836,4,Absolutely delicious.,2026-01-01
1794,19666,4,Order was missing an item.,2026-06-22
1795,15324,5,Food was cold on arrival.,2025-08-21
1796,13248,5,"Great food, arrived hot!",2024-05-13
1797,24783,3,Packaging could be better.,2025-07-29
1798,7577,3,Rider was polite and quick.,2025-09-10
1799,5992,5,Portion size was small.,2026-01-30
1800,13576,5,Food was cold on arrival.,2025-04-20
1801,9211,5,Delivery was late but food was good.,2026-07-04
1802,199,3,Portion size was small.,2025-07-21
1803,15304,4,"Great food, arrived hot!",2025-04-03
1804,14947,2,Would not recommend.,2026-04-20
1805,278,4,Rider was polite and quick.,2026-06-11
1806,214,4,Fresh and tasty.,2026-01-26
1807,18077,5,Would not recommend.,2025-04-02
1808,2519,3,Perfect as always.,2025-08-15
1809,20851,5,Packaging could be better.,2026-02-09
1810,5371,4,Value for money.,2025-07-31
1811,15850,5,Would not recommend.,2025-08-15
1812,10255,,Would not recommend.,2025-10-18
1813,24127,4,Would not recommend.,2024-07-30
1814,7332,4,Delivery was late but food was good.,2026-05-25
1815,10732,4,Value for money.,2026-06-16
1816,677,3,"Loved it, will order again.",2026-06-09
1817,9671,4,Absolutely delicious.,2026-02-20
1818,9344,2,Order was missing an item.,2025-04-03
1819,12541,5,Would not recommend.,2026-04-11
1820,9599,3,Portion size was small.,2026-01-24
1821,8912,4,Best biryani in town.,2025-01-29
1822,21535,2,Delivery was late but food was good.,2026-06-29
1823,21679,5,Best biryani in town.,2025-09-15
1824,23016,4,Would not recommend.,2025-08-10
1825,24316,4,Perfect as always.,2026-06-29
1826,17026,5,Portion size was small.,2026-01-17
1827,18401,5,Food was cold on arrival.,2024-10-10
1828,19614,3,Perfect as always.,2025-08-14
1829,8866,5,Best biryani in town.,2026-05-07
1830,13144,,Order was missing an item.,2026-05-08
1831,24089,5,Packaging could be better.,2025-12-08
1832,10643,5,Food was cold on arrival.,2024-02-07
1833,6017,4,Would not recommend.,2024-10-15
1834,13984,5,Would not recommend.,2024-09-18
1835,11716,2,Portion size was small.,2024-09-05
1836,9404,1,Rider was polite and quick.,2026-01-20
1837,22468,5,Packaging could be better.,2025-04-24
1838,3499,5,Average experience.,2025-08-05
1839,336,1,Would not recommend.,2026-05-03
1840,3847,5,Best biryani in town.,2025-11-19
1841,19182,5,Average experience.,2026-02-17
1842,22599,4,Best biryani in town.,2026-06-18
1843,20895,2,Portion size was small.,2026-02-24
1844,22660,3,Fresh and tasty.,2026-05-16
1845,19628,5,Fresh and tasty.,2026-03-24
1846,8359,4,Order was missing an item.,2026-06-24
1847,17668,4,Fresh and tasty.,2026-05-03
1848,24115,4,Would not recommend.,2025-09-22
1849,11010,4,Absolutely delicious.,2026-02-25
1850,23405,5,Food was cold on arrival.,2026-02-06
1851,18308,4,Fresh and tasty.,2026-03-28
1852,4581,4,Perfect as always.,2025-02-20
1853,21577,4,Rider was polite and quick.,2024-03-02
1854,3348,4,"Loved it, will order again.",2026-02-22
1855,19163,5,Rider was polite and quick.,2026-01-04
1856,21943,4,Packaging could be better.,2024-01-20
1857,7573,3,Would not recommend.,2026-05-06
1858,4412,,"Loved it, will order again.",2025-07-15
1859,22175,3,Would not recommend.,2026-05-10
1860,8439,4,"Loved it, will order again.",2024-11-26
1861,15905,5,Delivery was late but food was good.,2025-11-06
1862,3387,5,Rider was polite and quick.,2025-04-23
1863,11288,4,Order was missing an item.,2026-05-13
1864,13605,5,Rider was polite and quick.,2026-04-14
1865,15980,4,"Great food, arrived hot!",2026-01-09
1866,2051,5,Best biryani in town.,2026-02-23
1867,10857,5,Best biryani in town.,2026-06-11
1868,1825,3,Order was missing an item.,2025-05-16
1869,7278,5,Order was missing an item.,2025-12-04
1870,21515,3,Value for money.,2026-03-10
1871,2130,5,Perfect as always.,2026-04-01
1872,18193,5,Best biryani in town.,2025-07-15
1873,22362,5,Portion size was small.,2024-07-08
1874,3411,4,Best biryani in town.,2025-07-17
1875,16880,3,Delivery was late but food was good.,2026-06-21
1876,16681,4,Average experience.,04/11/2026
1877,9538,4,Best biryani in town.,2025-12-21
1878,11603,5,Packaging could be better.,2026-06-20
1879,9615,5,Perfect as always.,2026-05-29
1880,897,2,Packaging could be better.,2024-11-10
1881,275,4,Best biryani in town.,2026-04-25
1882,1760,4,Average experience.,2024-06-13
1883,24583,5,Order was missing an item.,2026-03-03
1884,6503,5,Average experience.,2025-07-14
1885,6927,5,Absolutely delicious.,2024-08-04
1886,14711,,Delivery was late but food was good.,2026-05-22
1887,10570,5,Order was missing an item.,2024-01-16
1888,5294,3,Order was missing an item.,2026-06-15
1889,24524,5,Rider was polite and quick.,2026-06-08
1890,20272,1,Portion size was small.,2025-09-08
1891,1104,4,Would not recommend.,2025-12-08
1892,23939,3,Best biryani in town.,2026-03-20
1893,10703,5,Food was cold on arrival.,2026-07-06
1894,6002,5,Portion size was small.,2026-03-20
1895,7775,5,Absolutely delicious.,2024-05-26
1896,16805,4,Packaging could be better.,2026-02-15
1897,24149,5,Absolutely delicious.,2024-12-13
1898,23057,2,Food was cold on arrival.,2024-09-15
1899,9317,5,Average experience.,2026-04-05
1900,22886,2,Rider was polite and quick.,2026-03-05
1901,23391,3,Absolutely delicious.,2026-05-26
1902,8363,4,Best biryani in town.,2025-12-10
1903,7787,4,Average experience.,2026-06-07
1904,3989,5,Best biryani in town.,2026-05-04
1905,7875,3,Absolutely delicious.,2025-08-09
1906,2330,3,Fresh and tasty.,2026-01-05
1907,22022,5,Portion size was small.,2025-08-31
1908,23161,4,Best biryani in town.,2024-05-18
1909,6366,5,Food was cold on arrival.,29/05/2026
1910,2630,5,Packaging could be better.,2024-08-24
1911,5533,2,Delivery was late but food was good.,2026-06-03
1912,2486,5,Fresh and tasty.,2026-07-05
1913,13453,3,Fresh and tasty.,2026-05-07
1914,1443,4,Value for money.,12/09/2025
1915,21708,5,"Loved it, will order again.",2024-03-09
1916,306,4,Order was missing an item.,2025-01-06
1917,13128,3,Best biryani in town.,2026-06-22
1918,18239,5,Rider was polite and quick.,2025-05-02
1919,7396,2,Portion size was small.,2026-06-19
1920,15848,5,Food was cold on arrival.,2025-05-14
1921,1996,3,"Great food, arrived hot!",2024-04-29
1922,249,2,Perfect as always.,2025-05-01
1923,14146,4,Would not recommend.,2026-05-23
1924,16778,5,Perfect as always.,2025-11-25
1925,1215,4,"Loved it, will order again.",2025-05-29
1926,1305,5,Absolutely delicious.,2025-01-20
1927,8372,1,"Great food, arrived hot!",2025-05-22
1928,24983,4,Value for money.,2026-06-04
1929,16849,4,Food was cold on arrival.,2026-04-01
1930,16846,5,Best biryani in town.,2024-05-14
1931,13496,4,Rider was polite and quick.,2024-06-24
1932,7053,2,Packaging could be better.,2025-10-12
1933,14322,5,Absolutely delicious.,2024-04-07
1934,8235,4,Fresh and tasty.,2026-03-10
1935,20102,4,Absolutely delicious.,2025-04-23
1936,14641,5,Rider was polite and quick.,2025-01-07
1937,13118,5,Average experience.,2026-03-24
1938,19581,5,Delivery was late but food was good.,2025-07-06
1939,6732,,Average experience.,2026-07-02
1940,2781,4,Food was cold on arrival.,2026-06-12
1941,12224,4,Order was missing an item.,2026-04-03
1942,5311,4,Order was missing an item.,2026-03-07
1943,22382,5,Delivery was late but food was good.,2026-01-23
1944,18385,5,Would not recommend.,2025-12-20
1945,6184,4,Portion size was small.,2024-07-23
1946,2280,4,Fresh and tasty.,2025-12-12
1947,11009,4,Absolutely delicious.,2025-04-21
1948,18998,5,Order was missing an item.,2026-04-14
1949,11130,4,Order was missing an item.,2026-05-25
1950,6043,4,Average experience.,2026-02-27
1951,15167,4,Average experience.,2024-10-27
1952,469,4,Delivery was late but food was good.,2026-06-06
1953,15765,5,Food was cold on arrival.,2026-06-22
1954,24756,4,Fresh and tasty.,2025-08-03
1955,9959,5,Food was cold on arrival.,2025-12-21
1956,20989,5,Average experience.,2026-04-17
1957,21219,3,Delivery was late but food was good.,2024-07-24
1958,1750,5,Absolutely delicious.,2026-06-05
1959,498,5,"Great food, arrived hot!",2026-04-28
1960,7731,3,Delivery was late but food was good.,2026-05-24
1961,8814,5,Delivery was late but food was good.,2026-05-05
1962,22220,5,Absolutely delicious.,2025-11-10
1963,24792,5,Would not recommend.,2025-10-11
1964,21233,4,Would not recommend.,2025-08-28
1965,1378,5,Best biryani in town.,2026-01-22
1966,2347,3,Order was missing an item.,2025-07-12
1967,13581,5,Packaging could be better.,2026-06-29
1968,20230,3,"Great food, arrived hot!",2026-05-31
1969,9496,,Value for money.,2026-01-27
1970,21390,2,Value for money.,2024-01-15
1971,2578,,Average experience.,2026-05-20
1972,10524,5,Perfect as always.,2025-11-19
1973,6809,2,Food was cold on arrival.,2025-02-27
1974,9454,5,Packaging could be better.,2024-04-07
1975,315,4,Food was cold on arrival.,2025-11-18
1976,23985,5,Absolutely delicious.,2025-12-28
1977,2613,,"Loved it, will order again.",2026-05-01
1978,22133,5,Rider was polite and quick.,2026-03-18
1979,10418,5,Perfect as always.,2025-11-28
1980,16820,4,Would not recommend.,2026-04-15
1981,21405,4,Would not recommend.,2026-04-16
1982,17502,5,Delivery was late but food was good.,2026-01-29
1983,5607,4,Would not recommend.,2024-07-12
1984,20725,3,"Loved it, will order again.",2026-05-09
1985,10992,4,Fresh and tasty.,2024-02-21
1986,24025,4,Best biryani in town.,2026-06-30
1987,16022,3,"Great food, arrived hot!",2026-01-24
1988,10,5,Order was missing an item.,2024-09-03
1989,18134,4,Packaging could be better.,2026-01-31
1990,23148,2,Value for money.,2024-07-03
1991,14029,5,Value for money.,2026-06-04
1992,24672,4,Rider was polite and quick.,2026-06-17
1993,23857,4,Fresh and tasty.,2025-06-30
1994,23678,5,Absolutely delicious.,2026-02-20
1995,2796,2,Value for money.,2024-08-26
1996,19479,5,Portion size was small.,2025-07-18
1997,11370,5,Would not recommend.,2026-04-12
1998,18451,5,Value for money.,2026-02-24
1999,894,5,Food was cold on arrival.,2026-03-16
2000,20253,5,Portion size was small.,2026-06-21
2001,22887,4,Order was missing an item.,2026-01-09
2002,20828,,Value for money.,2026-02-05
2003,13164,4,Value for money.,2024-12-03
2004,13568,2,Best biryani in town.,2025-06-03
2005,21996,5,Packaging could be better.,2024-04-21
2006,11981,4,Packaging could be better.,2025-09-08
2007,17077,3,Would not recommend.,2026-02-05
2008,608,4,Food was cold on arrival.,2026-02-06
2009,16247,4,Absolutely delicious.,2024-10-14
2010,10965,5,Average experience.,2025-01-24
2011,8215,4,Average experience.,2026-05-10
2012,7337,,Delivery was late but food was good.,2026-02-10
2013,15041,4,Delivery was late but food was good.,2026-03-14
2014,3690,5,Portion size was small.,2025-11-23
2015,12012,4,Portion size was small.,2025-06-03
2016,9157,1,Portion size was small.,2024-10-21
2017,16203,5,Rider was polite and quick.,2026-06-13
2018,7459,5,Delivery was late but food was good.,2024-06-14
2019,24684,3,Rider was polite and quick.,2026-02-10
2020,19844,4,"Loved it, will order again.",2026-01-15
2021,20594,5,"Loved it, will order again.",2026-03-15
2022,20434,5,Food was cold on arrival.,2025-12-22
2023,2023,4,Delivery was late but food was good.,2026-04-21
2024,2619,4,Would not recommend.,2025-11-25
2025,328,2,Absolutely delicious.,2026-04-08
2026,93,4,Absolutely delicious.,2025-11-18
2027,8059,5,Rider was polite and quick.,2026-03-31
2028,6389,4,Rider was polite and quick.,2024-08-08
2029,4748,4,Packaging could be better.,2026-05-10
2030,21859,3,Portion size was small.,2026-05-29
2031,5787,4,Rider was polite and quick.,2024-10-18
2032,3251,4,Absolutely delicious.,2025-09-08
2033,7079,5,Order was missing an item.,2024-12-05
2034,15314,5,Portion size was small.,2025-12-22
2035,14536,4,Order was missing an item.,2025-02-26
2036,23870,5,Delivery was late but food was good.,2025-12-16
2037,20388,5,Best biryani in town.,2026-04-21
2038,18476,4,Rider was polite and quick.,2026-05-07
2039,21262,2,Rider was polite and quick.,2026-02-18
2040,23751,5,"Loved it, will order again.",2024-03-23
2041,2616,3,Order was missing an item.,2024-01-17
2042,14905,5,Value for money.,2024-07-20
2043,14726,,"Great food, arrived hot!",2025-05-17
2044,13523,5,Would not recommend.,2025-01-09
2045,13204,5,Packaging could be better.,2026-04-08
2046,21966,1,"Loved it, will order again.",2026-01-11
2047,23349,4,Best biryani in town.,2025-06-23
2048,12549,5,Perfect as always.,2025-08-10
2049,10861,2,Perfect as always.,2024-11-12
2050,24558,4,Average experience.,2026-07-03
2051,22453,4,Rider was polite and quick.,2024-05-02
2052,17944,,Fresh and tasty.,2026-01-26
2053,19778,5,Value for money.,2026-05-07
2054,5730,5,"Great food, arrived hot!",2025-08-12
2055,24423,3,Delivery was late but food was good.,2025-05-09
2056,16442,2,Would not recommend.,2025-11-22
2057,12226,,Average experience.,2025-04-03
2058,21069,5,Would not recommend.,2026-04-14
2059,17949,3,Absolutely delicious.,2026-07-01
2060,23314,4,Food was cold on arrival.,2025-08-05
2061,9776,4,Average experience.,2026-03-31
2062,15328,4,Perfect as always.,2024-12-23
2063,14074,5,Perfect as always.,2025-06-28
2064,12989,4,Best biryani in town.,2025-04-11
2065,10812,3,Order was missing an item.,2026-04-19
2066,10254,4,Absolutely delicious.,2026-04-27
2067,5731,4,Absolutely delicious.,2025-10-05
2068,11849,,Value for money.,2025-12-27
2069,20080,4,Absolutely delicious.,2024-03-12
2070,24641,4,Fresh and tasty.,2026-04-11
2071,12941,5,Rider was polite and quick.,2026-05-02
2072,1326,3,Average experience.,2025-09-24
2073,2845,2,Would not recommend.,2025-03-30
2074,4919,5,Perfect as always.,2026-06-04
2075,6068,4,Would not recommend.,2026-06-15
2076,10080,3,Packaging could be better.,2025-05-10
2077,15109,4,Would not recommend.,2026-03-02
2078,18840,4,Would not recommend.,2024-12-05
2079,21489,5,Average experience.,2024-11-26
2080,15888,5,Portion size was small.,2025-11-11
2081,23326,5,Would not recommend.,2024-12-16
2082,2861,5,Rider was polite and quick.,2025-01-16
2083,950,5,"Loved it, will order again.",2026-02-25
2084,5031,4,Best biryani in town.,2026-06-30
2085,1014,4,Fresh and tasty.,2026-01-25
2086,24780,5,Packaging could be better.,2025-06-18
2087,6197,5,Would not recommend.,2025-11-11
2088,8015,5,Best biryani in town.,2026-01-20
2089,11072,5,Value for money.,2026-03-09
2090,6785,4,"Loved it, will order again.",2024-04-20
2091,2306,2,Packaging could be better.,2026-06-18
2092,20161,3,"Great food, arrived hot!",2025-12-09
2093,2203,3,Delivery was late but food was good.,2026-04-22
2094,149,5,Rider was polite and quick.,2026-04-02
2095,16958,,Order was missing an item.,2026-05-24
2096,15422,2,Perfect as always.,2026-05-09
2097,63,4,Absolutely delicious.,2026-05-10
2098,21070,5,Rider was polite and quick.,2025-08-25
2099,24465,4,Rider was polite and quick.,2026-01-12
2100,3723,5,"Loved it, will order again.",2026-03-15
2101,12272,4,"Loved it, will order again.",2025-07-23
2102,12515,1,Portion size was small.,2026-04-12
2103,15636,1,Would not recommend.,2026-06-21
2104,22730,5,"Loved it, will order again.",2024-03-12
2105,17251,5,Average experience.,2026-04-23
2106,21841,4,Perfect as always.,2025-04-17
2107,5908,4,Best biryani in town.,2026-05-17
2108,16955,5,Packaging could be better.,2024-07-03
2109,18018,5,"Loved it, will order again.",2024-03-07
2110,18744,4,Would not recommend.,2025-10-07
2111,18724,3,Delivery was late but food was good.,2024-12-28
2112,12782,3,Rider was polite and quick.,05/07/2026
2113,13640,3,Would not recommend.,2024-09-22
2114,3184,3,"Great food, arrived hot!",2026-01-25
2115,11266,,"Great food, arrived hot!",2025-10-17
2116,23540,4,Value for money.,2026-03-18
2117,3497,5,Fresh and tasty.,2024-04-04
2118,13091,5,"Loved it, will order again.",2026-03-25
2119,19241,4,Absolutely delicious.,2026-06-02
2120,17406,1,Rider was polite and quick.,2026-04-06
2121,13948,5,Packaging could be better.,2025-03-08
2122,14333,5,Fresh and tasty.,2026-06-29
2123,1911,4,"Loved it, will order again.",2025-11-06
2124,7458,5,Perfect as always.,2025-12-13
2125,12816,2,Order was missing an item.,2026-03-11
2126,23064,5,Perfect as always.,2024-03-05
2127,5148,3,Delivery was late but food was good.,2024-03-01
2128,6904,,Rider was polite and quick.,2025-04-01
2129,4781,2,Fresh and tasty.,2025-05-05
2130,8274,5,Average experience.,2024-09-11
2131,1477,4,Perfect as always.,2026-01-31
2132,21419,5,Average experience.,2026-04-29
2133,7402,5,Fresh and tasty.,2026-04-18
2134,18010,5,Food was cold on arrival.,2026-03-11
2135,5785,1,Rider was polite and quick.,2024-12-13
2136,21772,5,Portion size was small.,2026-02-21
2137,12057,4,"Loved it, will order again.",2026-02-22
2138,10695,4,Fresh and tasty.,2025-05-24
2139,20696,5,Fresh and tasty.,2025-11-09
2140,16386,5,Packaging could be better.,2026-04-11
2141,4773,5,Fresh and tasty.,2024-02-05
2142,24569,5,Delivery was late but food was good.,2026-04-30
2143,2223,1,Rider was polite and quick.,2026-04-01
2144,9987,4,Portion size was small.,2026-03-04
2145,14054,4,Delivery was late but food was good.,2026-02-28
2146,9159,5,"Great food, arrived hot!",2024-05-13
2147,1310,5,Delivery was late but food was good.,2025-02-08
2148,10405,5,Fresh and tasty.,2026-05-23
2149,18369,5,"Great food, arrived hot!",2025-03-25
2150,6196,4,Order was missing an item.,2026-06-02
2151,19102,4,"Loved it, will order again.",2025-06-21
2152,6838,4,Delivery was late but food was good.,2024-07-26
2153,3212,3,Portion size was small.,2026-06-19
2154,4375,5,"Great food, arrived hot!",2025-02-23
2155,7245,1,"Loved it, will order again.",2024-11-18
2156,4815,3,Food was cold on arrival.,2024-06-27
2157,12537,5,Best biryani in town.,2025-01-28
2158,11431,,Rider was polite and quick.,2024-10-12
2159,16410,5,Fresh and tasty.,2025-05-19
2160,18539,5,Food was cold on arrival.,2025-05-18
2161,5342,2,Delivery was late but food was good.,2026-05-05
2162,21922,4,Packaging could be better.,2025-06-18
2163,15070,4,"Loved it, will order again.",2026-04-25
2164,23194,2,Fresh and tasty.,2024-07-24
2165,5907,5,Would not recommend.,2024-11-01
2166,10827,2,Best biryani in town.,2025-06-24
2167,19426,2,"Great food, arrived hot!",2025-12-21
2168,20564,3,Absolutely delicious.,2025-12-19
2169,24193,3,Packaging could be better.,2026-06-21
2170,16097,5,Best biryani in town.,2025-06-06
2171,16648,2,Would not recommend.,2026-06-16
2172,14997,3,Food was cold on arrival.,2026-02-16
2173,15792,3,Fresh and tasty.,2025-11-18
2174,17606,5,Absolutely delicious.,2026-03-27
2175,12376,,Packaging could be better.,2026-06-07
2176,21410,5,Portion size was small.,2024-11-05
2177,19172,5,Value for money.,2024-07-24
2178,17095,4,Best biryani in town.,2026-07-01
2179,16496,,Average experience.,10/26/2025
2180,19857,5,Perfect as always.,2026-05-06
2181,22677,5,Portion size was small.,2025-03-16
2182,5642,1,Rider was polite and quick.,2026-05-19
2183,7596,4,Order was missing an item.,2026-04-04
2184,1988,5,Fresh and tasty.,2026-05-26
2185,20075,1,Perfect as always.,2026-05-12
2186,4938,4,Value for money.,2024-10-08
2187,12949,4,Fresh and tasty.,2024-04-26
2188,21376,5,Average experience.,2024-07-21
2189,1568,4,"Loved it, will order again.",2025-11-10
2190,24632,5,Food was cold on arrival.,2025-08-24
2191,12995,5,Value for money.,2025-02-06
2192,17501,4,Portion size was small.,2026-04-16
2193,15385,4,Would not recommend.,2025-06-24
2194,4280,4,Order was missing an item.,2026-05-05
2195,9686,5,Would not recommend.,2026-05-02
2196,3360,4,"Loved it, will order again.",2025-12-13
2197,4101,4,Fresh and tasty.,2025-07-02
2198,15531,5,Fresh and tasty.,2024-05-06
2199,16638,,Absolutely delicious.,2025-02-15
2200,9414,3,Delivery was late but food was good.,2024-12-18
2201,1638,5,Value for money.,2025-03-19
2202,595,5,Absolutely delicious.,2024-11-15
2203,16947,,Food was cold on arrival.,2026-03-29
2204,7452,4,Average experience.,2026-03-22
2205,14119,2,Delivery was late but food was good.,2025-09-01
2206,9720,5,Perfect as always.,2025-05-07
2207,22001,,Best biryani in town.,2025-04-25
2208,10468,5,Absolutely delicious.,2026-03-03
2209,19064,4,Perfect as always.,2026-04-27
2210,6309,,Delivery was late but food was good.,2026-06-02
2211,17306,4,Perfect as always.,2026-06-12
2212,14765,3,Best biryani in town.,2025-01-31
2213,24695,4,Best biryani in town.,2026-02-10
2214,15322,5,Food was cold on arrival.,2025-12-23
2215,13226,5,"Great food, arrived hot!",2026-02-12
2216,22635,3,Absolutely delicious.,2026-05-26
2217,21386,5,Order was missing an item.,2025-01-02
2218,15632,,Fresh and tasty.,2025-09-22
2219,8445,4,Value for money.,2024-02-17
2220,9426,5,Rider was polite and quick.,2026-04-18
2221,349,5,Packaging could be better.,2024-09-18
2222,15607,5,Average experience.,2026-04-06
2223,2853,2,Fresh and tasty.,2024-10-18
2224,19410,4,Portion size was small.,2024-07-09
2225,6624,4,Portion size was small.,2026-04-16
2226,6752,5,Average experience.,2026-02-17
2227,6950,,Average experience.,2026-01-07
2228,14528,3,Absolutely delicious.,2026-07-03
2229,62,5,Average experience.,2026-06-20
2230,5973,5,Order was missing an item.,2025-02-16
2231,10193,1,Delivery was late but food was good.,2025-07-16
2232,6352,2,Fresh and tasty.,2025-12-26
2233,17857,4,Absolutely delicious.,2026-03-27
2234,2058,3,Best biryani in town.,2025-09-20
2235,1932,4,Delivery was late but food was good.,2024-10-22
2236,4010,5,"Great food, arrived hot!",2025-10-15
2237,1450,5,Delivery was late but food was good.,2025-04-02
2238,13716,5,Rider was polite and quick.,2025-02-23
2239,3098,3,Rider was polite and quick.,2025-07-11
2240,1776,4,Value for money.,2026-02-09
2241,20945,4,Rider was polite and quick.,2025-03-31
2242,23358,5,Packaging could be better.,2024-11-13
2243,19802,5,"Great food, arrived hot!",2025-05-07
2244,396,5,Packaging could be better.,2025-02-19
2245,7071,,"Great food, arrived hot!",2025-09-15
2246,2506,4,Food was cold on arrival.,2025-05-24
2247,16719,3,Value for money.,2024-11-17
2248,3359,4,Value for money.,2025-03-21
2249,6818,5,Portion size was small.,2024-09-29
2250,6246,4,Best biryani in town.,2024-06-10
2251,2206,5,Order was missing an item.,2025-11-21
2252,17183,5,Perfect as always.,2026-03-19
2253,21224,,Would not recommend.,2024-04-10
2254,8324,4,Average experience.,2025-08-10
2255,9979,5,Would not recommend.,2025-05-25
2256,9891,3,Portion size was small.,2026-06-26
2257,20869,5,Average experience.,2025-01-11
2258,11264,4,Average experience.,2025-05-24
2259,22286,4,Food was cold on arrival.,2026-04-04
2260,18232,2,Perfect as always.,2024-09-13
2261,9066,3,Value for money.,2025-03-21
2262,11474,,"Loved it, will order again.",2026-05-14
2263,13871,,Order was missing an item.,2026-05-02
2264,19094,,Value for money.,2026-06-13
2265,13673,5,Best biryani in town.,2025-10-28
2266,9400,3,Would not recommend.,2026-05-25
2267,2256,5,Best biryani in town.,2026-06-21
2268,16790,5,Food was cold on arrival.,2025-03-22
2269,16869,1,Would not recommend.,2025-07-07
2270,15637,4,Delivery was late but food was good.,2025-05-15
2271,13232,4,Best biryani in town.,2025-10-20
2272,8763,5,Value for money.,2024-12-27
2273,16158,5,Fresh and tasty.,2026-02-08
2274,14738,3,Value for money.,2026-02-18
2275,7635,1,Delivery was late but food was good.,2026-04-12
2276,24874,4,Fresh and tasty.,2025-04-11
2277,4142,,Perfect as always.,2026-04-02
2278,23943,4,Perfect as always.,2026-01-27
2279,6604,3,Perfect as always.,2025-03-02
2280,15470,3,Fresh and tasty.,2026-04-29
2281,23888,5,"Great food, arrived hot!",2026-04-27
2282,18343,3,"Loved it, will order again.",2026-02-08
2283,21132,4,Would not recommend.,2026-05-06
2284,2587,4,Order was missing an item.,2025-08-03
2285,19240,5,Food was cold on arrival.,2026-04-29
2286,11243,1,Perfect as always.,2024-10-10
2287,12806,3,Absolutely delicious.,2025-03-05
2288,794,4,Order was missing an item.,2026-04-21
2289,9026,3,Would not recommend.,2026-06-07
2290,8345,5,Average experience.,2026-05-17
2291,16027,5,Delivery was late but food was good.,2024-02-02
2292,5657,3,Rider was polite and quick.,2026-03-28
2293,2886,4,Value for money.,2026-06-15
2294,7856,4,Rider was polite and quick.,2026-06-06
2295,24703,4,Delivery was late but food was good.,2026-03-23
2296,548,5,Perfect as always.,2026-04-25
2297,11414,4,Fresh and tasty.,2024-09-16
2298,10505,4,"Loved it, will order again.",2026-02-27
2299,21648,3,"Great food, arrived hot!",2026-04-08
2300,20783,5,Absolutely delicious.,04/20/2024
2301,20153,4,Would not recommend.,2026-07-06
2302,4423,5,Absolutely delicious.,2025-10-23
2303,22883,4,Portion size was small.,2025-10-17
2304,16891,4,Best biryani in town.,2026-05-04
2305,3845,5,"Great food, arrived hot!",2024-11-05
2306,16543,5,Absolutely delicious.,2026-05-03
2307,24194,2,Packaging could be better.,2025-08-16
2308,17097,,Food was cold on arrival.,2026-04-28
2309,22101,5,Fresh and tasty.,2025-12-01
2310,23643,5,Would not recommend.,2025-06-17
2311,6394,4,Delivery was late but food was good.,2026-06-21
2312,22081,3,Delivery was late but food was good.,2025-02-17
2313,12847,4,"Great food, arrived hot!",2026-03-06
2314,2095,4,Delivery was late but food was good.,2025-01-22
2315,12951,5,Average experience.,2025-12-18
2316,16570,4,Perfect as always.,2026-05-09
2317,8220,4,Portion size was small.,2025-04-07
2318,6965,5,Delivery was late but food was good.,2026-04-05
2319,18961,4,Rider was polite and quick.,2024-08-31
2320,13680,2,Absolutely delicious.,2024-06-11
2321,13749,4,Order was missing an item.,2024-06-27
2322,13843,,Fresh and tasty.,2026-03-05
2323,10783,3,Best biryani in town.,2024-01-19
2324,16164,4,Portion size was small.,2026-04-28
2325,7531,4,Fresh and tasty.,2026-05-01
2326,12049,1,Perfect as always.,2024-06-15
2327,7200,5,Order was missing an item.,2026-04-26
2328,5751,4,Order was missing an item.,2024-11-26
2329,12946,5,Portion size was small.,2025-09-29
2330,18745,4,Rider was polite and quick.,2026-05-22
2331,16371,4,Perfect as always.,2025-07-29
2332,8777,5,Average experience.,2026-01-04
2333,17434,1,Rider was polite and quick.,2025-01-17
2334,18514,5,Best biryani in town.,2026-05-20
2335,1955,4,"Great food, arrived hot!",2025-12-30
2336,22028,3,Fresh and tasty.,2025-10-14
2337,8549,3,Value for money.,2026-05-17
2338,14303,3,Would not recommend.,2026-05-23
2339,1570,5,"Great food, arrived hot!",2025-01-17
2340,9780,4,Packaging could be better.,2025-04-06
2341,11332,4,Absolutely delicious.,2026-06-19
2342,15410,4,Rider was polite and quick.,2026-07-02
2343,6281,5,Perfect as always.,2025-06-30
2344,8555,5,Value for money.,2026-02-10
2345,14109,4,Absolutely delicious.,2025-04-07
2346,19409,5,Delivery was late but food was good.,2025-04-22
2347,2716,4,Absolutely delicious.,2026-05-12
2348,1032,,Rider was polite and quick.,2026-06-21
2349,24272,3,Food was cold on arrival.,2025-10-16
2350,23242,4,Perfect as always.,2024-07-25
2351,16008,5,Delivery was late but food was good.,2026-06-14
2352,6532,4,"Great food, arrived hot!",2026-02-23
2353,14298,1,Would not recommend.,2024-11-28
2354,14401,3,Would not recommend.,2025-07-09
2355,17890,5,Best biryani in town.,2026-01-02
2356,4536,3,Perfect as always.,2025-10-28
2357,2056,5,Rider was polite and quick.,2024-10-12
2358,11411,1,Fresh and tasty.,2025-08-15
2359,6534,5,Packaging could be better.,2025-07-29
2360,2154,3,Perfect as always.,2025-10-01
2361,7085,3,Fresh and tasty.,2026-06-01
2362,21288,,Fresh and tasty.,2026-03-18
2363,452,4,Average experience.,2024-08-02
2364,13530,3,"Loved it, will order again.",2026-01-08
2365,16991,5,Absolutely delicious.,2024-07-27
2366,10368,1,"Loved it, will order again.",2025-12-22
2367,87,5,Delivery was late but food was good.,2026-02-03
2368,23731,3,Best biryani in town.,2025-03-04
2369,13595,2,Value for money.,2024-06-06
2370,9601,5,Best biryani in town.,2025-09-05
2371,21229,4,Fresh and tasty.,2026-06-14
2372,16677,5,Value for money.,2025-04-08
2373,11640,5,Best biryani in town.,2026-03-30
2374,4627,5,Value for money.,2026-02-07
2375,3873,2,Order was missing an item.,12/02/2025
2376,22354,3,Portion size was small.,2026-03-05
2377,6802,4,Packaging could be better.,2026-05-09
2378,15813,4,Packaging could be better.,2025-09-24
2379,18493,1,Order was missing an item.,2024-02-16
2380,9308,5,"Great food, arrived hot!",2026-06-15
2381,13400,5,Food was cold on arrival.,2025-10-14
2382,1408,5,Best biryani in town.,2026-05-04
2383,11110,3,Packaging could be better.,2025-07-16
2384,432,5,Rider was polite and quick.,2025-07-02
2385,20899,5,"Loved it, will order again.",2025-02-05
2386,11977,5,Rider was polite and quick.,2026-05-28
2387,15879,4,Packaging could be better.,2026-01-07
2388,8343,5,Delivery was late but food was good.,2025-11-14
2389,20491,3,Packaging could be better.,2026-04-03
2390,17955,4,Rider was polite and quick.,2025-01-31
2391,9730,4,Food was cold on arrival.,2025-12-31
2392,12962,1,Order was missing an item.,2025-11-21
2393,4644,3,Would not recommend.,2026-03-06
2394,23560,5,Packaging could be better.,2025-04-22
2395,2831,5,Rider was polite and quick.,2026-02-17
2396,7269,5,Best biryani in town.,2026-07-06
2397,1593,3,Portion size was small.,2025-04-24
2398,5687,4,Perfect as always.,2024-01-17
2399,5331,5,Best biryani in town.,2025-09-23
2400,2534,3,"Loved it, will order again.",2026-05-18
2401,13431,4,Delivery was late but food was good.,2025-04-06
2402,13687,1,"Loved it, will order again.",2026-05-17
2403,4085,4,Delivery was late but food was good.,2025-09-17
2404,7870,3,"Great food, arrived hot!",2026-02-28
2405,19329,5,Would not recommend.,2025-05-18
2406,6272,4,Portion size was small.,2025-09-28
2407,23123,5,Would not recommend.,2025-09-08
2408,9193,3,Would not recommend.,2024-08-04
2409,5568,5,Perfect as always.,2026-02-03
2410,15508,2,Perfect as always.,06/29/2026
2411,7148,4,Food was cold on arrival.,2024-06-29
2412,8557,,Rider was polite and quick.,2024-08-31
2413,3414,5,Packaging could be better.,2025-07-26
2414,22561,3,Food was cold on arrival.,2025-03-11
2415,423,5,Rider was polite and quick.,2026-06-23
2416,17471,3,Order was missing an item.,2025-08-22
2417,17836,2,Order was missing an item.,2025-07-21
2418,9487,4,Average experience.,2026-02-10
2419,2137,5,Packaging could be better.,2025-03-14
2420,12091,1,Order was missing an item.,2026-05-12
2421,4663,1,Order was missing an item.,2026-05-26
2422,21116,3,Food was cold on arrival.,2025-04-27
2423,11249,3,Would not recommend.,2026-06-29
2424,15880,2,Would not recommend.,2026-04-05
2425,5571,5,Would not recommend.,2025-08-28
2426,3773,4,Value for money.,2026-05-29
2427,24546,5,"Great food, arrived hot!",2025-08-20
2428,23804,5,Absolutely delicious.,2025-08-30
2429,1211,3,Would not recommend.,2026-01-06
2430,4252,5,Perfect as always.,2026-02-13
2431,3213,5,Food was cold on arrival.,2026-04-20
2432,3432,5,Order was missing an item.,2025-07-11
2433,20910,4,Rider was polite and quick.,2024-03-18
2434,913,3,Portion size was small.,2024-02-22
2435,24214,4,Order was missing an item.,2026-05-06
2436,8496,4,Perfect as always.,2026-04-16
2437,8130,5,Perfect as always.,2025-10-21
2438,24978,4,Perfect as always.,2025-03-20
2439,13246,5,"Loved it, will order again.",2026-03-09
2440,1350,5,Packaging could be better.,2025-05-25
2441,15828,5,Rider was polite and quick.,2025-10-06
2442,2762,4,Food was cold on arrival.,2025-08-18
2443,16562,4,Delivery was late but food was good.,2025-03-03
2444,19255,5,Best biryani in town.,2026-03-27
2445,10660,3,Average experience.,2025-01-06
2446,16981,5,Average experience.,2025-07-29
2447,7940,5,"Loved it, will order again.",2026-04-27
2448,9137,,Portion size was small.,2026-03-03
2449,228,4,Food was cold on arrival.,2026-06-15
2450,10089,4,Average experience.,2026-02-23
2451,6023,2,Rider was polite and quick.,2026-03-09
2452,15520,3,Order was missing an item.,2025-08-31
2453,18675,4,Order was missing an item.,2024-08-31
2454,9650,5,Average experience.,2026-05-02
2455,9305,4,Best biryani in town.,2026-03-16
2456,13351,5,Packaging could be better.,2025-04-02
2457,21200,5,Packaging could be better.,2026-04-29
2458,16560,5,Absolutely delicious.,2026-05-23
2459,1434,5,Absolutely delicious.,2026-07-01
2460,1396,5,Portion size was small.,2026-03-22
2461,19227,5,Fresh and tasty.,2026-06-28
2462,19385,1,Delivery was late but food was good.,2025-09-10
2463,18982,4,Rider was polite and quick.,2026-04-20
2464,20532,4,Food was cold on arrival.,2026-04-19
2465,15969,3,"Loved it, will order again.",2026-01-14
2466,11312,5,Packaging could be better.,2025-11-09
2467,18185,4,Average experience.,2026-03-08
2468,10180,5,Rider was polite and quick.,2026-02-17
2469,20222,4,Delivery was late but food was good.,2026-01-02
2470,24400,4,Fresh and tasty.,2026-02-12
2471,1991,5,Portion size was small.,2025-12-21
2472,20769,3,Rider was polite and quick.,2026-06-04
2473,7020,2,Order was missing an item.,2026-04-09
2474,20570,4,Order was missing an item.,2025-05-01
2475,14068,5,Best biryani in town.,2025-10-27
2476,4006,3,"Great food, arrived hot!",2026-05-05
2477,20704,4,"Loved it, will order again.",2026-04-09
2478,8722,3,"Great food, arrived hot!",2025-05-19
2479,916,4,Average experience.,2024-06-22
2480,15467,5,Rider was polite and quick.,2026-03-15
2481,4357,4,Delivery was late but food was good.,2026-02-27
2482,8852,2,Fresh and tasty.,2026-02-07
2483,12953,5,Would not recommend.,2026-03-25
2484,14041,5,Value for money.,2024-04-16
2485,24263,5,Fresh and tasty.,2026-05-22
2486,16701,5,Value for money.,2025-08-08
2487,16546,5,Value for money.,2026-01-27
2488,16860,3,Rider was polite and quick.,2026-01-11
2489,22054,5,Average experience.,2024-07-27
2490,9011,5,Value for money.,2026-01-28
2491,1273,4,Would not recommend.,2026-04-16
2492,4920,3,Value for money.,2026-01-17
2493,18244,4,Absolutely delicious.,2025-07-28
2494,5655,3,Food was cold on arrival.,2024-11-23
2495,15890,5,Value for money.,2025-05-08
2496,4431,1,Delivery was late but food was good.,2024-09-08
2497,12035,4,Delivery was late but food was good.,2025-11-04
2498,22995,5,Packaging could be better.,2025-07-16
2499,22558,5,Portion size was small.,2024-03-11
2500,17235,5,Delivery was late but food was good.,2024-10-26
2501,23029,1,"Great food, arrived hot!",2026-05-14
2502,22176,2,Portion size was small.,2024-12-10
2503,23810,3,Packaging could be better.,2026-03-02
2504,3012,5,"Great food, arrived hot!",2026-04-04
2505,10818,4,Delivery was late but food was good.,2026-06-30
2506,19684,4,Perfect as always.,2025-10-09
2507,20496,3,Absolutely delicious.,2026-04-12
2508,13172,3,"Great food, arrived hot!",2025-08-12
2509,23173,3,"Loved it, will order again.",2025-07-07
2510,7814,2,Order was missing an item.,06/26/2026
2511,21092,5,Packaging could be better.,2024-02-28
2512,12345,1,"Loved it, will order again.",2024-06-09
2513,17709,5,Value for money.,2025-11-04
2514,22496,5,Best biryani in town.,2026-07-08
2515,24349,5,"Loved it, will order again.",2026-05-12
2516,13310,4,Would not recommend.,2025-11-28
2517,12184,5,Perfect as always.,2026-03-22
2518,20764,,Rider was polite and quick.,2025-08-02
2519,14438,,Perfect as always.,2026-06-01
2520,22239,4,Perfect as always.,2026-02-26
2521,8086,4,Order was missing an item.,2024-11-23
2522,24342,4,Value for money.,2025-06-30
2523,11873,4,Packaging could be better.,2024-12-05
2524,20015,3,"Great food, arrived hot!",2024-12-24
2525,10251,5,Delivery was late but food was good.,2024-05-04
2526,21958,5,Order was missing an item.,2026-01-26
2527,3173,4,Fresh and tasty.,2026-02-04
2528,21514,5,Absolutely delicious.,2025-09-05
2529,4165,4,Best biryani in town.,2024-08-25
2530,19397,3,Absolutely delicious.,2026-02-26
2531,3527,5,Would not recommend.,2025-02-20
2532,18673,4,Packaging could be better.,2026-05-12
2533,17588,5,Absolutely delicious.,2026-03-04
2534,4613,5,Average experience.,2026-05-20
2535,3069,,Average experience.,2025-06-01
2536,10439,4,Best biryani in town.,2025-06-17
2537,10801,5,"Great food, arrived hot!",2026-03-17
2538,10480,4,Portion size was small.,2026-06-12
2539,9185,5,Would not recommend.,2026-05-31
2540,22449,4,Packaging could be better.,2026-02-26
2541,20163,5,"Great food, arrived hot!",2025-10-10
2542,13285,5,Packaging could be better.,2026-07-03
2543,1105,3,"Great food, arrived hot!",2026-05-28
2544,19226,4,Value for money.,2025-08-30
2545,22033,4,Best biryani in town.,2025-09-21
2546,9676,3,Perfect as always.,2025-11-11
2547,781,4,Delivery was late but food was good.,2025-05-21
2548,6044,4,Average experience.,2026-03-02
2549,21012,4,Order was missing an item.,2026-06-30
2550,17441,4,Fresh and tasty.,2025-12-25
2551,24043,2,Portion size was small.,2026-03-05
2552,23478,4,Delivery was late but food was good.,2026-05-30
2553,10832,5,Value for money.,2025-07-05
2554,4076,4,Food was cold on arrival.,2026-05-01
2555,23933,5,Portion size was small.,2026-06-03
2556,20265,,Food was cold on arrival.,2025-12-05
2557,11778,4,Order was missing an item.,2024-02-07
2558,15063,,"Loved it, will order again.",2025-10-24
2559,4052,5,Would not recommend.,2025-12-03
2560,24037,4,Delivery was late but food was good.,2025-08-01
2561,6636,4,Delivery was late but food was good.,2025-11-01
2562,5760,2,Best biryani in town.,2025-05-20
2563,4446,4,Best biryani in town.,06/15/2025
2564,14012,5,Fresh and tasty.,2025-10-18
2565,16563,,Food was cold on arrival.,2026-05-07
2566,4023,5,Would not recommend.,2024-09-08
2567,2354,5,Order was missing an item.,2024-12-12
2568,20450,,Best biryani in town.,2025-06-24
2569,4274,1,Value for money.,2025-02-17
2570,12244,4,Delivery was late but food was good.,2026-02-18
2571,24169,4,Fresh and tasty.,2025-11-07
2572,18007,3,Order was missing an item.,2026-05-28
2573,23613,4,Value for money.,2025-09-19
2574,11870,4,"Great food, arrived hot!",2026-02-24
2575,15287,5,Order was missing an item.,2026-05-19
2576,19649,5,Would not recommend.,2024-09-09
2577,8052,,Value for money.,2026-06-21
2578,14346,4,Portion size was small.,2026-04-18
2579,18648,4,"Loved it, will order again.",2025-05-05
2580,20744,5,Food was cold on arrival.,2026-05-31
2581,11164,4,"Loved it, will order again.",2025-09-15
2582,19631,1,Delivery was late but food was good.,2024-07-08
2583,3139,4,Portion size was small.,2024-09-16
2584,24036,5,Perfect as always.,2025-03-19
2585,24412,,Best biryani in town.,2026-06-16
2586,13124,2,"Loved it, will order again.",2026-06-15
2587,9811,4,Absolutely delicious.,2026-03-24
2588,5882,5,Food was cold on arrival.,2025-07-01
2589,22006,4,Order was missing an item.,2024-08-05
2590,11237,5,Food was cold on arrival.,2025-04-13
2591,11658,4,"Great food, arrived hot!",2025-09-02
2592,191,5,Order was missing an item.,2024-08-15
2593,3183,4,Average experience.,2025-08-02
2594,23444,5,"Great food, arrived hot!",2025-06-20
2595,2285,5,Food was cold on arrival.,31/08/2024
2596,24895,4,Absolutely delicious.,2024-11-12
2597,20498,4,Delivery was late but food was good.,2025-05-06
2598,15397,5,Portion size was small.,2026-03-04
2599,8616,5,Portion size was small.,2026-05-03
2600,20149,5,"Loved it, will order again.",2025-12-10
2601,6465,5,Order was missing an item.,2025-04-06
2602,6081,5,Best biryani in town.,2025-11-22
2603,1834,3,Portion size was small.,2025-09-26
2604,176,,Rider was polite and quick.,2026-04-24
2605,10351,3,Portion size was small.,2026-05-24
2606,7163,3,Perfect as always.,2026-07-05
2607,10383,4,Perfect as always.,2026-06-29
2608,16625,5,Order was missing an item.,2024-06-23
2609,2610,4,Rider was polite and quick.,2025-04-08
2610,852,5,"Great food, arrived hot!",2024-07-01
2611,4542,3,"Great food, arrived hot!",2026-03-20
2612,20364,5,Average experience.,2025-11-12
2613,19764,4,"Loved it, will order again.",2025-04-04
2614,6275,5,Fresh and tasty.,2026-05-19
2615,21231,4,"Great food, arrived hot!",2026-05-29
2616,17314,4,Value for money.,2026-04-02
2617,11083,4,Best biryani in town.,2026-06-21
2618,10213,4,"Loved it, will order again.",2025-11-01
2619,3366,5,"Great food, arrived hot!",2025-12-11
2620,12375,2,Best biryani in town.,2026-03-06
2621,4659,4,Rider was polite and quick.,2025-06-07
2622,2933,3,Food was cold on arrival.,2025-12-26
2623,14082,4,"Loved it, will order again.",2025-05-26
2624,1187,4,Best biryani in town.,2026-05-23
2625,6656,2,Would not recommend.,2025-09-06
2626,17942,5,Average experience.,2026-05-04
2627,17485,4,Best biryani in town.,2026-05-07
2628,14273,5,Best biryani in town.,2026-04-19
2629,17290,5,Perfect as always.,2026-01-07
2630,4907,4,Average experience.,2026-04-15
2631,5105,,Average experience.,2026-04-15
2632,23078,3,Delivery was late but food was good.,2026-05-06
2633,1978,5,Rider was polite and quick.,2026-06-06
2634,22459,3,Portion size was small.,2025-07-07
2635,11456,5,Portion size was small.,2026-06-14
2636,17782,4,Portion size was small.,2026-01-13
2637,21426,5,Food was cold on arrival.,2025-07-03
2638,11681,2,Food was cold on arrival.,2026-06-27
2639,2325,,Average experience.,2026-03-03
2640,21785,5,Packaging could be better.,2025-10-05
2641,7642,2,Portion size was small.,2025-07-19
2642,7216,5,"Great food, arrived hot!",2025-10-20
2643,16445,4,"Loved it, will order again.",2026-04-17
2644,1022,2,Portion size was small.,2025-08-04
2645,15456,5,Packaging could be better.,02/07/2026
2646,12308,5,Absolutely delicious.,2025-12-24
2647,5499,5,"Great food, arrived hot!",2025-07-15
2648,6008,4,Best biryani in town.,2024-10-15
2649,19386,5,Absolutely delicious.,2026-02-13
2650,20165,5,Perfect as always.,2024-12-23
2651,12037,5,Average experience.,2025-08-03
2652,11614,5,Average experience.,2026-03-11
2653,11439,5,Best biryani in town.,2025-10-05
2654,14652,,Best biryani in town.,2025-10-09
2655,9431,3,Order was missing an item.,2026-01-12
2656,15424,5,Fresh and tasty.,2025-10-23
2657,12757,3,Best biryani in town.,2026-04-29
2658,21140,5,Average experience.,2025-06-20
2659,17334,4,Would not recommend.,2024-09-22
2660,23920,,Packaging could be better.,2024-08-29
2661,13790,2,Absolutely delicious.,2026-06-28
2662,9606,2,Average experience.,2025-05-28
2663,16905,5,Packaging could be better.,2025-08-30
2664,12349,4,Best biryani in town.,2025-10-03
2665,22870,5,Would not recommend.,2024-09-06
2666,15316,3,"Loved it, will order again.",2025-11-23
2667,7417,2,Order was missing an item.,2024-07-25
2668,11724,5,"Loved it, will order again.",2025-06-25
2669,1457,3,Delivery was late but food was good.,2025-12-21
2670,12833,5,Rider was polite and quick.,2026-05-03
2671,22473,4,Best biryani in town.,2025-07-29
2672,13895,4,Rider was polite and quick.,2026-06-20
2673,6371,5,Would not recommend.,2026-05-27
2674,12590,2,"Loved it, will order again.",2026-01-27
2675,20777,5,"Great food, arrived hot!",2025-08-30
2676,19808,4,Best biryani in town.,2025-03-20
2677,1055,3,Delivery was late but food was good.,2025-08-16
2678,378,3,Rider was polite and quick.,2025-07-08
2679,6781,4,Value for money.,2024-11-16
2680,12200,4,"Great food, arrived hot!",2026-03-25
2681,21308,4,Average experience.,2025-03-31
2682,1869,3,"Loved it, will order again.",2026-03-05
2683,23143,2,"Great food, arrived hot!",2026-05-19
2684,10314,4,Best biryani in town.,2025-05-21
2685,15276,5,Rider was polite and quick.,2026-01-20
2686,12378,2,Rider was polite and quick.,2026-03-21
2687,4092,5,Portion size was small.,2026-06-26
2688,9274,4,"Great food, arrived hot!",2025-08-23
2689,18206,,Packaging could be better.,2026-05-26
2690,8137,3,Would not recommend.,2026-03-11
2691,12498,4,Perfect as always.,2026-01-27
2692,14124,5,Delivery was late but food was good.,2026-05-24
2693,20148,5,Best biryani in town.,2025-05-30
2694,19001,4,Portion size was small.,2025-02-23
2695,14541,5,Rider was polite and quick.,2026-03-27
2696,3601,,Rider was polite and quick.,2024-07-27
2697,8846,5,Food was cold on arrival.,2025-02-11
2698,12615,5,Rider was polite and quick.,2025-07-25
2699,169,4,"Loved it, will order again.",2026-06-27
2700,8880,4,Best biryani in town.,2024-07-19
2701,21600,5,Delivery was late but food was good.,2025-09-25
2702,9046,4,Value for money.,2025-02-09
2703,11339,4,Rider was polite and quick.,2025-11-23
2704,12109,5,Order was missing an item.,2024-04-14
2705,18416,5,Average experience.,2024-09-12
2706,12435,2,"Great food, arrived hot!",2026-07-05
2707,5604,5,"Great food, arrived hot!",2024-04-24
2708,23726,5,Best biryani in town.,2025-11-19
2709,6120,4,Portion size was small.,2025-12-24
2710,20974,3,Food was cold on arrival.,2025-03-25
2711,6031,5,Perfect as always.,2025-04-24
2712,6454,4,Average experience.,2026-05-30
2713,18490,5,Food was cold on arrival.,2025-09-18
2714,15473,4,Food was cold on arrival.,2025-04-15
2715,3425,4,Would not recommend.,2026-06-07
2716,19050,1,Rider was polite and quick.,2026-03-28
2717,7574,4,Best biryani in town.,2025-03-17
2718,14985,4,"Great food, arrived hot!",2026-04-22
2719,15797,5,Fresh and tasty.,2024-06-18
2720,3172,4,Value for money.,2025-03-24
2721,21460,1,Would not recommend.,2024-08-13
2722,1280,3,Average experience.,2026-05-12
2723,20905,5,Food was cold on arrival.,2026-02-25
2724,11251,5,Rider was polite and quick.,2025-11-09
2725,21551,5,"Great food, arrived hot!",2026-05-19
2726,16753,5,Food was cold on arrival.,2025-11-21
2727,7127,4,Perfect as always.,2025-08-10
2728,10642,4,"Loved it, will order again.",2026-03-26
2729,698,3,Average experience.,2025-12-14
2730,585,1,Perfect as always.,2025-12-07
2731,6723,5,Rider was polite and quick.,2025-08-08
2732,6634,2,Rider was polite and quick.,2026-06-11
2733,9613,4,"Great food, arrived hot!",2025-05-22
2734,2240,5,Fresh and tasty.,2026-06-24
2735,19096,4,Delivery was late but food was good.,2026-03-13
2736,16329,4,Average experience.,2024-07-04
2737,13017,5,Food was cold on arrival.,2024-01-11
2738,14855,4,Portion size was small.,2025-12-23
2739,17438,3,"Loved it, will order again.",2026-03-28
2740,23188,4,Perfect as always.,2025-08-03
2741,12902,4,Order was missing an item.,2024-12-16
2742,1493,4,Order was missing an item.,2026-05-21
2743,17623,5,"Loved it, will order again.",2025-11-23
2744,18312,5,Rider was polite and quick.,2024-01-12
2745,5853,4,Fresh and tasty.,2024-10-28
2746,2171,5,Perfect as always.,2026-04-13
2747,11044,5,Value for money.,2024-01-24
2748,9630,4,Fresh and tasty.,2025-12-12
2749,15326,4,Average experience.,2026-04-24
2750,1364,4,Would not recommend.,2024-03-07
2751,645,4,"Loved it, will order again.",2025-05-23
2752,16865,5,Order was missing an item.,2026-03-28
2753,18671,3,Value for money.,2025-12-16
2754,4468,5,Order was missing an item.,2026-06-09
2755,17599,5,Delivery was late but food was good.,2024-09-27
2756,21032,5,Order was missing an item.,2025-07-20
2757,4440,1,"Great food, arrived hot!",2025-10-18
2758,20904,4,"Great food, arrived hot!",2026-02-13
2759,11965,1,Order was missing an item.,2026-05-30
2760,11413,5,Absolutely delicious.,2026-03-18
2761,13127,2,Best biryani in town.,2025-06-26
2762,3972,3,Absolutely delicious.,2025-12-05
2763,3604,4,"Great food, arrived hot!",2025-03-28
2764,19737,1,Food was cold on arrival.,2024-06-11
2765,3088,5,"Great food, arrived hot!",2026-02-27
2766,15172,4,Perfect as always.,2026-06-29
2767,18937,5,Packaging could be better.,2025-11-15
2768,9334,3,Order was missing an item.,2026-03-29
2769,18222,3,Portion size was small.,2025-08-16
2770,16892,4,Packaging could be better.,2025-12-22
2771,14809,5,Delivery was late but food was good.,2024-10-18
2772,2666,5,Portion size was small.,2024-05-05
2773,20533,4,Fresh and tasty.,2026-05-11
2774,20580,5,"Loved it, will order again.",2026-03-20
2775,351,5,Food was cold on arrival.,2025-08-22
2776,14105,,Absolutely delicious.,2024-03-14
2777,22502,4,Packaging could be better.,06/16/2026
2778,3546,3,Order was missing an item.,2026-01-16
2779,13149,3,"Loved it, will order again.",2026-06-17
2780,17952,,Absolutely delicious.,2026-01-02
2781,17156,5,Food was cold on arrival.,2026-02-25
2782,24376,4,Rider was polite and quick.,2026-03-28
2783,19414,,Perfect as always.,2025-07-23
2784,23061,5,Value for money.,2026-02-16
2785,22838,3,Packaging could be better.,2026-04-09
2786,11695,4,Perfect as always.,2024-07-07
2787,14757,5,Value for money.,2026-01-20
2788,18666,3,Portion size was small.,2025-11-22
2789,19143,3,Order was missing an item.,2026-05-06
2790,20328,4,Would not recommend.,2025-06-06
2791,19838,,Rider was polite and quick.,2025-02-25
2792,17054,4,Food was cold on arrival.,2026-04-13
2793,17908,4,Average experience.,2025-12-31
2794,15889,5,Absolutely delicious.,2026-04-03
2795,19632,5,Portion size was small.,2024-05-29
2796,3794,4,Delivery was late but food was good.,2025-04-07
2797,2707,4,Best biryani in town.,2026-04-23
2798,18962,4,Fresh and tasty.,2025-02-19
2799,9438,5,Delivery was late but food was good.,2025-11-27
2800,15376,2,Absolutely delicious.,2026-01-06
2801,16884,5,"Loved it, will order again.",2024-12-17
2802,14908,4,Average experience.,2026-04-07
2803,22248,,Average experience.,2026-07-01
2804,16730,4,Absolutely delicious.,2025-10-01
2805,18330,5,Order was missing an item.,2026-07-01
2806,4296,4,Rider was polite and quick.,2026-05-29
2807,5561,5,Average experience.,2024-03-07
2808,1241,5,Perfect as always.,2026-04-01
2809,18948,3,Food was cold on arrival.,2026-05-26
2810,16373,4,Value for money.,2026-06-28
2811,14238,4,Portion size was small.,2026-06-27
2812,21832,2,Absolutely delicious.,05/03/2026
2813,22057,5,Average experience.,2024-09-15
2814,9649,5,Portion size was small.,2026-06-29
2815,2997,5,Absolutely delicious.,2026-01-23
2816,12653,3,Absolutely delicious.,2025-11-19
2817,12754,4,Order was missing an item.,2025-11-25
2818,20057,5,Would not recommend.,2026-06-14
2819,14178,4,Would not recommend.,2026-02-03
2820,19011,3,Delivery was late but food was good.,2026-01-22
2821,13131,4,Rider was polite and quick.,2024-10-16
2822,7843,5,Absolutely delicious.,2025-04-18
2823,7206,,"Great food, arrived hot!",2025-11-19
2824,21536,5,Food was cold on arrival.,2024-07-29
2825,15084,3,Portion size was small.,2026-02-05
2826,1213,2,Value for money.,2025-04-04
2827,6928,4,Packaging could be better.,2026-05-07
2828,12080,4,Average experience.,2024-06-28
2829,14749,5,Rider was polite and quick.,2025-09-26
2830,19709,3,Food was cold on arrival.,2026-05-07
2831,23241,4,"Loved it, will order again.",2025-12-04
2832,12829,3,"Great food, arrived hot!",2026-06-03
2833,18592,5,Rider was polite and quick.,2026-03-31
2834,8494,5,Delivery was late but food was good.,2026-02-06
2835,2108,4,Delivery was late but food was good.,2026-06-23
2836,22487,5,Packaging could be better.,2025-08-23
2837,12306,,Food was cold on arrival.,2026-06-26
2838,20740,5,Would not recommend.,2025-09-21
2839,18421,1,Portion size was small.,2024-04-06
2840,19110,,Delivery was late but food was good.,2024-03-02
2841,5566,3,Absolutely delicious.,2026-01-20
2842,843,5,Delivery was late but food was good.,2026-03-21
2843,4201,5,Would not recommend.,2025-04-18
2844,4170,5,"Great food, arrived hot!",2026-02-19
2845,19038,4,Best biryani in town.,2024-03-16
2846,360,3,"Great food, arrived hot!",2026-04-07
2847,8956,5,Average experience.,2025-12-27
2848,1664,4,Best biryani in town.,2026-05-17
2849,24873,5,Value for money.,2025-11-01
2850,10134,2,Rider was polite and quick.,2024-09-19
2851,9675,5,Best biryani in town.,2026-01-31
2852,23178,5,Food was cold on arrival.,2025-11-14
2853,19124,5,Portion size was small.,2025-07-15
2854,15590,4,Order was missing an item.,2026-06-26
2855,788,5,Absolutely delicious.,2025-10-31
2856,21168,5,Absolutely delicious.,2026-06-05
2857,1178,5,Order was missing an item.,2026-04-17
2858,13273,5,Rider was polite and quick.,2026-02-24
2859,21528,5,Perfect as always.,2026-06-26
2860,10721,2,"Great food, arrived hot!",2026-06-29
2861,5556,3,Best biryani in town.,2026-02-10
2862,482,,Absolutely delicious.,2024-06-29
2863,840,5,Best biryani in town.,2025-09-04
2864,20792,4,Perfect as always.,2026-01-21
2865,11244,,Rider was polite and quick.,2026-03-17
2866,23154,3,Best biryani in town.,2026-01-31
2867,1594,5,Perfect as always.,2025-01-07
2868,22939,5,Average experience.,2025-07-22
2869,11558,5,Average experience.,2026-06-04
2870,5358,3,Fresh and tasty.,2026-04-18
2871,14183,5,"Loved it, will order again.",2025-06-28
2872,18860,,Delivery was late but food was good.,2026-02-10
2873,16531,2,Food was cold on arrival.,2025-12-13
2874,12980,3,Order was missing an item.,2024-05-07
2875,19281,5,Value for money.,2026-03-24
2876,11575,4,"Loved it, will order again.",2025-12-19
2877,22364,,Rider was polite and quick.,2025-04-14
2878,24335,5,Absolutely delicious.,2025-05-08
2879,13136,5,Packaging could be better.,2024-02-28
2880,23049,3,Absolutely delicious.,2026-03-22
2881,7937,4,"Loved it, will order again.",2025-05-12
2882,20176,5,Perfect as always.,2024-06-01
2883,19428,5,Food was cold on arrival.,2024-10-28
2884,16763,5,"Loved it, will order again.",2026-01-12
2885,7400,4,Best biryani in town.,2025-11-23
2886,24472,5,"Great food, arrived hot!",2025-08-03
2887,9907,4,Value for money.,2026-05-30
2888,15004,,Portion size was small.,2025-11-11
2889,14994,3,Food was cold on arrival.,2025-01-04
2890,4602,5,Would not recommend.,2026-02-12
2891,6581,5,Delivery was late but food was good.,2026-04-24
2892,19810,5,Best biryani in town.,2026-03-30
2893,287,4,Order was missing an item.,2024-06-04
2894,9996,5,Best biryani in town.,2026-06-20
2895,22322,4,Delivery was late but food was good.,2025-06-16
2896,9277,5,"Loved it, will order again.",2026-05-22
2897,8325,4,Order was missing an item.,2026-05-29
2898,17275,2,Order was missing an item.,2026-04-24
2899,17455,3,Value for money.,2026-03-24
2900,1177,5,Absolutely delicious.,2026-05-09
2901,925,4,Packaging could be better.,2025-08-24
2902,23174,5,Delivery was late but food was good.,2025-12-30
2903,10842,,Delivery was late but food was good.,2026-01-27
2904,7661,2,Perfect as always.,2025-02-02
2905,681,3,Average experience.,2026-06-06
2906,19224,4,Portion size was small.,2024-12-24
2907,22280,4,Average experience.,2025-06-25
2908,15999,4,Food was cold on arrival.,2025-10-30
2909,17189,4,Would not recommend.,2025-09-06
2910,11369,3,Order was missing an item.,2025-10-19
2911,23757,4,Would not recommend.,2026-06-07
2912,16960,2,Perfect as always.,2026-05-07
2913,13007,4,Food was cold on arrival.,2025-10-01
2914,6205,,Would not recommend.,2025-10-26
2915,12246,4,Average experience.,2025-09-25
2916,3323,5,Portion size was small.,2025-12-29
2917,2838,5,Portion size was small.,2026-04-10
2918,15303,5,Rider was polite and quick.,2025-02-26
2919,919,5,"Loved it, will order again.",2025-02-14
2920,20155,5,Best biryani in town.,2025-06-03
2921,8816,,Portion size was small.,2024-05-06
2922,4216,2,Would not recommend.,2026-05-15
2923,17208,4,Absolutely delicious.,2025-07-13
2924,11054,3,Rider was polite and quick.,2026-04-12
2925,23556,4,Perfect as always.,2026-05-26
2926,2163,4,Value for money.,2025-01-14
2927,11409,5,Would not recommend.,2026-05-09
2928,941,4,Absolutely delicious.,2026-05-08
2929,2402,4,Absolutely delicious.,2026-04-12
2930,1041,3,Fresh and tasty.,2024-03-19
2931,20412,5,Food was cold on arrival.,2026-04-28
2932,1084,5,Average experience.,2025-11-15
2933,23829,5,Absolutely delicious.,2025-10-27
2934,6545,5,Delivery was late but food was good.,2026-03-20
2935,20660,5,Absolutely delicious.,2026-06-03
2936,4437,5,"Loved it, will order again.",2025-05-10
2937,8780,3,Portion size was small.,2024-07-11
2938,14557,5,Order was missing an item.,2026-03-30
2939,12014,3,"Great food, arrived hot!",2025-02-24
2940,11069,3,Delivery was late but food was good.,2025-07-15
2941,13096,4,"Loved it, will order again.",2024-12-10
2942,10529,5,Value for money.,2026-06-10
2943,10938,3,Perfect as always.,2026-04-03
2944,583,5,"Great food, arrived hot!",2026-04-20
2945,17604,3,Best biryani in town.,2026-03-10
2946,19195,3,"Great food, arrived hot!",2026-01-01
2947,20375,5,Packaging could be better.,2026-05-01
2948,8856,5,Order was missing an item.,2026-06-23
2949,655,5,Delivery was late but food was good.,2026-06-26
2950,8597,5,Order was missing an item.,2026-06-02
2951,19211,4,Fresh and tasty.,2025-06-11
2952,13922,4,Portion size was small.,2026-02-01
2953,10034,5,Would not recommend.,2024-02-25
2954,22225,,Order was missing an item.,2026-05-18
2955,6495,5,Perfect as always.,2025-10-10
2956,24652,5,Would not recommend.,2025-03-04
2957,17850,2,Absolutely delicious.,2025-07-29
2958,17289,3,Food was cold on arrival.,2024-09-04
2959,11462,3,"Great food, arrived hot!",2024-04-25
2960,24286,4,"Great food, arrived hot!",2026-03-25
2961,22559,2,Food was cold on arrival.,2026-06-15
2962,1590,2,Value for money.,2024-02-03
2963,20109,4,Packaging could be better.,2025-10-31
2964,12519,5,Best biryani in town.,2025-02-12
2965,24065,5,Best biryani in town.,2026-04-01
2966,11928,1,Value for money.,2025-07-02
2967,18054,4,Average experience.,2025-09-17
2968,21787,,Value for money.,2026-05-01
2969,4028,,"Loved it, will order again.",2025-12-26
2970,19192,3,Rider was polite and quick.,2025-03-31
2971,22425,4,Fresh and tasty.,2025-12-06
2972,8286,5,Delivery was late but food was good.,2025-02-11
2973,21438,4,Delivery was late but food was good.,2025-08-08
2974,14644,5,"Great food, arrived hot!",2025-04-15
2975,15196,,Best biryani in town.,2025-02-02
2976,1049,5,Packaging could be better.,2026-03-16
2977,706,4,Average experience.,2024-08-25
2978,10545,2,"Great food, arrived hot!",2025-12-08
2979,1144,4,Packaging could be better.,2026-01-12
2980,7868,5,Value for money.,2026-03-21
2981,9873,5,Perfect as always.,2024-06-09
2982,11168,5,Value for money.,2025-02-20
2983,6253,3,Food was cold on arrival.,2024-04-28
2984,19362,3,Packaging could be better.,2026-02-20
2985,15373,4,Would not recommend.,2024-08-26
2986,21253,5,"Loved it, will order again.",2025-11-25
2987,1165,,Food was cold on arrival.,2025-06-28
2988,19383,4,Would not recommend.,2024-02-26
2989,6538,4,"Great food, arrived hot!",2025-10-01
2990,6380,3,"Great food, arrived hot!",2025-07-19
2991,6618,5,Value for money.,2024-06-08
2992,22963,,Rider was polite and quick.,2025-12-13
2993,8783,2,Portion size was small.,2024-04-14
2994,7750,2,Average experience.,2024-04-24
2995,22584,5,"Loved it, will order again.",2025-01-12
2996,18558,5,Portion size was small.,2025-09-12
2997,11298,4,Would not recommend.,2026-04-07
2998,12075,4,"Loved it, will order again.",2025-04-06
2999,12874,4,"Loved it, will order again.",2024-08-03
3000,4248,5,Value for money.,2026-06-28
3001,23077,3,Fresh and tasty.,2025-06-29
3002,5816,1,Portion size was small.,2025-04-21
3003,2743,5,Delivery was late but food was good.,2025-11-09
3004,2696,3,Perfect as always.,2025-06-19
3005,22518,3,Packaging could be better.,2025-01-14
3006,15114,5,Fresh and tasty.,2026-06-12
3007,8006,4,Delivery was late but food was good.,04/04/2026
3008,17088,4,Rider was polite and quick.,2026-02-23
3009,21159,5,Portion size was small.,2026-01-12
3010,15465,4,Best biryani in town.,2025-03-20
3011,3838,3,Food was cold on arrival.,2026-01-20
3012,3828,1,Value for money.,2026-01-13
3013,120,4,Best biryani in town.,2025-09-14
3014,24610,5,Absolutely delicious.,2025-01-18
3015,1116,5,"Loved it, will order again.",2026-01-04
3016,9140,4,Portion size was small.,2026-06-04
3017,20045,4,Value for money.,2026-05-18
3018,12551,2,Food was cold on arrival.,2025-03-11
3019,3970,5,Delivery was late but food was good.,2026-02-25
3020,5151,3,Average experience.,2026-07-02
3021,20831,3,Best biryani in town.,2026-05-04
3022,1045,4,"Great food, arrived hot!",2024-02-14
3023,14377,5,Fresh and tasty.,2025-03-03
3024,188,3,Order was missing an item.,2026-05-08
3025,812,2,Would not recommend.,2026-04-26
3026,688,5,Delivery was late but food was good.,2026-06-18
3027,5771,5,Rider was polite and quick.,2025-11-06
3028,19254,5,Best biryani in town.,2026-03-11
3029,16576,1,Value for money.,2024-06-16
3030,24926,5,"Great food, arrived hot!",2025-08-03
3031,14742,4,"Loved it, will order again.",2025-09-25
3032,14940,4,Fresh and tasty.,2025-12-22
3033,2644,5,Absolutely delicious.,2026-02-23
3034,21950,,"Loved it, will order again.",2025-07-31
3035,8518,4,Rider was polite and quick.,2025-11-07
3036,11832,3,Fresh and tasty.,2025-07-30
3037,19485,4,Would not recommend.,2026-06-20
3038,208,4,Portion size was small.,2025-11-30
3039,19665,5,"Loved it, will order again.",2025-08-09
3040,10296,3,Portion size was small.,2026-06-18
3041,16184,5,Absolutely delicious.,2026-06-04
3042,11988,4,Best biryani in town.,2024-07-03
3043,15460,5,Delivery was late but food was good.,2024-05-09
3044,18787,4,Would not recommend.,2025-04-27
3045,1336,4,"Great food, arrived hot!",2025-08-08
3046,22283,5,Packaging could be better.,2026-05-27
3047,3744,5,Order was missing an item.,2026-01-26
3048,10088,5,Delivery was late but food was good.,2025-08-31
3049,5215,3,Perfect as always.,2025-04-04
3050,773,5,Rider was polite and quick.,2026-04-23
3051,3006,5,Absolutely delicious.,2026-03-12
3052,19881,5,Average experience.,2025-02-28
3053,15477,4,Food was cold on arrival.,2026-05-25
3054,11881,4,Perfect as always.,2025-11-29
3055,603,5,Food was cold on arrival.,2025-03-28
3056,8265,4,Value for money.,2025-01-31
3057,805,4,"Loved it, will order again.",2025-06-08
3058,22557,3,Absolutely delicious.,2026-01-13
3059,6202,1,Perfect as always.,2025-10-12
3060,20883,5,"Loved it, will order again.",2026-05-02
3061,9384,5,Would not recommend.,2025-09-16
3062,7226,,"Great food, arrived hot!",2025-09-01
3063,23433,5,Best biryani in town.,2026-03-02
3064,23539,,"Great food, arrived hot!",2026-03-07
3065,24857,5,Would not recommend.,2026-03-01
3066,20486,5,"Great food, arrived hot!",2024-11-23
3067,20152,5,Portion size was small.,2026-06-10
3068,8186,5,Value for money.,2025-08-27
3069,4743,,Food was cold on arrival.,2025-12-10
3070,9136,1,Portion size was small.,2025-04-23
3071,22233,5,Perfect as always.,2026-07-07
3072,2835,3,Perfect as always.,2026-06-06
3073,14492,4,Absolutely delicious.,2026-06-27
3074,13940,5,Value for money.,2026-06-13
3075,22551,5,Delivery was late but food was good.,2026-07-05
3076,4829,4,Food was cold on arrival.,2026-06-16
3077,23171,4,Delivery was late but food was good.,2026-05-27
3078,4880,4,Fresh and tasty.,2026-04-20
3079,24468,5,Value for money.,2024-10-30
3080,16870,2,Portion size was small.,2025-10-07
3081,20269,5,Packaging could be better.,2025-10-28
3082,18460,4,Order was missing an item.,2025-10-28
3083,22544,4,Fresh and tasty.,2025-05-15
3084,15593,4,Fresh and tasty.,2025-07-07
3085,4433,5,"Loved it, will order again.",2025-08-07
3086,24905,3,Portion size was small.,2026-03-08
3087,4566,3,Average experience.,2026-03-23
3088,24236,4,Would not recommend.,2026-05-28
3089,16584,3,"Loved it, will order again.",2025-11-25
3090,21719,3,Rider was polite and quick.,2026-06-05
3091,9784,4,Average experience.,2025-01-25
3092,19418,3,"Great food, arrived hot!",2026-06-21
3093,4654,1,Order was missing an item.,2025-03-05
3094,499,4,Order was missing an item.,2025-12-19
3095,21716,,Would not recommend.,2025-08-05
3096,19142,3,Order was missing an item.,2024-07-02
3097,2473,4,"Loved it, will order again.",2025-12-06
3098,833,4,"Loved it, will order again.",2026-05-23
3099,4702,5,"Loved it, will order again.",2025-12-28
3100,331,2,Delivery was late but food was good.,2025-12-07
3101,4281,3,Average experience.,2026-06-14
3102,17100,3,Value for money.,2025-11-03
3103,21714,4,Delivery was late but food was good.,2025-09-14
3104,10625,3,Fresh and tasty.,2026-01-28
3105,8695,4,"Great food, arrived hot!",2026-04-30
3106,15364,5,Delivery was late but food was good.,2026-06-30
3107,6961,5,Fresh and tasty.,2024-03-30
3108,13367,5,Would not recommend.,2026-01-26
3109,22982,4,Perfect as always.,2026-05-04
3110,20262,3,Perfect as always.,2025-02-22
3111,3556,5,Fresh and tasty.,2024-10-28
3112,20918,4,Perfect as always.,2024-12-22
3113,15968,4,Perfect as always.,2025-02-03
3114,4407,4,Order was missing an item.,2026-03-19
3115,10241,4,"Great food, arrived hot!",2025-08-05
3116,19351,4,"Loved it, will order again.",2025-07-03
3117,3469,5,Delivery was late but food was good.,2026-03-24
3118,21226,3,Absolutely delicious.,2024-09-25
3119,5365,5,Portion size was small.,2025-07-10
3120,15389,4,Value for money.,2024-05-23
3121,11788,5,Order was missing an item.,2025-02-09
3122,13996,3,Portion size was small.,2024-06-07
3123,17686,4,Packaging could be better.,2025-08-20
3124,5139,5,Fresh and tasty.,2025-05-09
3125,2481,2,Would not recommend.,2026-06-23
3126,11998,5,Rider was polite and quick.,2025-11-10
3127,13572,3,Rider was polite and quick.,2026-05-13
3128,14648,4,Would not recommend.,2026-02-18
3129,5980,4,Food was cold on arrival.,2025-11-12
3130,2264,5,Value for money.,2024-05-08
3131,9189,3,Packaging could be better.,2026-04-29
3132,5425,5,Rider was polite and quick.,2026-06-21
3133,23513,4,Packaging could be better.,2026-05-16
3134,20630,3,Portion size was small.,2025-11-13
3135,7953,5,Fresh and tasty.,2025-07-27
3136,7701,5,"Loved it, will order again.",2026-05-15
3137,5667,4,Would not recommend.,2025-12-05
3138,4908,5,Value for money.,2024-07-29
3139,12977,,Best biryani in town.,2024-09-10
3140,13328,3,Packaging could be better.,2025-04-06
3141,5274,4,Packaging could be better.,28/02/2025
3142,8126,5,Average experience.,2025-03-30
3143,3658,1,Average experience.,2026-06-26
3144,23796,3,Would not recommend.,2026-05-23
3145,13143,5,Order was missing an item.,2026-05-15
3146,21652,2,Rider was polite and quick.,2025-05-02
3147,8732,5,Best biryani in town.,2025-05-13
3148,7514,4,Delivery was late but food was good.,2025-12-17
3149,17814,3,Rider was polite and quick.,03/04/2026
3150,1935,4,Perfect as always.,2026-06-14
3151,6307,5,"Great food, arrived hot!",2024-04-20
3152,13222,4,Would not recommend.,2024-10-18
3153,11673,4,Best biryani in town.,2025-10-13
3154,7544,5,Delivery was late but food was good.,2025-04-16
3155,21319,1,Perfect as always.,2026-05-18
3156,17312,5,Value for money.,2025-06-27
3157,8631,5,"Loved it, will order again.",2025-11-30
3158,3405,5,"Great food, arrived hot!",2025-01-25
3159,20718,5,Value for money.,2024-10-22
3160,9210,2,Rider was polite and quick.,2026-02-06
3161,11526,5,Order was missing an item.,2025-08-16
3162,4554,5,Absolutely delicious.,2024-03-03
3163,16886,4,Portion size was small.,2026-04-06
3164,4949,5,"Loved it, will order again.",2026-05-02
3165,14634,5,Order was missing an item.,2026-03-21
3166,4130,5,"Great food, arrived hot!",2026-06-01
3167,23872,1,Perfect as always.,2026-02-28
3168,18180,4,Perfect as always.,2026-03-20
3169,20617,1,Fresh and tasty.,2026-04-03
3170,10806,5,Would not recommend.,2025-11-04
3171,22359,4,Food was cold on arrival.,2026-05-23
3172,5635,3,"Great food, arrived hot!",2025-10-28
3173,10463,1,Portion size was small.,2025-08-18
3174,5364,3,Best biryani in town.,2026-06-05
3175,6131,3,Packaging could be better.,2025-08-19
3176,1845,2,Food was cold on arrival.,2026-04-29
3177,5930,5,Delivery was late but food was good.,2026-04-15
3178,18395,1,"Loved it, will order again.",2026-01-30
3179,18281,4,"Loved it, will order again.",2026-03-19
3180,13504,5,Would not recommend.,2026-05-05
3181,9893,4,Order was missing an item.,2026-05-01
3182,24815,4,Perfect as always.,2026-02-24
3183,6499,,Best biryani in town.,2026-02-05
3184,18736,3,Average experience.,2025-05-31
3185,9102,,Would not recommend.,2026-04-23
3186,24265,,Delivery was late but food was good.,2026-06-13
3187,15965,3,Delivery was late but food was good.,2026-04-14
3188,23688,4,Absolutely delicious.,2026-05-12
3189,14447,5,Rider was polite and quick.,2025-01-15
3190,10049,5,Would not recommend.,2025-10-10
3191,13433,,Absolutely delicious.,2024-11-13
3192,19974,5,Portion size was small.,2025-12-22
3193,2065,4,"Great food, arrived hot!",2026-06-16
3194,12241,4,Fresh and tasty.,2026-06-10
3195,6736,5,Packaging could be better.,2026-04-19
3196,17126,2,Average experience.,2024-04-17
3197,4994,2,Order was missing an item.,2026-05-04
3198,617,4,Value for money.,2025-11-26
3199,20157,2,Food was cold on arrival.,2024-08-20
3200,8547,3,Rider was polite and quick.,2026-01-03
3201,8708,2,"Loved it, will order again.",2026-03-11
3202,24437,5,Would not recommend.,2024-11-27
3203,2657,5,Average experience.,2024-05-29
3204,23793,3,Value for money.,2025-06-04
3205,22002,3,Portion size was small.,2026-03-02
3206,24071,4,Average experience.,2025-05-05
3207,896,4,Value for money.,2025-08-02
3208,21567,5,Best biryani in town.,2024-03-24
3209,8376,5,Rider was polite and quick.,2025-07-28
3210,11255,3,Would not recommend.,2026-06-14
3211,4125,5,Average experience.,2025-06-03
3212,9910,5,Delivery was late but food was good.,2026-06-22
3213,19046,2,Portion size was small.,2025-03-18
3214,8329,,Average experience.,2025-10-12
3215,5404,4,Fresh and tasty.,2026-01-06
3216,16635,4,Best biryani in town.,2026-02-10
3217,20667,5,Packaging could be better.,2026-03-04
3218,10268,4,Perfect as always.,2026-06-16
3219,8114,3,Absolutely delicious.,2026-05-26
3220,616,1,Absolutely delicious.,2025-11-05
3221,4114,4,Average experience.,2025-12-23
3222,7950,4,Absolutely delicious.,2026-01-21
3223,6676,5,Best biryani in town.,2025-11-17
3224,14603,5,Food was cold on arrival.,2026-06-08
3225,6571,4,"Great food, arrived hot!",2025-08-15
3226,2193,1,Order was missing an item.,2025-10-16
3227,12677,,Best biryani in town.,2024-01-13
3228,97,,Rider was polite and quick.,2025-06-07
3229,14408,5,Would not recommend.,2026-05-24
3230,3879,5,Best biryani in town.,2025-06-16
3231,2239,4,"Great food, arrived hot!",2026-07-01
3232,1680,3,Average experience.,2026-02-03
3233,545,5,Order was missing an item.,2025-03-22
3234,12860,3,Delivery was late but food was good.,2026-07-03
3235,13228,4,Value for money.,2026-06-19
3236,6287,5,"Great food, arrived hot!",2026-07-01
3237,611,5,Delivery was late but food was good.,2026-02-18
3238,4979,5,Best biryani in town.,2024-10-08
3239,1422,5,Absolutely delicious.,2026-01-16
3240,8990,3,Fresh and tasty.,2025-10-29
3241,19941,5,Value for money.,2025-07-10
3242,13397,3,Rider was polite and quick.,2025-11-05
3243,12160,5,Value for money.,2026-03-27
3244,7352,1,Value for money.,2026-06-18
3245,24261,4,Value for money.,2024-04-08
3246,6729,4,"Great food, arrived hot!",2026-06-01
3247,24466,5,Best biryani in town.,2026-01-07
3248,21761,4,"Loved it, will order again.",2025-03-28
3249,369,1,Best biryani in town.,2025-03-25
3250,2840,,Would not recommend.,2026-02-22
3251,20830,5,Best biryani in town.,2026-02-26
3252,24225,4,Would not recommend.,2025-10-28
3253,3223,2,"Great food, arrived hot!",2026-06-09
3254,5871,5,Best biryani in town.,2025-12-12
3255,3157,5,Portion size was small.,2025-06-12
3256,16463,5,Best biryani in town.,2025-10-30
3257,21521,4,Absolutely delicious.,2026-02-02
3258,19979,5,Best biryani in town.,2026-06-13
3259,19489,5,Order was missing an item.,2026-05-29
3260,11093,4,Food was cold on arrival.,2025-07-20
3261,3636,5,Delivery was late but food was good.,2025-06-16
3262,5085,5,Value for money.,2026-01-11
3263,586,4,"Loved it, will order again.",2024-09-25
3264,20746,5,Perfect as always.,2026-04-02
3265,20986,2,Fresh and tasty.,2025-06-11
3266,24475,4,Value for money.,2025-05-18
3267,24124,3,Would not recommend.,2025-09-09
3268,1933,5,Order was missing an item.,2025-09-20
3269,6563,2,Fresh and tasty.,2026-02-04
3270,418,5,Value for money.,2024-06-13
3271,1728,1,Food was cold on arrival.,2025-11-24
3272,11375,4,Would not recommend.,2026-03-14
3273,429,4,Fresh and tasty.,2024-12-01
3274,2038,5,Would not recommend.,2025-03-22
3275,7277,1,Packaging could be better.,2026-04-21
3276,20511,4,Absolutely delicious.,2026-03-15
3277,10267,5,Packaging could be better.,2026-01-08
3278,8310,4,"Great food, arrived hot!",2026-06-23
3279,7977,4,Fresh and tasty.,2026-07-01
3280,162,3,Order was missing an item.,2025-03-17
3281,17911,5,Value for money.,2026-05-08
3282,3627,5,"Great food, arrived hot!",2025-12-30
3283,11104,1,Perfect as always.,2026-05-14
3284,10273,2,Value for money.,2024-10-31
3285,470,5,Order was missing an item.,2025-03-14
3286,17667,4,Packaging could be better.,2025-02-01
3287,2601,5,Food was cold on arrival.,23/01/2025
3288,19982,5,"Loved it, will order again.",2026-03-05
3289,20014,1,Best biryani in town.,2026-01-26
3290,19206,,Best biryani in town.,2026-04-26
3291,19530,5,Absolutely delicious.,2024-12-26
3292,7254,5,Delivery was late but food was good.,2026-03-10
3293,17147,4,Value for money.,2026-05-24
3294,21186,5,Portion size was small.,2024-09-15
3295,24496,4,Order was missing an item.,2026-02-10
3296,16708,5,Absolutely delicious.,2024-04-11
3297,8416,5,"Loved it, will order again.",2026-04-20
3298,10161,5,"Great food, arrived hot!",2026-02-27
3299,10554,3,Packaging could be better.,2025-01-21
3300,5224,2,Rider was polite and quick.,2026-03-14
3301,8656,4,Average experience.,2026-07-06
3302,15379,5,Average experience.,2025-10-31
3303,17023,3,Food was cold on arrival.,2025-07-01
3304,13624,4,Would not recommend.,2026-03-15
3305,17724,3,Fresh and tasty.,2025-04-04
3306,7776,5,Absolutely delicious.,2025-10-15
3307,14692,2,Fresh and tasty.,2026-05-13
3308,10878,5,Food was cold on arrival.,2025-09-11
3309,4315,4,Fresh and tasty.,2025-11-10
3310,12426,,Delivery was late but food was good.,2025-07-01
3311,9762,5,"Loved it, will order again.",2025-09-10
3312,1583,5,Packaging could be better.,2026-05-02
3313,2166,5,Food was cold on arrival.,2025-07-10
3314,23093,5,Absolutely delicious.,2026-05-23
3315,2494,,Perfect as always.,2026-06-29
3316,5978,4,"Great food, arrived hot!",2026-06-11
3317,15955,5,Perfect as always.,2024-11-15
3318,1257,5,Absolutely delicious.,2026-03-25
3319,6944,3,Portion size was small.,2026-05-22
3320,21662,3,Food was cold on arrival.,2025-09-12
3321,8064,4,Delivery was late but food was good.,2026-06-20
3322,16278,4,Packaging could be better.,2026-04-02
3323,8208,5,Would not recommend.,2026-04-10
3324,20050,3,Absolutely delicious.,2026-06-27
3325,13561,4,Fresh and tasty.,2026-06-26
3326,17129,5,Best biryani in town.,2024-12-22
3327,19150,3,Perfect as always.,2024-12-11
3328,16691,4,Food was cold on arrival.,2024-07-18
3329,6026,5,Value for money.,2026-03-20
3330,3097,5,Absolutely delicious.,2025-03-01
3331,22268,1,Value for money.,2025-06-24
3332,21332,5,Absolutely delicious.,2025-04-07
3333,17426,1,Average experience.,2026-01-28
3334,17924,4,Value for money.,2026-05-21
3335,21887,2,Value for money.,2025-10-05
3336,24463,5,Portion size was small.,2025-10-24
3337,23092,5,Fresh and tasty.,13/09/2025
3338,13562,4,Best biryani in town.,2026-04-13
3339,9281,4,Order was missing an item.,2026-07-06
3340,912,5,"Loved it, will order again.",2025-08-24
3341,21532,3,Absolutely delicious.,2024-07-25
3342,15521,5,Would not recommend.,2025-09-26
3343,2446,4,Packaging could be better.,2026-06-15
3344,6378,5,Perfect as always.,2026-04-05
3345,19462,5,Average experience.,2026-04-30
3346,22637,5,Fresh and tasty.,2024-12-11
3347,16051,4,Would not recommend.,2026-02-21
3348,16551,,Rider was polite and quick.,2024-10-16
3349,14595,3,Fresh and tasty.,2026-02-11
3350,7657,3,Rider was polite and quick.,2024-08-07
3351,1745,4,Fresh and tasty.,2024-10-18
3352,8969,4,Value for money.,2025-12-25
3353,19864,4,Delivery was late but food was good.,2025-06-23
3354,1635,5,Rider was polite and quick.,2026-05-23
3355,14570,2,Perfect as always.,2025-06-27
3356,1891,5,"Loved it, will order again.",2025-10-08
3357,11959,3,Perfect as always.,2024-05-06
3358,4635,5,"Loved it, will order again.",2026-06-23
3359,13457,4,"Great food, arrived hot!",2026-04-30
3360,2122,2,Absolutely delicious.,11/10/2024
3361,14107,2,Best biryani in town.,2025-01-26
3362,22766,3,Delivery was late but food was good.,2025-03-25
3363,14242,5,Absolutely delicious.,2024-12-30
3364,22331,5,"Loved it, will order again.",2024-12-02
3365,15220,5,Rider was polite and quick.,2025-02-09
3366,6009,3,Order was missing an item.,2026-05-18
3367,381,3,Portion size was small.,2025-02-15
3368,24354,4,Order was missing an item.,2025-05-09
3369,7764,1,Absolutely delicious.,2026-06-05
3370,14495,3,Value for money.,2026-04-27
3371,7162,5,Order was missing an item.,2025-10-07
3372,2513,4,Would not recommend.,2025-05-30
3373,2098,4,Absolutely delicious.,2025-06-21
3374,11324,4,Rider was polite and quick.,2025-12-15
3375,23256,3,Fresh and tasty.,2026-06-25
3376,8112,1,Value for money.,2026-06-09
3377,23321,5,Would not recommend.,2024-03-12
3378,4254,2,Delivery was late but food was good.,2026-01-17
3379,10118,5,Rider was polite and quick.,2024-05-07
3380,16501,1,Perfect as always.,2025-12-11
3381,12603,5,Value for money.,2024-05-02
3382,23724,4,Packaging could be better.,10/20/2024
3383,1065,5,Delivery was late but food was good.,2025-04-29
3384,3715,2,Value for money.,2025-05-14
3385,8803,4,Delivery was late but food was good.,2024-06-27
3386,18659,3,Absolutely delicious.,2026-04-09
3387,17322,4,Packaging could be better.,2026-05-01
3388,13611,4,Rider was polite and quick.,2025-07-16
3389,5562,5,Value for money.,2026-06-04
3390,23277,1,Absolutely delicious.,2025-10-16
3391,22199,1,"Great food, arrived hot!",2026-03-06
3392,21849,5,Order was missing an item.,2024-12-13
3393,14185,2,Rider was polite and quick.,2026-01-30
3394,23033,4,Perfect as always.,2025-10-03
3395,1913,5,Food was cold on arrival.,2026-03-21
3396,2763,5,Food was cold on arrival.,2025-07-13
3397,15016,5,Perfect as always.,2025-12-14
3398,15466,4,Perfect as always.,2024-11-22
3399,24080,5,Food was cold on arrival.,2025-11-17
3400,22421,5,Portion size was small.,2026-02-09
3401,13407,4,Portion size was small.,2025-11-22
3402,23214,4,Average experience.,2025-06-28
3403,6087,4,Fresh and tasty.,2026-02-03
3404,6796,3,Food was cold on arrival.,2025-06-17
3405,18889,4,Portion size was small.,2024-09-07
3406,22304,4,Packaging could be better.,2025-04-24
3407,14820,4,Packaging could be better.,2026-01-05
3408,23220,5,Order was missing an item.,2024-10-02
3409,3197,5,Packaging could be better.,2026-04-06
3410,24806,4,Rider was polite and quick.,2025-09-01
3411,10060,5,Rider was polite and quick.,2024-11-11
3412,6118,5,"Great food, arrived hot!",2025-06-23
3413,14672,5,Order was missing an item.,2026-02-26
3414,8760,3,"Loved it, will order again.",2025-12-18
3415,16910,5,"Loved it, will order again.",2026-03-03
3416,21470,4,Order was missing an item.,2026-02-05
3417,14275,5,Rider was polite and quick.,2026-05-20
3418,770,5,Value for money.,2025-01-18
3419,14812,4,Average experience.,2026-06-16
3420,12067,3,Absolutely delicious.,2024-07-08
3421,4891,3,Absolutely delicious.,2024-05-13
3422,1432,4,Order was missing an item.,2024-09-04
3423,8479,4,Absolutely delicious.,2025-11-07
3424,12501,5,Average experience.,2024-12-29
3425,4900,4,Value for money.,2025-03-02
3426,1317,4,Order was missing an item.,2026-05-11
3427,15978,5,Delivery was late but food was good.,2025-12-05
3428,3503,1,Order was missing an item.,2026-03-12
3429,12974,5,Food was cold on arrival.,2025-10-01
3430,14754,4,Packaging could be better.,2025-09-21
3431,14110,4,Packaging could be better.,2024-12-07
3432,13979,4,"Great food, arrived hot!",2026-03-13
3433,18575,5,Order was missing an item.,2026-05-25
3434,8314,4,Delivery was late but food was good.,2025-05-01
3435,1252,,Would not recommend.,2026-03-22
3436,3531,4,Rider was polite and quick.,2024-10-02
3437,18670,5,Would not recommend.,2025-09-24
3438,9871,4,Average experience.,2025-07-18
3439,16978,5,Order was missing an item.,2026-06-04
3440,2767,4,Best biryani in town.,2024-10-13
3441,18177,5,Best biryani in town.,2024-12-28
3442,5457,4,Portion size was small.,2026-06-14
3443,22716,2,"Great food, arrived hot!",2026-03-13
3444,17586,5,Best biryani in town.,2024-12-11
3445,15782,4,Would not recommend.,2026-07-01
3446,12179,3,Rider was polite and quick.,2026-05-08
3447,5877,5,Absolutely delicious.,2026-02-06
3448,8049,5,Average experience.,2026-02-07
3449,5765,4,Food was cold on arrival.,2026-02-13
3450,2430,4,Food was cold on arrival.,2025-09-29
3451,720,4,Packaging could be better.,2025-03-04
3452,16493,4,Perfect as always.,2026-01-10
3453,2136,5,"Loved it, will order again.",2025-10-16
3454,13365,5,Packaging could be better.,2024-09-07
3455,16533,5,Would not recommend.,2026-04-25
3456,23400,5,Absolutely delicious.,2026-04-17
3457,6427,5,Fresh and tasty.,2026-06-07
3458,22497,5,Fresh and tasty.,2024-10-07
3459,21185,,Fresh and tasty.,2026-05-22
3460,13472,5,Fresh and tasty.,2026-06-20
3461,3280,5,"Great food, arrived hot!",2025-06-08
3462,7741,5,Value for money.,2026-03-02
3463,14524,5,Rider was polite and quick.,03/10/2026
3464,20911,4,Average experience.,2025-06-22
3465,21326,5,"Loved it, will order again.",2024-12-25
3466,2841,2,Food was cold on arrival.,2026-06-13
3467,18609,3,"Great food, arrived hot!",2026-03-25
3468,21985,5,Delivery was late but food was good.,2025-07-26
3469,24624,4,Value for money.,2026-05-10
3470,21104,5,Portion size was small.,2025-12-19
3471,18559,5,Fresh and tasty.,2025-01-13
3472,23213,4,Perfect as always.,2026-03-12
3473,16889,4,Absolutely delicious.,2026-02-23
3474,11514,5,Value for money.,2025-11-09
3475,23737,4,Portion size was small.,2025-07-06
3476,19200,2,Best biryani in town.,2025-11-22
3477,22563,2,"Great food, arrived hot!",2026-06-15
3478,10207,3,Average experience.,2026-05-08
3479,19905,,Food was cold on arrival.,2025-10-15
3480,20651,4,"Loved it, will order again.",2026-01-31
3481,14979,5,Rider was polite and quick.,2024-09-09
3482,4935,3,Perfect as always.,2025-01-07
3483,9527,5,Average experience.,2026-01-11
3484,22837,2,"Great food, arrived hot!",2026-04-22
3485,21672,4,"Great food, arrived hot!",2025-04-06
3486,2467,2,Packaging could be better.,2024-12-28
3487,12571,,Packaging could be better.,2025-11-07
3488,19073,3,Perfect as always.,2025-08-21
3489,12601,4,Average experience.,2026-02-15
3490,18966,4,Portion size was small.,2025-06-01
3491,11465,5,Average experience.,2026-04-11
3492,24789,4,Order was missing an item.,2025-03-23
3493,8477,4,Best biryani in town.,2024-01-30
3494,15825,4,Average experience.,2026-06-07
3495,2410,,Absolutely delicious.,2025-12-19
3496,7552,3,Packaging could be better.,2024-10-18
3497,24603,4,Rider was polite and quick.,2025-03-25
3498,15491,1,"Loved it, will order again.",2025-06-22
3499,10997,4,Fresh and tasty.,2026-06-16
3500,10813,4,Value for money.,2026-06-25
3501,8986,,Portion size was small.,2025-09-22
3502,8272,4,Average experience.,2025-01-14
3503,12209,4,Packaging could be better.,2025-04-09
3504,21040,5,Average experience.,2025-12-12
3505,6416,4,Fresh and tasty.,2026-05-08
3506,1782,5,Best biryani in town.,2025-06-22
3507,21693,,Would not recommend.,2026-05-25
3508,12763,3,Absolutely delicious.,2025-05-28
3509,18924,5,"Loved it, will order again.",2025-06-07
3510,17222,5,Order was missing an item.,2024-07-15
3511,3931,2,"Great food, arrived hot!",2026-03-31
3512,12323,3,Order was missing an item.,2024-06-19
3513,227,5,Portion size was small.,2025-08-05
3514,19496,,Average experience.,2025-11-01
3515,24679,2,Fresh and tasty.,2026-04-01
3516,24377,1,Packaging could be better.,2024-07-28
3517,3813,3,Fresh and tasty.,2026-06-18
3518,10079,1,Best biryani in town.,2025-06-15
3519,9213,5,Value for money.,2024-12-28
3520,16979,5,Portion size was small.,2025-09-21
3521,14406,,Absolutely delicious.,2026-04-22
3522,19680,,Perfect as always.,2026-05-18
3523,5666,5,Best biryani in town.,2026-02-23
3524,14647,3,Portion size was small.,2025-09-09
3525,20929,4,Portion size was small.,2024-12-20
3526,8062,5,Food was cold on arrival.,2025-04-03
3527,14237,,Food was cold on arrival.,2026-06-30
3528,11975,4,Absolutely delicious.,2026-01-10
3529,1688,4,Fresh and tasty.,2026-01-23
3530,21768,4,Best biryani in town.,2024-09-11
3531,6491,4,Would not recommend.,2025-06-19
3532,10941,3,Best biryani in town.,2026-06-21
3533,9949,4,"Great food, arrived hot!",2025-02-03
3534,19814,3,Order was missing an item.,2026-02-06
3535,22642,5,Portion size was small.,2025-05-03
3536,4493,3,Would not recommend.,2026-05-12
3537,11450,3,Best biryani in town.,2026-03-01
3538,6034,4,Food was cold on arrival.,2025-01-21
3539,14240,4,Absolutely delicious.,2025-01-21
3540,4131,4,Rider was polite and quick.,2026-05-06
3541,1251,5,Packaging could be better.,2025-05-23
3542,22127,4,Best biryani in town.,2026-05-08
3543,23409,1,Rider was polite and quick.,2024-12-16
3544,22334,3,Best biryani in town.,2024-12-15
3545,4858,4,Average experience.,2025-03-13
3546,4859,4,Order was missing an item.,2026-03-29
3547,19956,5,Fresh and tasty.,2026-02-14
3548,19923,4,Packaging could be better.,27/05/2026
3549,11797,4,Best biryani in town.,2026-06-15
3550,5114,3,Delivery was late but food was good.,2025-11-04
3551,7638,5,"Great food, arrived hot!",2024-09-09
3552,5042,5,Rider was polite and quick.,2024-11-08
3553,16844,4,Fresh and tasty.,2024-05-17
3554,10484,5,Order was missing an item.,2025-04-17
3555,13498,5,"Loved it, will order again.",2026-06-04
3556,18289,5,Absolutely delicious.,2025-12-30
3557,2897,4,"Great food, arrived hot!",2026-03-26
3558,4921,4,Best biryani in town.,2025-04-28
3559,11250,5,"Great food, arrived hot!",2025-03-01
3560,18873,4,Perfect as always.,2025-06-27
3561,16077,4,Average experience.,2025-01-30
3562,8825,5,Fresh and tasty.,2026-03-17
3563,9797,4,Absolutely delicious.,2026-02-02
3564,3096,5,Average experience.,2026-02-26
3565,12453,3,Delivery was late but food was good.,2025-07-20
3566,18317,2,Rider was polite and quick.,2026-01-29
3567,17366,3,Fresh and tasty.,2025-05-20
3568,13925,4,Packaging could be better.,2025-04-25
3569,1413,4,Value for money.,2025-11-27
3570,7725,5,Order was missing an item.,2026-06-22
3571,11766,5,Value for money.,2026-05-19
3572,19594,3,"Great food, arrived hot!",2025-12-01
3573,8980,5,Perfect as always.,2026-04-07
3574,3207,5,Order was missing an item.,2025-04-02
3575,5712,3,Best biryani in town.,2025-11-20
3576,15166,3,Rider was polite and quick.,2025-10-04
3577,4673,1,"Loved it, will order again.",2025-08-16
3578,8080,5,Absolutely delicious.,2026-04-27
3579,18223,4,"Great food, arrived hot!",2026-06-18
3580,10968,5,Packaging could be better.,2025-09-05
3581,20636,5,Order was missing an item.,2025-12-22
3582,11639,4,Food was cold on arrival.,04/08/2026
3583,5818,4,Packaging could be better.,2026-06-17
3584,22689,5,Perfect as always.,2025-05-02
3585,4597,3,Delivery was late but food was good.,2025-06-08
3586,2975,5,Portion size was small.,2026-03-26
3587,16919,4,Would not recommend.,2026-04-22
3588,21738,5,Delivery was late but food was good.,2024-08-06
3589,8934,4,Average experience.,2026-05-01
3590,20518,4,Best biryani in town.,2024-04-24
3591,2308,4,Fresh and tasty.,2024-09-23
3592,9942,3,Fresh and tasty.,2024-11-27
3593,21774,4,Order was missing an item.,2025-12-12
3594,4810,4,Order was missing an item.,2026-03-30
3595,20383,5,Absolutely delicious.,2025-08-06
3596,4323,2,Would not recommend.,2026-01-15
3597,17118,3,Perfect as always.,2025-11-18
3598,3513,5,Average experience.,2025-09-17
3599,17934,4,"Great food, arrived hot!",2026-06-20
3600,6665,1,"Great food, arrived hot!",2026-05-28
3601,24702,4,Delivery was late but food was good.,2025-05-03
3602,2099,4,Portion size was small.,2025-06-12
3603,16558,3,Absolutely delicious.,2026-05-13
3604,3229,3,Fresh and tasty.,2025-12-19
3605,20732,4,Delivery was late but food was good.,2026-06-10
3606,17690,3,Absolutely delicious.,2025-02-17
3607,14944,5,Value for money.,2024-01-12
3608,11904,,Perfect as always.,2026-03-03
3609,547,4,"Loved it, will order again.",2024-05-29
3610,14336,3,"Great food, arrived hot!",2025-05-17
3611,2205,5,Portion size was small.,2026-03-02
3612,11865,5,"Loved it, will order again.",2025-07-30
3613,17047,4,"Loved it, will order again.",2026-06-20
3614,16789,5,"Loved it, will order again.",2026-05-07
3615,15873,5,Order was missing an item.,2025-11-13
3616,5682,4,Perfect as always.,2025-10-31
3617,18249,5,Would not recommend.,03/12/2026
3618,2248,5,Food was cold on arrival.,2025-08-06
3619,7239,4,Rider was polite and quick.,2024-12-14
3620,337,4,Value for money.,2026-06-27
3621,7645,2,Absolutely delicious.,2026-01-21
3622,4122,5,Value for money.,2024-07-30
3623,10814,4,Average experience.,2026-06-20
3624,13479,5,Best biryani in town.,2026-04-07
3625,16684,5,Order was missing an item.,2025-04-07
3626,14009,4,Absolutely delicious.,2026-05-06
3627,10094,5,Best biryani in town.,2024-08-26
3628,11426,,Would not recommend.,2026-06-22
3629,24137,2,Packaging could be better.,2026-04-05
3630,17706,5,Perfect as always.,2025-10-03
3631,21986,3,Absolutely delicious.,2024-10-06
3632,15253,3,Rider was polite and quick.,2026-03-02
3633,2411,4,Packaging could be better.,2026-03-05
3634,8782,5,Packaging could be better.,2025-06-04
3635,9988,5,Order was missing an item.,2026-01-04
3636,17644,5,Would not recommend.,2025-11-24
3637,2525,5,Average experience.,2026-06-12
3638,15614,5,Average experience.,2025-10-23
3639,12363,5,Delivery was late but food was good.,2025-12-02
3640,4550,2,Best biryani in town.,2026-06-11
3641,22718,4,Packaging could be better.,2025-05-15
3642,23357,2,Average experience.,2024-10-09
3643,20279,3,Rider was polite and quick.,2026-03-10
3644,13434,5,Delivery was late but food was good.,2025-08-01
3645,3842,4,Average experience.,2025-12-29
3646,6764,5,Value for money.,2026-06-03
3647,24332,3,Food was cold on arrival.,2025-10-08
3648,11480,5,Best biryani in town.,2026-06-04
3649,3700,4,Value for money.,2025-12-11
3650,5200,2,Average experience.,2024-08-08
3651,10104,5,Rider was polite and quick.,2024-12-13
3652,5309,4,Would not recommend.,2026-03-28
3653,10638,4,Packaging could be better.,09/23/2025
3654,19859,4,Would not recommend.,2026-01-16
3655,18895,5,"Great food, arrived hot!",2026-02-22
3656,8907,,Absolutely delicious.,2026-01-08
3657,1879,5,Best biryani in town.,2024-08-04
3658,17052,1,Food was cold on arrival.,2026-03-27
3659,2187,5,Absolutely delicious.,2025-06-21
3660,6220,5,"Loved it, will order again.",2026-01-12
3661,3052,4,"Great food, arrived hot!",2024-05-15
3662,23816,4,Packaging could be better.,2025-11-09
3663,893,4,Would not recommend.,2025-09-27
3664,8497,5,Average experience.,2024-04-10
3665,3841,4,Absolutely delicious.,2024-11-12
3666,9832,5,Rider was polite and quick.,2025-04-03
3667,9040,5,Food was cold on arrival.,2025-06-06
3668,22589,5,Would not recommend.,2026-04-09
3669,1235,3,"Great food, arrived hot!",2026-06-13
3670,18900,5,Average experience.,2024-10-11
3671,6481,5,Portion size was small.,2026-01-02
3672,5346,5,Best biryani in town.,2026-02-20
3673,10511,3,Value for money.,2025-10-12
3674,3538,4,Delivery was late but food was good.,2025-12-25
3675,19057,4,Food was cold on arrival.,2026-02-19
3676,17166,3,Order was missing an item.,2026-04-29
3677,11307,4,Portion size was small.,2025-06-27
3678,10985,,Absolutely delicious.,2025-10-24
3679,6138,4,Portion size was small.,2024-09-27
3680,16396,2,Portion size was small.,2026-03-27
3681,9620,2,Food was cold on arrival.,2026-03-22
3682,20545,5,Food was cold on arrival.,2024-03-08
3683,22159,4,Fresh and tasty.,2024-04-17
3684,12270,4,Perfect as always.,2024-07-19
3685,24798,3,Food was cold on arrival.,2026-06-26
3686,19805,,Food was cold on arrival.,2025-12-12
3687,19519,4,Best biryani in town.,2026-05-22
3688,24035,3,"Great food, arrived hot!",2025-09-12
3689,12652,5,Portion size was small.,2026-05-16
3690,10823,5,Delivery was late but food was good.,2026-04-08
3691,414,4,Best biryani in town.,2024-03-31
3692,665,5,Portion size was small.,2026-06-11
3693,22055,,"Loved it, will order again.",2025-07-13
3694,17397,3,Average experience.,2026-05-18
3695,18838,3,Order was missing an item.,2026-05-18
3696,18271,2,Rider was polite and quick.,2024-08-26
3697,20131,5,Average experience.,2026-02-21
3698,10836,4,Average experience.,2025-11-24
3699,3298,4,Food was cold on arrival.,2026-01-28
3700,10190,4,Order was missing an item.,2026-04-16
3701,23079,3,Fresh and tasty.,2026-03-25
3702,22757,3,"Loved it, will order again.",2025-05-03
3703,4237,4,Value for money.,2025-10-16
3704,23344,1,Value for money.,2025-06-12
3705,20005,5,"Great food, arrived hot!",2025-12-24
3706,16137,5,Value for money.,2024-04-09
3707,21004,4,Order was missing an item.,2025-10-08
3708,20626,4,Order was missing an item.,2026-05-31
3709,9221,3,Perfect as always.,2025-12-24
3710,13158,2,Average experience.,2025-06-21
3711,2981,5,Perfect as always.,2026-06-10
3712,15964,5,Value for money.,2025-08-06
3713,23880,2,"Great food, arrived hot!",2024-10-19
3714,18547,4,Food was cold on arrival.,2025-12-30
3715,3977,3,Best biryani in town.,2024-09-20
3716,16970,5,Packaging could be better.,2024-11-10
3717,4572,5,"Loved it, will order again.",2026-06-18
3718,20702,5,Absolutely delicious.,2025-04-24
3719,3083,5,Fresh and tasty.,2026-04-06
3720,9716,,Average experience.,2025-09-29
3721,1531,2,Order was missing an item.,2024-05-25
3722,9387,3,Packaging could be better.,2024-11-18
3723,1900,5,Delivery was late but food was good.,2025-11-08
3724,10057,5,"Loved it, will order again.",2024-12-12
3725,23303,2,Food was cold on arrival.,2025-06-20
3726,20675,1,Delivery was late but food was good.,2025-05-12
3727,15682,5,"Loved it, will order again.",2026-05-06
3728,10146,4,"Loved it, will order again.",2026-01-26
3729,8228,4,Absolutely delicious.,2026-03-25
3730,12685,5,Would not recommend.,2025-06-28
3731,900,5,Fresh and tasty.,2025-09-06
3732,9592,4,Absolutely delicious.,2025-09-01
3733,7284,4,Rider was polite and quick.,2025-05-11
3734,23336,5,"Great food, arrived hot!",2025-07-08
3735,7960,3,Absolutely delicious.,2026-01-23
3736,2200,5,Order was missing an item.,2025-06-22
3737,22918,4,"Great food, arrived hot!",2026-04-15
3738,6821,4,Portion size was small.,2025-09-28
3739,15146,4,Perfect as always.,2025-09-08
3740,3362,4,Packaging could be better.,2026-02-08
3741,598,2,Would not recommend.,2025-10-08
3742,21215,5,Would not recommend.,2025-02-05
3743,20380,4,Portion size was small.,2025-12-20
3744,11392,5,"Great food, arrived hot!",2026-01-08
3745,19971,5,"Great food, arrived hot!",2024-12-20
3746,21591,5,Delivery was late but food was good.,2026-01-26
3747,5609,5,Best biryani in town.,2025-09-12
3748,22935,5,Delivery was late but food was good.,2026-05-03
3749,14188,5,Fresh and tasty.,2025-07-19
3750,6605,1,Portion size was small.,2026-04-22
3751,10355,2,Portion size was small.,2026-06-28
3752,8804,4,Fresh and tasty.,2024-07-22
3753,4680,,Rider was polite and quick.,2026-03-11
3754,2945,5,Food was cold on arrival.,2025-11-04
3755,24861,5,Average experience.,2025-06-24
3756,22867,4,Order was missing an item.,2025-09-26
3757,5138,3,Portion size was small.,2026-05-20
3758,8444,,Packaging could be better.,2026-06-20
3759,23137,5,Absolutely delicious.,2026-01-06
3760,13336,4,Best biryani in town.,2026-05-12
3761,20709,5,"Great food, arrived hot!",2026-01-15
3762,1697,4,Perfect as always.,2026-04-23
3763,384,5,Average experience.,2025-07-06
3764,15296,5,Would not recommend.,2026-06-22
3765,21834,4,Value for money.,2025-09-09
3766,4158,4,Average experience.,2025-05-05
3767,8798,5,Order was missing an item.,2025-05-15
3768,15462,4,Absolutely delicious.,2026-01-16
3769,19845,5,Food was cold on arrival.,2024-05-20
3770,6572,3,Would not recommend.,2026-04-05
3771,1485,4,"Great food, arrived hot!",2024-05-01
3772,7227,5,Average experience.,2025-11-28
3773,16286,1,Delivery was late but food was good.,2025-11-18
3774,24935,5,Portion size was small.,2025-12-10
3775,6787,,Food was cold on arrival.,2026-06-24
3776,7711,5,"Loved it, will order again.",2025-01-31
3777,5810,4,Food was cold on arrival.,2026-03-14
3778,21297,5,Value for money.,2025-12-31
3779,24416,4,Value for money.,2026-07-01
3780,9912,5,Absolutely delicious.,2026-04-18
3781,11195,5,Average experience.,2025-05-30
3782,14954,3,Rider was polite and quick.,2026-02-21
3783,12088,3,Rider was polite and quick.,2026-04-01
3784,18655,5,Absolutely delicious.,2025-12-24
3785,24575,3,"Great food, arrived hot!",2025-10-31
3786,19381,5,Perfect as always.,2026-01-31
3787,23168,4,Order was missing an item.,2024-11-17
3788,1506,4,"Loved it, will order again.",2026-01-11
3789,8281,5,Would not recommend.,2026-06-24
3790,16409,4,"Great food, arrived hot!",2025-12-04
3791,24234,5,Average experience.,2025-08-27
3792,4339,5,Portion size was small.,2025-04-11
3793,15151,4,Would not recommend.,2024-12-13
3794,6177,5,Fresh and tasty.,2024-11-10
3795,2751,5,Absolutely delicious.,2024-11-26
3796,911,5,Fresh and tasty.,2024-09-07
3797,1086,2,Would not recommend.,2025-08-22
3798,18399,4,Order was missing an item.,2026-04-09
3799,4320,1,Absolutely delicious.,2025-07-22
3800,7930,5,"Loved it, will order again.",2026-05-17
3801,8812,2,Portion size was small.,2026-06-15
3802,5414,5,Portion size was small.,2025-07-31
3803,904,5,Perfect as always.,2024-07-19
3804,5736,4,Portion size was small.,2025-05-11
3805,4435,3,Packaging could be better.,2026-04-23
3806,23098,1,Packaging could be better.,2026-02-01
3807,22059,4,Order was missing an item.,2025-02-27
3808,945,5,Order was missing an item.,2026-06-10
3809,21307,3,Value for money.,2026-04-17
3810,11827,3,Portion size was small.,2026-06-13
3811,15798,4,Rider was polite and quick.,2026-05-23
3812,1244,5,Packaging could be better.,2025-12-28
3813,22889,4,Perfect as always.,2026-03-31
3814,2414,5,Would not recommend.,2024-12-17
3815,24932,4,Delivery was late but food was good.,2026-07-02
3816,7047,,Food was cold on arrival.,2025-06-28
3817,4503,3,Rider was polite and quick.,2025-12-28
3818,18386,4,Perfect as always.,2025-01-13
3819,1478,4,Absolutely delicious.,2025-04-24
3820,1695,4,Fresh and tasty.,2026-05-21
3821,18812,4,Rider was polite and quick.,2026-06-20
3822,268,2,Portion size was small.,2025-03-18
3823,5478,5,Rider was polite and quick.,2025-10-20
3824,16916,4,Delivery was late but food was good.,2026-05-22
3825,11755,4,Food was cold on arrival.,2024-01-29
3826,12993,5,Packaging could be better.,2024-12-29
3827,20273,5,Rider was polite and quick.,2026-07-06
3828,23690,4,Rider was polite and quick.,2026-03-15
3829,5593,2,Average experience.,2026-03-10
3830,14398,2,Would not recommend.,2025-12-19
3831,14284,5,Order was missing an item.,2025-11-02
3832,12753,5,Absolutely delicious.,2024-10-03
3833,19413,4,Rider was polite and quick.,2026-02-12
3834,13376,5,Would not recommend.,2025-05-24
3835,8230,4,Average experience.,2026-02-03
3836,25,5,Would not recommend.,2025-10-17
3837,19169,4,Order was missing an item.,2024-10-24
3838,2769,4,Portion size was small.,2025-08-23
3839,23636,5,Portion size was small.,2025-02-23
3840,15257,3,Perfect as always.,2025-11-23
3841,2846,5,Perfect as always.,2026-05-05
3842,16220,1,Value for money.,2026-04-24
3843,1410,5,"Great food, arrived hot!",2024-11-23
3844,13362,2,Absolutely delicious.,2026-05-04
3845,5681,1,Best biryani in town.,2025-07-30
3846,11406,1,Food was cold on arrival.,2026-04-19
3847,5515,5,Absolutely delicious.,2025-06-16
3848,20586,5,Perfect as always.,2025-09-04
3849,19116,4,Order was missing an item.,2025-01-15
3850,14659,4,Portion size was small.,2024-07-14
3851,4583,3,Order was missing an item.,2026-05-11
3852,3491,5,Would not recommend.,2025-09-27
3853,7468,5,Average experience.,2024-09-22
3854,14486,,Value for money.,2026-05-09
3855,6028,3,Food was cold on arrival.,2025-12-21
3856,1537,5,Average experience.,2025-09-02
3857,23259,1,Average experience.,2025-04-02
3858,16262,4,Absolutely delicious.,2025-04-11
3859,1625,,"Great food, arrived hot!",2024-07-21
3860,546,5,"Loved it, will order again.",2024-09-03
3861,3687,5,Food was cold on arrival.,2025-06-25
3862,5297,4,Portion size was small.,2024-12-07
3863,8241,4,Rider was polite and quick.,2026-03-07
3864,3091,4,Rider was polite and quick.,2026-04-04
3865,11379,3,Packaging could be better.,2026-01-29
3866,15135,4,Delivery was late but food was good.,2025-03-02
3867,20329,3,Food was cold on arrival.,2026-04-14
3868,18470,4,Would not recommend.,2026-06-29
3869,11389,4,Would not recommend.,2025-08-28
3870,15807,4,Rider was polite and quick.,2025-06-29
3871,8309,3,Packaging could be better.,2025-06-03
3872,13780,4,Order was missing an item.,2025-03-02
3873,332,,Best biryani in town.,2025-12-26
3874,15732,5,Value for money.,2025-06-26
3875,21794,5,Best biryani in town.,2025-08-19
3876,12497,,Best biryani in town.,2025-11-12
3877,9868,3,Best biryani in town.,2026-01-10
3878,24419,4,"Loved it, will order again.",2026-02-21
3879,1058,5,Packaging could be better.,2026-06-04
3880,10758,5,"Great food, arrived hot!",2026-03-03
3881,24847,5,Rider was polite and quick.,2025-02-15
3882,16734,4,"Loved it, will order again.",2024-11-22
3883,18668,4,Fresh and tasty.,2024-03-06
3884,23528,1,Would not recommend.,2026-04-21
3885,19836,5,"Loved it, will order again.",2026-06-10
3886,11627,2,Food was cold on arrival.,2026-06-08
3887,16244,5,"Great food, arrived hot!",2026-05-30
3888,8839,5,Absolutely delicious.,2025-02-18
3889,4386,5,Rider was polite and quick.,2025-07-31
3890,2140,4,"Great food, arrived hot!",2025-03-26
3891,22368,5,Fresh and tasty.,2026-06-23
3892,18152,5,Value for money.,2026-06-09
3893,3515,2,Food was cold on arrival.,2025-02-10
3894,1761,4,Delivery was late but food was good.,2024-04-13
3895,18371,5,Value for money.,2025-03-11
3896,10981,4,Portion size was small.,2026-03-17
3897,15638,5,Value for money.,2025-06-01
3898,15401,4,Rider was polite and quick.,2025-04-09
3899,8829,4,Best biryani in town.,2025-05-06
3900,12322,5,Would not recommend.,2026-05-11
3901,16645,3,Value for money.,2025-09-15
3902,12416,5,Delivery was late but food was good.,2026-01-08
3903,10770,4,Rider was polite and quick.,2026-06-09
3904,4995,2,"Great food, arrived hot!",2024-03-11
3905,18793,5,Packaging could be better.,2026-03-30
3906,14602,5,Portion size was small.,2025-08-16
3907,12461,5,Order was missing an item.,2026-06-11
3908,22008,,Fresh and tasty.,2024-09-21
3909,5021,5,Portion size was small.,2024-11-19
3910,20799,3,"Great food, arrived hot!",2025-12-02
3911,16873,1,Best biryani in town.,2026-01-09
3912,10502,5,Fresh and tasty.,2026-04-11
3913,20337,4,Value for money.,2026-05-24
3914,5677,5,Would not recommend.,2026-03-19
3915,20044,3,Value for money.,2026-05-17
3916,10471,5,Absolutely delicious.,2025-03-18
3917,2667,4,Absolutely delicious.,2025-12-21
3918,22107,3,Order was missing an item.,2025-06-10
3919,24190,4,Portion size was small.,2026-05-09
3920,21829,5,Best biryani in town.,2026-05-09
3921,24155,5,Average experience.,2025-09-29
3922,6546,4,"Loved it, will order again.",2026-06-04
3923,22242,4,Absolutely delicious.,2024-06-02
3924,23047,5,"Great food, arrived hot!",2025-05-05
3925,8295,5,Absolutely delicious.,2025-12-13
3926,6441,4,Value for money.,2026-01-08
3927,2209,5,Food was cold on arrival.,2024-12-16
3928,761,3,Order was missing an item.,2026-04-16
3929,3145,4,Average experience.,2025-09-25
3930,9880,3,Best biryani in town.,2025-09-03
3931,16631,5,Absolutely delicious.,2026-03-31
3932,12477,3,Average experience.,2025-10-22
3933,7385,4,Value for money.,2026-02-05
3934,1411,,Packaging could be better.,2026-06-29
3935,13155,3,Fresh and tasty.,2026-04-08
3936,17276,5,Average experience.,2026-06-08
3937,17884,5,Best biryani in town.,2024-10-07
3938,599,4,Order was missing an item.,2026-06-27
3939,14588,4,Value for money.,2026-05-28
3940,15292,4,Packaging could be better.,2025-09-06
3941,2654,3,Packaging could be better.,2025-08-31
3942,14725,2,Order was missing an item.,2026-05-23
3943,12800,3,Best biryani in town.,2025-11-10
3944,23776,3,Value for money.,2025-06-28
3945,14876,5,Absolutely delicious.,2026-06-15
3946,19577,3,Would not recommend.,2026-03-11
3947,5424,5,Would not recommend.,2024-11-03
3948,5150,4,Order was missing an item.,2026-06-24
3949,23956,3,"Great food, arrived hot!",2026-01-10
3950,13722,3,Order was missing an item.,2025-12-15
3951,5005,2,Average experience.,2025-04-11
3952,13294,5,"Great food, arrived hot!",2026-06-16
3953,15012,3,Order was missing an item.,2025-09-11
3954,16639,4,"Great food, arrived hot!",2026-01-18
3955,22011,5,Perfect as always.,2024-05-21
3956,21546,3,Food was cold on arrival.,2025-10-16
3957,20432,5,Order was missing an item.,2025-03-25
3958,5746,4,Rider was polite and quick.,2024-11-02
3959,17225,2,Would not recommend.,2026-04-14
3960,3805,5,"Great food, arrived hot!",2025-11-09
3961,2167,5,Delivery was late but food was good.,2025-06-20
3962,14783,4,Delivery was late but food was good.,2026-06-02
3963,9886,4,"Loved it, will order again.",05/05/2026
3964,12077,5,Fresh and tasty.,2025-04-13
3965,1200,3,Food was cold on arrival.,2024-03-28
3966,9076,5,Would not recommend.,2025-12-31
3967,938,4,Portion size was small.,2024-12-16
3968,11102,4,Portion size was small.,2024-05-09
3969,16597,5,Would not recommend.,2026-03-30
3970,1080,5,"Loved it, will order again.",2026-01-03
3971,12462,4,Food was cold on arrival.,2025-11-09
3972,6550,5,Value for money.,2025-11-11
3973,19219,3,Rider was polite and quick.,2024-11-13
3974,5963,5,Best biryani in town.,2025-10-18
3975,18986,5,Food was cold on arrival.,2024-05-16
3976,3964,4,"Great food, arrived hot!",2026-06-12
3977,18859,3,Perfect as always.,2026-01-31
3978,21750,5,Portion size was small.,2024-09-13
3979,16814,3,Delivery was late but food was good.,2026-07-03
3980,18240,5,Best biryani in town.,2025-07-21
3981,6582,4,Absolutely delicious.,2026-07-02
3982,8453,5,Absolutely delicious.,2025-09-18
3983,17906,,Food was cold on arrival.,2024-11-19
3984,12017,5,Perfect as always.,2025-12-17
3985,23169,5,Portion size was small.,2026-04-13
3986,8356,2,Fresh and tasty.,2024-08-13
3987,24916,5,Perfect as always.,2025-10-22
3988,21353,2,Perfect as always.,2025-06-21
3989,12264,5,Packaging could be better.,2024-07-26
3990,21425,5,"Loved it, will order again.",2026-02-26
3991,17378,5,Portion size was small.,06/03/2026
3992,7064,2,"Loved it, will order again.",2026-04-28
3993,13150,4,Order was missing an item.,2025-08-20
3994,10940,3,Perfect as always.,2025-06-23
3995,11299,5,Food was cold on arrival.,2025-06-03
3996,6943,3,Delivery was late but food was good.,2026-03-14
3997,75,,Would not recommend.,2026-02-01
3998,23483,3,Portion size was small.,2024-06-09
3999,17601,4,"Great food, arrived hot!",2026-04-22
4000,13822,5,Best biryani in town.,2025-10-23
4001,1349,5,Rider was polite and quick.,2026-02-05
4002,8072,5,"Loved it, will order again.",2026-05-11
4003,10264,5,Order was missing an item.,2024-11-12
4004,9525,2,"Great food, arrived hot!",2025-10-21
4005,19024,5,Average experience.,2025-11-03
4006,14897,5,Would not recommend.,2026-01-06
4007,20302,4,Would not recommend.,2025-06-15
4008,22305,4,Perfect as always.,2026-04-12
4009,12100,3,Value for money.,2026-04-08
4010,3453,3,Best biryani in town.,2025-01-30
4011,5829,4,Order was missing an item.,2025-08-09
4012,12864,4,Value for money.,2025-11-28
4013,5272,5,Best biryani in town.,2026-06-16
4014,5493,5,Average experience.,2024-09-16
4015,9304,4,Absolutely delicious.,2024-07-05
4016,23937,4,Absolutely delicious.,2025-06-28
4017,557,4,Order was missing an item.,2026-04-14
4018,19912,5,"Loved it, will order again.",2025-10-08
4019,24456,4,Value for money.,2026-05-27
4020,11680,2,"Loved it, will order again.",2026-05-17
4021,13012,5,Food was cold on arrival.,2026-03-30
4022,23919,5,"Loved it, will order again.",2026-01-15
4023,24923,3,"Great food, arrived hot!",2025-06-09
4024,6853,5,Would not recommend.,2025-04-01
4025,22138,5,"Loved it, will order again.",2025-03-25
4026,13564,5,Packaging could be better.,2024-12-18
4027,17372,4,Packaging could be better.,2025-08-09
4028,23324,4,Food was cold on arrival.,2026-03-22
4029,16839,5,Delivery was late but food was good.,2024-04-16
4030,1679,5,Perfect as always.,2025-11-12
4031,13208,4,Rider was polite and quick.,2026-02-09
4032,23876,5,Absolutely delicious.,2025-02-14
4033,17390,5,Best biryani in town.,2026-05-02
4034,20537,5,Delivery was late but food was good.,2026-01-09
4035,3182,5,Rider was polite and quick.,04/11/2025
4036,20759,4,Best biryani in town.,2026-02-13
4037,15631,5,Delivery was late but food was good.,2025-05-20
4038,19869,4,Best biryani in town.,2026-01-20
4039,8715,5,"Loved it, will order again.",2025-10-30
4040,19193,4,Best biryani in town.,2025-12-26
4041,18426,,Food was cold on arrival.,2025-09-09
4042,19421,,Portion size was small.,2026-04-01
4043,9283,3,Absolutely delicious.,2026-06-03
4044,17754,5,Best biryani in town.,2024-11-21
4045,8864,,Delivery was late but food was good.,2024-08-11
4046,16817,5,Best biryani in town.,07/04/2026
4047,13681,4,Delivery was late but food was good.,2026-02-28
4048,23915,,Order was missing an item.,2026-06-21
4049,10654,,"Loved it, will order again.",2025-06-29
4050,15833,5,"Loved it, will order again.",2026-05-04
4051,11971,4,Order was missing an item.,2026-03-04
4052,18346,4,Packaging could be better.,2026-06-30
4053,2614,5,Rider was polite and quick.,2024-08-12
4054,24717,3,Perfect as always.,2025-04-11
4055,7649,4,Average experience.,2024-10-31
4056,12700,5,Delivery was late but food was good.,2025-08-11
4057,6328,3,"Great food, arrived hot!",2026-01-14
4058,19650,5,Order was missing an item.,2026-01-04
4059,3999,5,Best biryani in town.,2025-08-28
4060,9287,4,Absolutely delicious.,2026-03-28
4061,11136,3,Fresh and tasty.,2026-06-28
4062,13224,4,Would not recommend.,2026-05-02
4063,9115,5,Delivery was late but food was good.,2025-04-26
4064,21688,5,Perfect as always.,2024-11-28
4065,4730,3,Rider was polite and quick.,2025-10-18
4066,338,5,"Great food, arrived hot!",2025-10-11
4067,4408,5,"Great food, arrived hot!",2024-10-07
4068,13656,5,Delivery was late but food was good.,2026-01-16
4069,4657,4,Absolutely delicious.,2026-02-04
4070,22911,5,Value for money.,2026-06-22
4071,7308,5,Best biryani in town.,2026-05-31
4072,20824,5,Rider was polite and quick.,2025-09-15
4073,12735,5,"Loved it, will order again.",2025-03-31
4074,18881,1,Fresh and tasty.,2026-06-20
4075,6889,3,Packaging could be better.,2025-07-03
4076,11808,4,"Great food, arrived hot!",2026-06-27
4077,23581,5,Order was missing an item.,2025-09-28
4078,18082,4,Best biryani in town.,2025-09-18
4079,21810,2,Portion size was small.,2024-11-11
4080,14915,2,Average experience.,2026-06-22
4081,3434,5,Absolutely delicious.,2026-04-10
4082,21432,2,Average experience.,2026-02-20
4083,2230,3,Would not recommend.,2025-05-18
4084,14088,2,Best biryani in town.,2025-01-01
4085,20698,5,Food was cold on arrival.,2026-03-21
4086,8051,3,Would not recommend.,2026-03-08
4087,10387,5,Perfect as always.,2025-12-26
4088,17291,4,"Loved it, will order again.",2026-07-02
4089,5808,2,Perfect as always.,2026-06-03
4090,4722,2,Packaging could be better.,2025-07-03
4091,22793,4,Food was cold on arrival.,2025-06-09
4092,3228,5,Packaging could be better.,2024-08-18
4093,952,5,Food was cold on arrival.,2026-05-14
4094,7474,4,Order was missing an item.,2025-07-08
4095,17232,4,Rider was polite and quick.,2026-05-05
4096,4863,3,Would not recommend.,2025-05-13
4097,11618,4,Absolutely delicious.,2025-10-18
4098,7619,2,Delivery was late but food was good.,2026-02-11
4099,18568,3,Average experience.,2026-04-15
4100,1028,3,Value for money.,2025-08-28
4101,23817,4,Perfect as always.,2025-04-22
4102,23503,2,Absolutely delicious.,2025-05-11
4103,3409,5,"Loved it, will order again.",2025-01-14
4104,13569,3,Would not recommend.,2024-11-20
4105,19406,3,Packaging could be better.,2026-02-12
4106,23652,5,Perfect as always.,2025-09-08
4107,4875,4,Food was cold on arrival.,2025-10-21
4108,11703,4,Absolutely delicious.,2026-05-27
4109,12284,5,Order was missing an item.,2025-10-08
4110,22347,3,Average experience.,2024-08-10
4111,18646,1,Value for money.,2024-08-21
4112,18379,5,Best biryani in town.,2026-05-24
4113,7681,4,"Loved it, will order again.",2024-10-21
4114,18662,5,Portion size was small.,2025-11-16
4115,7487,4,Order was missing an item.,2026-05-31
4116,2783,4,Rider was polite and quick.,2026-01-17
4117,22126,2,Order was missing an item.,2026-04-15
4118,10306,5,Order was missing an item.,2026-01-23
4119,16964,5,Fresh and tasty.,2024-02-06
4120,9586,4,Best biryani in town.,2024-05-14
4121,11034,,"Great food, arrived hot!",2024-08-24
4122,7895,3,Average experience.,2026-06-20
4123,7906,2,"Great food, arrived hot!",2024-03-23
4124,1113,4,Value for money.,2025-11-15
4125,11040,,Order was missing an item.,2026-01-30
4126,8342,3,Absolutely delicious.,2025-09-21
4127,24985,5,Food was cold on arrival.,2025-01-17
4128,10033,5,"Loved it, will order again.",2025-04-13
4129,15752,2,Absolutely delicious.,2025-08-25
4130,15451,4,Value for money.,2025-03-09
4131,18999,5,Best biryani in town.,2024-06-20
4132,8103,4,Best biryani in town.,2026-03-13
4133,1977,4,Value for money.,2026-06-15
4134,13264,5,Fresh and tasty.,2025-10-20
4135,15925,5,Would not recommend.,2025-04-27
4136,17113,5,Delivery was late but food was good.,2026-04-14
4137,11886,2,"Loved it, will order again.",2025-04-07
4138,16738,5,Portion size was small.,2025-03-28
4139,9569,,Would not recommend.,2026-03-05
4140,8944,3,"Great food, arrived hot!",2024-06-03
4141,13303,3,Rider was polite and quick.,2025-09-11
4142,7045,3,"Loved it, will order again.",2026-02-25
4143,14302,5,Value for money.,2026-06-02
4144,8081,5,Average experience.,2025-10-02
4145,10998,5,"Great food, arrived hot!",2025-10-08
4146,18750,,Fresh and tasty.,2026-04-28
4147,23607,,Rider was polite and quick.,2025-08-08
4148,4813,4,Absolutely delicious.,2026-03-25
4149,824,4,"Loved it, will order again.",2026-06-22
4150,12393,5,Fresh and tasty.,2025-09-26
4151,4121,3,Portion size was small.,2025-11-13
4152,20356,5,Would not recommend.,2025-10-23
4153,11503,5,Best biryani in town.,2026-06-13
4154,18519,2,Average experience.,2024-06-19
4155,12148,4,Order was missing an item.,2026-04-09
4156,16440,5,Delivery was late but food was good.,2025-09-14
4157,24707,3,Food was cold on arrival.,2026-04-02
4158,22984,4,"Loved it, will order again.",2026-05-31
4159,4729,5,Rider was polite and quick.,2025-02-09
4160,7149,5,Packaging could be better.,2026-02-12
4161,15321,3,Delivery was late but food was good.,2025-04-16
4162,1546,4,"Loved it, will order again.",2026-01-02
4163,4459,4,Food was cold on arrival.,2026-07-09
4164,8379,5,Rider was polite and quick.,2026-01-19
4165,1109,4,Portion size was small.,2026-02-17
4166,18726,1,Portion size was small.,2025-05-20
4167,4737,5,Order was missing an item.,2024-11-16
4168,10727,4,Order was missing an item.,2024-12-10
4169,953,,Best biryani in town.,2024-02-14
4170,8151,3,Rider was polite and quick.,2026-06-10
4171,12464,3,Rider was polite and quick.,2025-11-24
4172,17274,4,Perfect as always.,2025-10-11
4173,3959,,Average experience.,2024-12-19
4174,9062,4,Would not recommend.,2026-03-21
4175,412,2,Absolutely delicious.,2026-04-15
4176,5704,3,"Great food, arrived hot!",2025-10-24
4177,3214,4,Value for money.,2026-02-08
4178,12905,2,Food was cold on arrival.,2025-08-06
4179,1741,5,Food was cold on arrival.,2025-07-08
4180,3975,1,Packaging could be better.,2026-02-09
4181,22739,4,Absolutely delicious.,2024-09-29
4182,675,4,Would not recommend.,2026-03-10
4183,9242,5,Food was cold on arrival.,2025-05-29
4184,19314,4,Portion size was small.,2026-02-24
4185,12921,5,Value for money.,2024-03-16
4186,21538,3,Value for money.,2025-04-08
4187,17080,5,Delivery was late but food was good.,2026-07-09
4188,2780,5,Best biryani in town.,2026-05-04
4189,9381,3,Delivery was late but food was good.,2024-12-12
4190,13201,,Food was cold on arrival.,2026-05-29
4191,3614,5,Order was missing an item.,2026-01-13
4192,21964,2,Packaging could be better.,2026-05-21
4193,19058,4,Would not recommend.,2025-09-15
4194,20144,5,Value for money.,2026-01-07
4195,3886,5,Average experience.,2024-11-06
4196,24778,4,Packaging could be better.,2024-10-16
4197,9113,5,Fresh and tasty.,2025-08-27
4198,16682,5,Value for money.,2025-12-28
4199,21802,5,Perfect as always.,2026-01-11
4200,17787,3,Delivery was late but food was good.,2024-12-18
4201,20320,4,Delivery was late but food was good.,2026-02-07
4202,7058,3,Would not recommend.,2026-06-14
4203,19273,5,"Great food, arrived hot!",2026-02-27
4204,9537,1,Absolutely delicious.,2025-12-04
4205,8786,4,Food was cold on arrival.,2026-05-31
4206,7374,3,Value for money.,2026-06-21
4207,15874,1,"Loved it, will order again.",2024-11-14
4208,1313,4,Rider was polite and quick.,2025-12-20
4209,10630,4,Order was missing an item.,2025-11-23
4210,23713,4,Best biryani in town.,2026-06-09
4211,23052,5,Rider was polite and quick.,2026-06-12
4212,23008,2,Average experience.,2025-05-25
4213,10672,5,"Loved it, will order again.",2026-03-27
4214,11309,5,Absolutely delicious.,2025-12-01
4215,9035,,Portion size was small.,2026-02-09
4216,11670,3,Food was cold on arrival.,2025-06-30
4217,18327,5,Packaging could be better.,2026-06-13
4218,20289,5,Value for money.,2026-05-29
4219,6976,2,"Loved it, will order again.",2026-03-31
4220,21351,5,Average experience.,2025-11-02
4221,8891,4,Perfect as always.,2025-11-11
4222,5154,,Best biryani in town.,2025-08-01
4223,21183,5,Portion size was small.,2026-05-17
4224,13427,,Delivery was late but food was good.,2026-05-22
4225,17036,4,Rider was polite and quick.,2026-07-04
4226,12870,5,Portion size was small.,2026-03-17
4227,16902,5,Fresh and tasty.,2025-10-20
4228,11297,2,"Great food, arrived hot!",2025-07-01
4229,23996,4,Food was cold on arrival.,2026-06-16
4230,15646,5,Portion size was small.,2026-06-30
4231,20291,4,Average experience.,2026-03-09
4232,10470,5,Average experience.,2025-12-17
4233,10521,2,Average experience.,2025-11-19
4234,2608,2,Value for money.,2026-04-30
4235,15244,5,Packaging could be better.,2025-03-20
4236,4436,4,"Loved it, will order again.",2026-05-19
4237,6071,4,Packaging could be better.,2026-01-09
4238,12381,1,Perfect as always.,2025-09-21
4239,984,4,Packaging could be better.,2025-06-04
4240,22683,5,Absolutely delicious.,2026-01-13
4241,8499,1,"Loved it, will order again.",2025-11-20
4242,15791,2,Perfect as always.,2026-05-08
4243,7588,1,Perfect as always.,2026-04-06
4244,1308,5,Perfect as always.,2026-06-21
4245,7464,4,Would not recommend.,2025-10-27
4246,6920,5,Rider was polite and quick.,2026-04-07
4247,11555,2,Best biryani in town.,2025-02-09
4248,20649,2,Best biryani in town.,2025-12-14
4249,23677,4,Best biryani in town.,2026-05-31
4250,17659,5,Average experience.,2026-06-22
4251,22461,5,Delivery was late but food was good.,2025-03-02
4252,13466,5,"Great food, arrived hot!",2026-06-24
4253,9917,4,Value for money.,2024-07-15
4254,13460,2,Absolutely delicious.,2026-06-02
4255,6804,5,"Loved it, will order again.",2024-03-05
4256,4421,4,Best biryani in town.,2026-06-20
4257,529,5,Value for money.,2026-05-31
4258,19264,4,Packaging could be better.,2025-10-02
4259,11647,4,Fresh and tasty.,2025-12-26
4260,17894,5,"Loved it, will order again.",2026-01-21
4261,14448,5,Value for money.,2026-03-01
4262,18608,5,Food was cold on arrival.,2025-06-20
4263,21300,3,Portion size was small.,2025-09-17
4264,16450,,Rider was polite and quick.,2026-07-07
4265,4358,,Best biryani in town.,2026-02-23
4266,21291,4,Would not recommend.,2026-05-31
4267,21564,4,Perfect as always.,2026-03-12
4268,18485,2,Perfect as always.,2024-10-16
4269,18788,5,Food was cold on arrival.,2026-03-06
4270,19552,5,Value for money.,2026-05-01
4271,13710,4,"Great food, arrived hot!",2026-01-30
4272,14147,4,Fresh and tasty.,2026-05-08
4273,14598,5,Food was cold on arrival.,2026-04-13
4274,4486,4,Order was missing an item.,2025-01-28
4275,19924,5,Delivery was late but food was good.,2025-06-28
4276,19061,5,Fresh and tasty.,2025-03-01
4277,217,5,Order was missing an item.,2026-05-16
4278,9321,4,Rider was polite and quick.,2026-05-27
4279,244,5,"Loved it, will order again.",10/03/2026
4280,22554,5,Delivery was late but food was good.,2026-02-13
4281,2960,5,Value for money.,2026-05-03
4282,13105,1,Best biryani in town.,2026-02-04
4283,10421,4,Packaging could be better.,2026-05-21
4284,7313,5,Would not recommend.,2025-01-25
4285,17945,2,Average experience.,2025-11-20
4286,17072,4,Value for money.,2026-02-16
4287,4229,5,Rider was polite and quick.,2025-05-13
4288,12889,1,Food was cold on arrival.,2024-10-11
4289,9267,1,Would not recommend.,2026-03-23
4290,17856,3,Rider was polite and quick.,2025-10-27
4291,19472,5,Best biryani in town.,2025-11-15
4292,4942,5,Order was missing an item.,2024-12-18
4293,8939,4,"Great food, arrived hot!",2025-08-20
4294,24033,4,Fresh and tasty.,2026-01-29
4295,22753,5,"Loved it, will order again.",2025-10-07
4296,18542,,Perfect as always.,2025-05-10
4297,1312,5,Fresh and tasty.,2026-01-12
4298,8707,5,Food was cold on arrival.,2026-06-19
4299,7966,4,"Loved it, will order again.",2026-02-25
4300,15210,4,Order was missing an item.,2026-03-04
4301,2160,3,"Great food, arrived hot!",2024-06-03
4302,357,4,Rider was polite and quick.,2026-03-24
4303,9638,3,Order was missing an item.,2026-05-25
4304,22501,5,"Loved it, will order again.",2025-07-25
4305,183,2,Perfect as always.,2026-01-31
4306,11192,5,Order was missing an item.,2025-10-22
4307,23165,5,Fresh and tasty.,2026-04-28
4308,13744,5,Order was missing an item.,2024-09-05
4309,14967,5,Order was missing an item.,2026-04-03
4310,12377,4,"Great food, arrived hot!",2026-05-17
4311,10362,5,Perfect as always.,2024-12-12
4312,1111,4,Portion size was small.,2026-07-02
4313,15534,5,"Loved it, will order again.",30/12/2025
4314,6041,4,Absolutely delicious.,2026-05-10
4315,22182,5,Fresh and tasty.,2026-06-03
4316,9300,5,Best biryani in town.,2026-01-27
4317,9471,5,Would not recommend.,2026-04-30
4318,10278,5,"Great food, arrived hot!",2026-03-20
4319,14503,5,"Great food, arrived hot!",2026-03-27
4320,6064,4,Food was cold on arrival.,2026-06-23
4321,18594,1,Best biryani in town.,2025-08-31
4322,14046,5,Value for money.,2024-10-08
4323,4156,5,"Great food, arrived hot!",2026-06-01
4324,4053,3,Rider was polite and quick.,2025-04-12
4325,21868,4,Best biryani in town.,2026-02-26
4326,13828,3,Packaging could be better.,2025-05-15
4327,12286,3,Food was cold on arrival.,2026-06-24
4328,7812,4,Would not recommend.,2025-10-10
4329,6401,5,Value for money.,2026-05-29
4330,7547,5,Delivery was late but food was good.,2026-02-21
4331,12659,5,Best biryani in town.,2026-03-25
4332,12797,4,Best biryani in town.,04/03/2026
4333,3916,5,Packaging could be better.,2025-05-22
4334,3325,5,"Loved it, will order again.",2026-06-22
4335,3078,5,Absolutely delicious.,2026-02-08
4336,13859,4,Value for money.,2024-04-05
4337,11066,4,"Loved it, will order again.",2026-04-16
4338,11978,5,Delivery was late but food was good.,2025-12-06
4339,12531,4,"Loved it, will order again.",2024-09-27
4340,11945,4,Best biryani in town.,2026-01-11
4341,24391,5,Best biryani in town.,2025-12-21
4342,18046,4,Packaging could be better.,2026-02-28
4343,4718,5,Perfect as always.,2025-08-07
4344,8992,1,Delivery was late but food was good.,2024-11-22
4345,3830,5,Food was cold on arrival.,2026-06-14
4346,16949,4,Order was missing an item.,2025-03-15
4347,14222,4,Fresh and tasty.,2025-09-20
4348,11676,5,Value for money.,2026-04-12
4349,24091,3,"Great food, arrived hot!",2026-05-11
4350,372,4,Packaging could be better.,2024-09-15
4351,9600,5,Food was cold on arrival.,2025-06-14
4352,10728,4,Food was cold on arrival.,2025-05-14
4353,14600,3,"Great food, arrived hot!",12/19/2025
4354,4127,5,Rider was polite and quick.,2024-11-23
4355,18960,5,Delivery was late but food was good.,2026-01-07
4356,4615,4,Order was missing an item.,2025-04-17
4357,1005,2,Fresh and tasty.,2026-05-28
4358,16030,5,Best biryani in town.,2025-08-30
4359,4695,5,Fresh and tasty.,2025-02-07
4360,4220,4,Delivery was late but food was good.,2024-10-13
4361,8666,4,Portion size was small.,2026-07-04
4362,22625,5,Would not recommend.,2025-05-20
4363,2527,3,Perfect as always.,2025-11-30
4364,16661,5,Order was missing an item.,2026-06-24
4365,692,2,Absolutely delicious.,2025-09-23
4366,10452,4,Value for money.,2025-11-09
4367,10483,4,Order was missing an item.,2026-03-01
4368,11064,5,Perfect as always.,2025-04-20
4369,15574,3,"Loved it, will order again.",2026-01-09
4370,15511,5,"Great food, arrived hot!",2026-05-10
4371,14228,4,Absolutely delicious.,2026-03-08
4372,17405,3,Value for money.,2026-01-15
4373,17408,2,Fresh and tasty.,2025-06-30
4374,15863,2,Portion size was small.,2024-12-07
4375,3312,4,Delivery was late but food was good.,2026-06-23
4376,12702,2,"Loved it, will order again.",2025-08-10
4377,752,4,Average experience.,2026-03-03
4378,5362,5,Absolutely delicious.,2024-05-27
4379,4181,1,Order was missing an item.,2024-06-07
4380,12038,4,Rider was polite and quick.,2026-07-06
4381,23139,5,Absolutely delicious.,2026-03-29
4382,314,5,Best biryani in town.,2026-06-28
4383,2686,4,"Loved it, will order again.",2024-06-15
4384,11470,3,Rider was polite and quick.,2026-01-12
4385,8119,5,Portion size was small.,2026-02-18
4386,11410,5,Portion size was small.,2025-05-17
4387,14399,5,Food was cold on arrival.,2025-11-20
4388,19901,5,Fresh and tasty.,2026-02-07
4389,19883,4,Order was missing an item.,2025-04-06
4390,12138,5,Food was cold on arrival.,2025-02-18
4391,18241,4,Average experience.,2026-02-05
4392,20012,5,Packaging could be better.,2026-07-02
4393,6266,3,Value for money.,2024-12-03
4394,3296,3,Best biryani in town.,2024-08-09
4395,6108,3,Value for money.,2026-06-23
4396,4464,2,Delivery was late but food was good.,2026-03-18
4397,2273,5,Portion size was small.,2025-10-21
4398,19126,4,Fresh and tasty.,2026-06-21
4399,7210,5,Packaging could be better.,2026-04-25
4400,12891,5,Best biryani in town.,2026-05-29
4401,22442,5,Average experience.,2025-09-15
4402,15247,,Would not recommend.,2026-03-09
4403,6923,1,Absolutely delicious.,2025-02-03
4404,17568,,Portion size was small.,2025-02-20
4405,16186,2,Perfect as always.,2025-05-23
4406,7891,4,"Great food, arrived hot!",2024-11-26
4407,24370,4,Rider was polite and quick.,2024-07-23
4408,18428,3,Fresh and tasty.,2025-04-21
4409,7788,4,Perfect as always.,2025-02-02
4410,9209,,Packaging could be better.,2024-11-30
4411,10513,4,Would not recommend.,2025-07-25
4412,18844,5,Portion size was small.,2026-06-04
4413,12169,4,Food was cold on arrival.,2025-01-11
4414,5985,5,Food was cold on arrival.,2024-12-13
4415,4226,3,Would not recommend.,2026-04-15
4416,12672,,Average experience.,2026-05-01
4417,17645,5,Perfect as always.,2026-06-16
4418,24544,2,Absolutely delicious.,2025-10-04
4419,13838,2,Value for money.,2024-05-04
4420,22736,5,Best biryani in town.,2025-05-24
4421,7011,4,Would not recommend.,2026-02-07
4422,20842,2,Absolutely delicious.,2026-02-19
4423,7283,5,Perfect as always.,2026-04-06
4424,12678,4,Rider was polite and quick.,2025-05-15
4425,21196,2,Delivery was late but food was good.,2026-04-01
4426,16688,1,"Loved it, will order again.",2025-09-10
4427,2076,3,Fresh and tasty.,2025-09-27
4428,18431,2,Absolutely delicious.,2026-04-23
4429,4381,4,Absolutely delicious.,2025-04-30
4430,21854,5,Food was cold on arrival.,2026-06-25
4431,24731,3,Rider was polite and quick.,2026-04-18
4432,11690,5,Would not recommend.,2026-06-11
4433,7042,4,Average experience.,2024-08-14
4434,12444,5,Packaging could be better.,2025-05-25
4435,7800,2,Value for money.,2025-08-19
4436,14244,5,Delivery was late but food was good.,2025-07-29
4437,21789,,"Great food, arrived hot!",2026-05-10
4438,2298,4,Value for money.,2026-05-03
4439,416,3,Order was missing an item.,2025-05-16
4440,21027,5,Fresh and tasty.,2025-12-30
4441,23992,5,"Loved it, will order again.",2025-11-22
4442,11541,5,"Great food, arrived hot!",2026-05-08
4443,2957,,Order was missing an item.,2024-03-11
4444,24508,3,Best biryani in town.,2026-06-28
4445,9064,3,Fresh and tasty.,2026-05-28
4446,19176,4,Delivery was late but food was good.,2025-03-13
4447,358,4,Would not recommend.,2026-04-22
4448,23598,5,Portion size was small.,2026-04-25
4449,24699,4,Packaging could be better.,2024-01-15
4450,17416,2,"Loved it, will order again.",2024-04-28
4451,18199,5,Absolutely delicious.,2026-01-07
4452,19084,3,Order was missing an item.,2025-11-10
4453,4397,5,Rider was polite and quick.,2026-04-02
4454,21848,4,Fresh and tasty.,2024-07-25
4455,4079,2,Would not recommend.,2026-06-06
4456,16035,3,Fresh and tasty.,2026-06-01
4457,13473,5,Food was cold on arrival.,2026-06-27
4458,16240,5,"Loved it, will order again.",2026-06-18
4459,16633,4,Value for money.,2024-10-31
4460,13593,5,"Loved it, will order again.",2025-09-21
4461,23660,4,Best biryani in town.,2025-06-25
4462,9709,4,Absolutely delicious.,2025-05-18
4463,10872,5,"Great food, arrived hot!",2025-12-10
4464,4694,3,Portion size was small.,2024-12-15
4465,13734,4,Average experience.,2025-09-20
4466,15948,2,Absolutely delicious.,2025-11-04
4467,10051,5,Value for money.,2026-02-25
4468,14629,2,Order was missing an item.,2024-11-18
4469,5067,5,Delivery was late but food was good.,2025-08-05
4470,21568,5,Absolutely delicious.,2026-05-29
4471,680,4,"Loved it, will order again.",2025-12-25
4472,18502,1,Order was missing an item.,2024-07-25
4473,17794,4,Would not recommend.,2025-11-29
4474,14072,4,Perfect as always.,2026-02-12
4475,20801,5,"Great food, arrived hot!",2026-06-19
4476,11127,5,Food was cold on arrival.,2025-12-15
4477,19839,4,Order was missing an item.,2026-06-01
4478,12961,5,Packaging could be better.,2024-08-06
4479,13626,4,Portion size was small.,2025-07-14
4480,8679,4,Average experience.,2026-04-25
4481,8447,4,Value for money.,2024-06-30
4482,18747,4,Rider was polite and quick.,2026-04-20
4483,12188,4,Best biryani in town.,2026-03-06
4484,15970,5,Average experience.,2026-06-20
4485,247,,Absolutely delicious.,2026-01-29
4486,4698,4,Average experience.,2025-07-09
4487,21152,5,Fresh and tasty.,2026-02-12
4488,19173,5,Absolutely delicious.,2026-03-22
4489,21078,5,Fresh and tasty.,2026-02-24
4490,11682,3,Absolutely delicious.,2026-04-09
4491,3742,4,Portion size was small.,2026-05-09
4492,11506,4,Average experience.,2026-07-05
4493,619,1,Order was missing an item.,2026-02-22
4494,10130,2,Portion size was small.,2024-07-21
4495,9410,4,Would not recommend.,2026-01-14
4496,22858,2,Perfect as always.,2025-12-10
4497,1495,5,Packaging could be better.,2025-09-08
4498,6311,1,Value for money.,2026-05-01
4499,8212,4,Packaging could be better.,2026-05-04
4500,11357,,Absolutely delicious.,2026-03-06
4501,7029,4,Average experience.,2026-03-24
4502,1742,4,Best biryani in town.,2024-03-01
4503,22471,5,Best biryani in town.,2026-06-22
4504,19786,4,"Great food, arrived hot!",2026-06-19
4505,13801,1,Order was missing an item.,2025-11-22
4506,14723,5,Food was cold on arrival.,2025-09-07
4507,20834,5,Value for money.,2026-02-09
4508,6213,5,Absolutely delicious.,2026-03-06
4509,20668,5,"Loved it, will order again.",2024-12-23
4510,23239,5,Portion size was small.,2026-01-22
4511,19199,5,Rider was polite and quick.,2026-01-06
4512,6100,3,Rider was polite and quick.,2026-04-12
4513,18776,5,Rider was polite and quick.,2025-10-12
4514,3590,3,Rider was polite and quick.,2025-11-24
4515,15104,3,Would not recommend.,2025-06-12
4516,20271,3,Order was missing an item.,2025-09-26
4517,16827,1,Portion size was small.,2025-01-24
4518,21415,3,Perfect as always.,2025-05-25
4519,9010,4,Rider was polite and quick.,2026-06-09
4520,4502,4,Rider was polite and quick.,2024-08-19
4521,7672,5,Delivery was late but food was good.,2026-06-26
4522,7016,5,Best biryani in town.,2026-05-20
4523,22708,5,Best biryani in town.,2025-10-23
4524,23086,5,Fresh and tasty.,2026-01-17
4525,4116,4,Average experience.,2025-10-27
4526,11825,4,Would not recommend.,2025-02-07
4527,11607,3,"Loved it, will order again.",2024-07-16
4528,5811,4,Delivery was late but food was good.,2026-01-26
4529,1549,5,Food was cold on arrival.,2025-06-26
4530,18601,4,Delivery was late but food was good.,2025-05-26
4531,7113,4,"Great food, arrived hot!",2026-05-09
4532,21431,2,"Loved it, will order again.",2025-12-18
4533,7088,4,Portion size was small.,2025-10-15
4534,11006,4,Absolutely delicious.,2026-02-04
4535,1542,5,Average experience.,2025-09-15
4536,17583,4,Delivery was late but food was good.,2025-01-13
4537,18487,4,Packaging could be better.,2026-05-27
4538,24104,4,Packaging could be better.,2025-11-03
4539,23842,1,Fresh and tasty.,2025-01-25
4540,5246,5,Food was cold on arrival.,2026-01-28
4541,11757,4,Order was missing an item.,2026-03-04
4542,16760,4,Food was cold on arrival.,2026-02-03
4543,10446,5,Best biryani in town.,2024-01-06
4544,17422,5,"Loved it, will order again.",2025-10-24
4545,11516,4,Would not recommend.,2024-05-10
4546,15943,5,Portion size was small.,2026-05-01
4547,19197,5,Would not recommend.,2025-03-05
4548,21252,2,Rider was polite and quick.,2025-06-14
4549,19729,5,Delivery was late but food was good.,2025-11-13
4550,15059,2,Perfect as always.,2026-05-15
4551,19727,2,Perfect as always.,2026-06-08
4552,17125,5,Fresh and tasty.,2026-05-02
4553,2010,5,"Great food, arrived hot!",2026-05-30
4554,835,3,Rider was polite and quick.,2025-07-17
4555,19952,1,Would not recommend.,2026-01-07
4556,12400,5,Packaging could be better.,2026-05-23
4557,10198,,Portion size was small.,2025-10-20
4558,19964,5,Order was missing an item.,2026-04-06
4559,21302,4,Fresh and tasty.,2026-06-20
4560,6595,5,"Loved it, will order again.",2026-05-02
4561,14030,5,Perfect as always.,2025-12-02
4562,9324,3,Rider was polite and quick.,2025-09-11
4563,2431,1,Delivery was late but food was good.,2025-09-18
4564,16390,2,"Loved it, will order again.",2025-05-02
4565,3289,2,Would not recommend.,2025-03-27
4566,6705,5,Food was cold on arrival.,2026-06-24
4567,24375,4,Perfect as always.,2026-05-31
4568,16574,4,Order was missing an item.,2025-07-29
4569,15133,1,Rider was polite and quick.,2026-06-30
4570,12484,5,Absolutely delicious.,2025-10-23
4571,9326,4,Rider was polite and quick.,2025-05-31
4572,17641,1,Absolutely delicious.,2026-06-01
4573,24397,5,Fresh and tasty.,2026-06-09
4574,13200,5,Food was cold on arrival.,2026-03-25
4575,13578,4,Order was missing an item.,2026-06-05
4576,14339,2,Would not recommend.,2025-02-18
4577,16340,4,Packaging could be better.,04/12/2024
4578,24977,5,Order was missing an item.,2025-04-27
4579,1793,3,Food was cold on arrival.,2025-04-21
4580,1842,4,Order was missing an item.,2025-06-28
4581,21343,4,Delivery was late but food was good.,2025-08-30
4582,16515,4,"Great food, arrived hot!",2025-06-22
4583,2755,5,"Great food, arrived hot!",2025-08-23
4584,2007,,Average experience.,2026-06-11
4585,10298,4,Value for money.,2025-12-29
4586,2820,5,Absolutely delicious.,2025-09-07
4587,12232,3,Value for money.,2026-01-29
4588,3108,4,Average experience.,2026-06-01
4589,22200,4,Packaging could be better.,2025-07-24
4590,20137,2,Food was cold on arrival.,2026-05-27
4591,17811,4,Order was missing an item.,2026-06-01
4592,5983,3,Order was missing an item.,2026-05-01
4593,679,4,Food was cold on arrival.,2025-05-16
4594,8427,4,Average experience.,2026-04-08
4595,20270,4,Food was cold on arrival.,2025-10-13
4596,3233,5,Perfect as always.,2026-05-27
4597,23291,2,Best biryani in town.,2025-11-04
4598,14835,4,Would not recommend.,2026-05-29
4599,14839,4,Average experience.,2024-03-10
4600,5370,1,Delivery was late but food was good.,2026-03-05
4601,17844,5,Rider was polite and quick.,2026-05-24
4602,22960,5,Food was cold on arrival.,2026-02-02
4603,8292,4,Would not recommend.,2026-03-13
4604,2419,5,Perfect as always.,2024-10-27
4605,21873,5,Perfect as always.,2025-05-17
4606,22124,3,Food was cold on arrival.,2025-02-07
4607,11452,4,Delivery was late but food was good.,2025-02-20
4608,21876,5,Would not recommend.,2026-02-22
4609,20736,2,Delivery was late but food was good.,2025-06-08
4610,1199,5,Average experience.,2025-07-26
4611,15608,4,Best biryani in town.,2026-04-02
4612,10651,,Food was cold on arrival.,2026-06-14
4613,21035,4,Perfect as always.,08/03/2026
4614,18765,5,Perfect as always.,2026-07-04
4615,4308,5,Food was cold on arrival.,2026-06-28
4616,8160,5,"Great food, arrived hot!",2025-04-26
4617,1886,4,Absolutely delicious.,2025-12-20
4618,9901,4,Delivery was late but food was good.,2026-03-03
4619,8640,2,Would not recommend.,2025-06-29
4620,11163,5,Average experience.,2024-12-29
4621,14235,1,Portion size was small.,2026-02-17
4622,21633,5,"Great food, arrived hot!",2026-01-18
4623,9222,5,Perfect as always.,2026-01-27
4624,10949,2,Order was missing an item.,2026-03-13
4625,9103,,Food was cold on arrival.,2025-03-03
4626,605,5,"Loved it, will order again.",2024-09-12
4627,5678,1,Packaging could be better.,2025-03-04
4628,12023,5,"Great food, arrived hot!",2024-11-03
4629,10957,5,Average experience.,2025-07-24
4630,21937,3,Would not recommend.,2025-01-21
4631,1181,3,Average experience.,2026-02-14
4632,8902,5,Delivery was late but food was good.,2024-01-07
4633,13392,4,Best biryani in town.,09/02/2026
4634,2772,5,Absolutely delicious.,2026-05-22
4635,827,5,Food was cold on arrival.,2026-03-19
4636,14032,4,Order was missing an item.,2026-05-25
4637,11853,5,Absolutely delicious.,2025-03-09
4638,12125,3,Best biryani in town.,2024-08-06
4639,15966,4,Absolutely delicious.,2025-07-15
4640,5059,2,"Loved it, will order again.",2026-02-16
4641,8206,4,"Loved it, will order again.",2026-05-11
4642,22445,5,Food was cold on arrival.,2024-10-09
4643,16664,5,Portion size was small.,2025-04-16
4644,1738,5,Rider was polite and quick.,2025-04-14
4645,11028,5,Portion size was small.,2024-06-06
4646,15899,4,Perfect as always.,2026-03-23
4647,17871,5,Perfect as always.,2024-01-30
4648,15735,5,Value for money.,2025-08-05
4649,18716,4,Portion size was small.,2024-12-15
4650,4194,2,Fresh and tasty.,2025-12-29
4651,20827,5,Average experience.,03/28/2026
4652,15749,5,Would not recommend.,2025-09-13
4653,14778,4,Delivery was late but food was good.,2024-07-25
4654,11874,5,Would not recommend.,2026-06-24
4655,15100,5,Best biryani in town.,2025-10-03
4656,10508,5,Delivery was late but food was good.,2025-10-21
4657,284,5,Fresh and tasty.,2025-05-15
4658,14584,5,Would not recommend.,2026-05-03
4659,7477,5,Order was missing an item.,2026-02-20
4660,20318,5,Absolutely delicious.,2025-01-23
4661,7978,3,Average experience.,10/21/2025
4662,4521,3,Portion size was small.,2026-04-12
4663,21866,5,Order was missing an item.,2026-05-25
4664,7268,4,"Loved it, will order again.",2025-07-11
4665,19726,4,"Great food, arrived hot!",2024-11-26
4666,23630,4,Value for money.,2026-05-10
4667,9523,5,Delivery was late but food was good.,2026-04-18
4668,14540,4,Average experience.,2025-07-20
4669,5228,5,Perfect as always.,2026-06-04
4670,19476,5,Rider was polite and quick.,2026-03-28
4671,17529,3,Order was missing an item.,2026-03-15
4672,3567,3,Order was missing an item.,2026-02-03
4673,3758,5,Portion size was small.,2026-01-16
4674,6157,3,Order was missing an item.,2025-10-15
4675,1129,4,Average experience.,2025-05-21
4676,13938,5,Would not recommend.,2024-03-30
4677,23641,4,Food was cold on arrival.,2026-06-05
4678,5492,4,"Loved it, will order again.",2026-03-31
4679,7726,2,Delivery was late but food was good.,2026-03-16
4680,15612,3,"Great food, arrived hot!",2025-12-04
4681,17358,4,Best biryani in town.,2024-11-12
4682,23087,4,"Great food, arrived hot!",2025-11-29
4683,9521,5,Best biryani in town.,2026-06-19
4684,20002,3,Average experience.,2024-11-24
4685,10948,3,"Great food, arrived hot!",2025-10-24
4686,15815,4,Food was cold on arrival.,2026-04-11
4687,19738,3,Portion size was small.,2025-11-13
4688,10105,5,Value for money.,2025-04-28
4689,3996,1,"Great food, arrived hot!",2026-06-28
4690,23828,5,Fresh and tasty.,2026-04-04
4691,15727,,Rider was polite and quick.,2026-01-14
4692,1010,3,Portion size was small.,2026-06-14
4693,9570,3,Delivery was late but food was good.,2024-05-19
4694,23505,3,"Loved it, will order again.",2025-06-27
4695,13512,5,Absolutely delicious.,2026-03-10
4696,17359,5,Portion size was small.,2025-03-24
4697,8594,4,Fresh and tasty.,2024-01-11
4698,7324,2,"Loved it, will order again.",2026-01-18
4699,22946,2,Best biryani in town.,2026-02-28
4700,1626,5,Best biryani in town.,2026-06-26
4701,21355,2,Average experience.,2024-12-03
4702,18345,5,Value for money.,2025-09-13
4703,23045,5,Delivery was late but food was good.,2026-02-16
4704,16185,5,Would not recommend.,2025-11-15
4705,5075,5,Food was cold on arrival.,2026-03-30
4706,9960,5,Food was cold on arrival.,2024-08-26
4707,4234,5,Portion size was small.,2025-07-10
4708,14340,4,Packaging could be better.,2025-01-05
4709,776,2,Average experience.,2025-12-26
4710,16040,5,Fresh and tasty.,2024-03-11
4711,8321,3,Order was missing an item.,2026-05-12
4712,18072,,Order was missing an item.,2024-05-04
4713,1189,3,Rider was polite and quick.,2024-06-21
4714,22004,5,Food was cold on arrival.,2025-07-08
4715,18557,1,Would not recommend.,2026-04-29
4716,2395,4,Delivery was late but food was good.,2025-02-12
4717,19749,5,Fresh and tasty.,2025-03-21
4718,22192,5,"Great food, arrived hot!",2026-06-09
4719,3671,4,Fresh and tasty.,2025-11-27
4720,13660,5,"Loved it, will order again.",2025-01-11
4721,17917,4,Order was missing an item.,2026-06-17
4722,6373,5,"Loved it, will order again.",2026-07-06
4723,14130,4,"Great food, arrived hot!",2026-01-02
4724,7146,4,Average experience.,2026-03-13
4725,23542,2,Would not recommend.,2026-03-31
4726,3943,1,Food was cold on arrival.,2025-05-15
4727,8882,5,Average experience.,2026-06-15
4728,20666,5,"Loved it, will order again.",2024-06-05
4729,392,4,Would not recommend.,2025-12-16
4730,6556,2,Rider was polite and quick.,2025-03-24
4731,620,5,"Great food, arrived hot!",2024-09-02
4732,9502,4,Value for money.,2026-06-05
4733,19605,5,Food was cold on arrival.,2026-05-04
4734,7050,5,Perfect as always.,2026-02-22
4735,15740,3,"Loved it, will order again.",16/06/2025
4736,13813,5,Average experience.,2026-02-01
4737,12630,4,Portion size was small.,2026-02-18
4738,18892,3,"Loved it, will order again.",2026-05-07
4739,10310,5,Fresh and tasty.,2025-02-11
4740,21852,4,Value for money.,2025-10-23
4741,20070,5,Absolutely delicious.,2026-02-11
4742,21488,3,"Great food, arrived hot!",2024-05-25
4743,3426,4,Delivery was late but food was good.,2026-03-10
4744,16112,,Perfect as always.,2025-10-01
4745,11927,3,Rider was polite and quick.,2026-01-04
4746,15950,1,Order was missing an item.,2025-12-23
4747,15998,5,Absolutely delicious.,2026-06-06
4748,1121,3,Perfect as always.,2025-10-12
4749,16019,4,Food was cold on arrival.,2026-04-05
4750,23397,3,Average experience.,2026-02-20
4751,22150,5,Value for money.,2024-12-19
4752,18319,5,Average experience.,2025-12-25
4753,1729,3,Average experience.,2025-09-22
4754,7563,5,"Loved it, will order again.",2026-04-22
4755,7456,,Portion size was small.,2024-01-27
4756,17112,5,Packaging could be better.,2024-08-26
4757,7641,5,Rider was polite and quick.,2026-04-08
4758,3048,5,Packaging could be better.,2024-11-06
4759,24629,2,Packaging could be better.,2026-01-15
4760,22992,4,"Loved it, will order again.",2025-12-10
4761,18215,4,Fresh and tasty.,2025-11-07
4762,17648,5,"Loved it, will order again.",2025-10-24
4763,20312,4,Absolutely delicious.,2026-07-01
4764,1815,3,Portion size was small.,2026-03-30
4765,23632,1,Average experience.,2025-11-02
4766,11221,5,Food was cold on arrival.,2026-06-26
4767,11227,3,Packaging could be better.,2026-05-28
4768,9791,4,Would not recommend.,2026-03-25
4769,6361,5,Value for money.,2025-01-01
4770,8191,5,Value for money.,2026-06-07
4771,7535,4,Delivery was late but food was good.,2025-12-26
4772,16446,4,"Great food, arrived hot!",2026-04-27
4773,13476,2,Order was missing an item.,2025-11-22
4774,20447,4,Packaging could be better.,2024-12-16
4775,15838,4,Value for money.,2026-03-30
4776,18463,5,Value for money.,2026-03-10
4777,24452,5,"Great food, arrived hot!",2025-03-09
4778,3603,2,Fresh and tasty.,2025-06-01
4779,16050,5,Best biryani in town.,2024-10-22
4780,17483,5,Would not recommend.,2026-06-05
4781,21687,2,Absolutely delicious.,2025-06-11
4782,2626,4,Delivery was late but food was good.,2024-08-26
4783,2910,5,Order was missing an item.,2025-10-17
4784,5516,5,"Loved it, will order again.",2026-06-07
4785,19486,4,Average experience.,2026-03-29
4786,7184,3,Absolutely delicious.,2026-02-24
4787,11144,3,"Great food, arrived hot!",2026-04-13
4788,22695,4,Value for money.,2025-03-21
4789,12425,4,Perfect as always.,2025-01-05
4790,7827,1,"Loved it, will order again.",2026-03-06
4791,14666,2,Value for money.,2024-03-27
4792,18299,4,Would not recommend.,2025-09-03
4793,5026,4,Best biryani in town.,2025-12-23
4794,6666,5,Rider was polite and quick.,2026-03-16
4795,3514,5,Absolutely delicious.,2025-06-19
4796,709,1,Value for money.,2026-03-13
4797,4576,4,Best biryani in town.,2026-05-22
4798,112,4,Fresh and tasty.,2025-02-22
4799,18135,2,"Great food, arrived hot!",2026-03-23
4800,3541,4,Packaging could be better.,2025-05-07
4801,9336,5,Value for money.,2026-05-25
4802,1835,1,Absolutely delicious.,2026-03-14
4803,1355,4,Portion size was small.,2026-04-24
4804,21972,5,Fresh and tasty.,2025-08-13
4805,20263,1,Order was missing an item.,2026-02-05
4806,19931,4,"Great food, arrived hot!",2026-04-20
4807,10271,4,Packaging could be better.,2026-02-07
4808,5474,4,Portion size was small.,2026-04-24
4809,23593,4,Rider was polite and quick.,2025-05-09
4810,11109,5,Order was missing an item.,2026-04-18
4811,22733,4,Order was missing an item.,2025-04-16
4812,17477,4,Food was cold on arrival.,2026-05-12
4813,22026,5,Perfect as always.,2026-01-18
4814,19465,2,Packaging could be better.,2025-12-17
4815,9897,2,Would not recommend.,2025-11-13
4816,21650,3,"Loved it, will order again.",2025-09-25
4817,10553,3,Value for money.,2026-03-11
4818,13369,5,Food was cold on arrival.,2026-05-28
4819,14152,4,Absolutely delicious.,2024-05-11
4820,483,4,Food was cold on arrival.,2024-02-18
4821,6170,5,"Loved it, will order again.",2025-12-01
4822,18408,5,Perfect as always.,2025-01-31
4823,194,2,Fresh and tasty.,2025-09-05
4824,2263,4,Would not recommend.,2026-01-03
4825,14995,5,"Great food, arrived hot!",2026-05-06
4826,1997,2,Perfect as always.,2026-06-28
4827,8611,5,Would not recommend.,2026-04-18
4828,15103,2,Delivery was late but food was good.,2025-04-27
4829,12968,5,Average experience.,2026-03-16
4830,21365,4,Rider was polite and quick.,2026-05-14
4831,17068,4,"Great food, arrived hot!",2024-06-27
4832,1223,4,Perfect as always.,2026-04-26
4833,15201,5,Portion size was small.,2026-06-07
4834,4382,5,"Great food, arrived hot!",2025-09-20
4835,23038,4,Food was cold on arrival.,2024-08-13
4836,11302,5,Order was missing an item.,2025-11-02
4837,6231,,"Great food, arrived hot!",2024-11-12
4838,4928,5,Average experience.,2025-04-13
4839,18234,3,Perfect as always.,2026-06-22
4840,3155,4,"Loved it, will order again.",2025-11-26
4841,18150,4,Order was missing an item.,2025-07-23
4842,3472,3,Food was cold on arrival.,2025-10-17
4843,20051,4,Food was cold on arrival.,2025-06-15
4844,18636,3,Fresh and tasty.,2026-02-05
4845,22604,5,Perfect as always.,2025-07-22
4846,11557,,"Great food, arrived hot!",2026-05-20
4847,3384,4,Absolutely delicious.,2024-04-19
4848,22146,5,"Great food, arrived hot!",2026-04-05
4849,6863,5,Portion size was small.,2025-08-07
4850,17500,5,Fresh and tasty.,2025-10-25
4851,13133,5,Fresh and tasty.,2025-12-19
4852,2779,5,Portion size was small.,2024-10-22
4853,20565,3,Fresh and tasty.,2025-01-09
4854,7129,2,"Loved it, will order again.",2025-11-29
4855,11519,5,"Great food, arrived hot!",2026-03-03
4856,15523,4,Absolutely delicious.,2026-06-28
4857,4547,3,Rider was polite and quick.,2026-05-07
4858,5312,5,"Great food, arrived hot!",2026-03-20
4859,18644,5,Packaging could be better.,2025-12-09
4860,22079,4,Best biryani in town.,2026-05-19
4861,14658,4,Delivery was late but food was good.,2024-06-02
4862,197,4,"Great food, arrived hot!",2024-07-04
4863,21146,5,Rider was polite and quick.,2026-04-09
4864,20112,4,Best biryani in town.,2026-04-13
4865,18562,,Rider was polite and quick.,2025-06-18
4866,9735,5,Perfect as always.,2026-03-25
4867,20923,5,Order was missing an item.,2025-12-17
4868,8293,5,Food was cold on arrival.,2026-02-20
4869,2943,3,Average experience.,2026-06-22
4870,22488,2,Food was cold on arrival.,2025-03-29
4871,1851,5,Delivery was late but food was good.,2026-02-02
4872,170,4,Packaging could be better.,2025-10-13
4873,16854,4,Value for money.,2025-05-17
4874,23909,3,Food was cold on arrival.,2026-04-08
4875,10506,3,Portion size was small.,2026-01-24
4876,6483,5,Best biryani in town.,2025-10-04
4877,2655,4,Average experience.,2026-03-21
4878,14370,5,Perfect as always.,2026-02-25
4879,3814,4,Packaging could be better.,2026-01-06
4880,18774,4,Order was missing an item.,2024-08-26
4881,12877,4,Value for money.,2024-01-14
4882,16181,2,Packaging could be better.,2025-11-01
4883,10071,5,Absolutely delicious.,2025-11-08
4884,7625,5,"Great food, arrived hot!",2026-02-12
4885,54,3,Would not recommend.,2025-07-24
4886,1444,4,"Loved it, will order again.",2026-02-12
4887,19442,5,"Loved it, will order again.",2026-02-01
4888,10777,5,"Great food, arrived hot!",2026-06-18
4889,5121,,"Great food, arrived hot!",2024-09-14
4890,18337,4,Order was missing an item.,2025-08-18
4891,20650,1,Perfect as always.,2025-03-25
4892,21362,3,"Great food, arrived hot!",2026-02-23
4893,21066,5,Best biryani in town.,2025-07-13
4894,21276,3,Delivery was late but food was good.,2026-01-05
4895,2789,2,Would not recommend.,2025-07-09
4896,4948,1,"Great food, arrived hot!",2024-04-15
4897,22591,4,Value for money.,2025-07-01
4898,19563,2,Rider was polite and quick.,2026-02-01
4899,19202,4,Average experience.,2024-11-02
4900,21843,5,Order was missing an item.,2026-01-04
4901,21137,4,"Great food, arrived hot!",2025-01-14
4902,21493,5,"Great food, arrived hot!",2025-12-28
4903,7084,5,Value for money.,2025-05-03
4904,15179,3,Would not recommend.,2026-01-09
4905,16317,,Best biryani in town.,2025-04-04
4906,12211,5,"Great food, arrived hot!",2026-05-01
4907,9362,2,Best biryani in town.,2025-09-07
4908,6823,4,Rider was polite and quick.,2026-05-19
4909,17797,4,"Loved it, will order again.",2026-04-07
4910,20081,4,Best biryani in town.,2026-06-15
4911,6219,5,Packaging could be better.,2025-09-17
4912,16083,5,Rider was polite and quick.,2026-06-12
4913,17697,5,Absolutely delicious.,2024-04-04
4914,2070,5,Value for money.,2024-10-22
4915,9885,4,Would not recommend.,2025-07-28
4916,17064,4,Rider was polite and quick.,2025-09-26
4917,727,5,Rider was polite and quick.,2024-12-15
4918,10775,3,Average experience.,2026-03-10
4919,23874,4,Value for money.,2026-01-13
4920,7256,4,Packaging could be better.,2025-12-23
4921,3030,4,Delivery was late but food was good.,2025-01-27
4922,23184,4,Best biryani in town.,2025-07-29
4923,6431,3,Fresh and tasty.,2025-11-08
4924,31,5,Best biryani in town.,2024-08-09
4925,8148,3,Packaging could be better.,2026-02-11
4926,3259,4,Food was cold on arrival.,2026-06-23
4927,18023,5,Rider was polite and quick.,2026-03-06
4928,10622,5,Food was cold on arrival.,2026-02-09
4929,6445,5,Average experience.,2025-11-17
4930,16603,5,Packaging could be better.,2025-03-01
4931,847,5,Value for money.,2025-06-14
4932,8457,3,Rider was polite and quick.,2025-04-19
4933,11869,3,Portion size was small.,2026-01-29
4934,11212,4,"Great food, arrived hot!",2025-07-28
4935,3900,5,Rider was polite and quick.,2025-07-22
4936,7916,5,Order was missing an item.,2026-05-14
4937,17927,4,Best biryani in town.,2026-07-07
4938,9883,4,Would not recommend.,2026-05-21
4939,5356,5,Best biryani in town.,2025-09-15
4940,10012,4,Value for money.,2025-02-08
4941,6963,4,Would not recommend.,2026-04-12
4942,10444,4,Average experience.,2025-11-27
4943,7157,4,Absolutely delicious.,03/11/2024
4944,2199,4,Packaging could be better.,2026-03-10
4945,2659,5,"Loved it, will order again.",2026-06-20
4946,3610,3,Order was missing an item.,2026-03-15
4947,21883,5,Rider was polite and quick.,2025-01-15
4948,3376,5,Perfect as always.,2026-06-28
4949,5367,5,Packaging could be better.,2024-02-07
4950,3307,5,Packaging could be better.,2025-07-19
4951,12619,5,Food was cold on arrival.,2025-04-26
4952,17656,5,Average experience.,2026-06-29
4953,17848,3,Best biryani in town.,2026-01-06
4954,15692,4,Best biryani in town.,2025-08-31
4955,4574,4,Portion size was small.,2026-05-26
4956,7587,5,Absolutely delicious.,2026-06-24
4957,21556,3,Rider was polite and quick.,2026-07-07
4958,22205,,Absolutely delicious.,2024-09-21
4959,4352,5,Absolutely delicious.,2026-05-25
4960,13289,3,Order was missing an item.,2025-07-08
4961,16572,5,Rider was polite and quick.,2026-06-22
4962,14794,5,Best biryani in town.,2026-04-06
4963,24186,5,Best biryani in town.,2026-05-30
4964,9759,4,Perfect as always.,2026-06-10
4965,5487,1,Absolutely delicious.,2026-03-08
4966,15503,4,Portion size was small.,2026-03-18
4967,17625,,Perfect as always.,2026-04-09
4968,16863,5,Absolutely delicious.,2026-02-10
4969,22539,5,"Loved it, will order again.",2026-01-31
4970,18566,,Would not recommend.,2024-07-13
4971,1510,5,"Loved it, will order again.",2025-11-04
4972,15071,4,Fresh and tasty.,2024-05-03
4973,23363,5,Fresh and tasty.,2026-05-18
4974,17563,3,Fresh and tasty.,2025-06-22
4975,1543,4,Portion size was small.,2025-11-04
4976,24716,4,"Great food, arrived hot!",2025-01-19
4977,2189,4,Portion size was small.,2025-11-08
4978,10043,4,Average experience.,2025-11-07
4979,8924,5,Average experience.,2026-01-18
4980,20569,5,Perfect as always.,2026-03-30
4981,9018,3,Food was cold on arrival.,2025-10-22
4982,12324,4,Food was cold on arrival.,2026-05-03
4983,17852,5,Average experience.,2026-03-31
4984,13757,5,Fresh and tasty.,03/06/2024
4985,8476,1,Packaging could be better.,2026-01-20
4986,22577,4,Order was missing an item.,2025-11-04
4987,6151,4,Rider was polite and quick.,2025-07-19
4988,23208,4,"Loved it, will order again.",2024-07-06
4989,19475,5,Order was missing an item.,2025-01-12
4990,18969,4,"Great food, arrived hot!",2024-06-11
4991,18757,5,Value for money.,2026-01-27
4992,6999,5,Absolutely delicious.,2026-03-09
4993,19000,3,Value for money.,2025-10-24
4994,6181,,"Loved it, will order again.",2026-03-16
4995,18985,5,Best biryani in town.,2025-10-26
4996,23589,5,Would not recommend.,2024-06-28
4997,17901,5,Order was missing an item.,2025-01-22
4998,18885,4,Order was missing an item.,2024-08-26
4999,9099,4,Food was cold on arrival.,2025-11-02
5000,2747,2,Packaging could be better.,2025-12-01
5001,11913,2,Delivery was late but food was good.,2025-02-24
5002,14761,5,"Loved it, will order again.",2026-04-19
5003,12506,4,Average experience.,2024-09-16
5004,576,4,Packaging could be better.,2025-11-17
5005,21753,,Best biryani in town.,2024-08-02
5006,2361,5,"Loved it, will order again.",2026-03-27
5007,9106,5,Portion size was small.,2025-03-21
5008,8322,4,Order was missing an item.,2025-09-30
5009,16571,5,Food was cold on arrival.,2025-10-22
5010,19321,5,Fresh and tasty.,2026-03-28
5011,22974,,Rider was polite and quick.,2024-07-04
5012,9906,4,Would not recommend.,2025-02-06
5013,13015,4,Rider was polite and quick.,2025-09-28
5014,12770,5,Perfect as always.,2025-01-14
5015,4556,3,Best biryani in town.,2025-10-22
5016,501,5,Order was missing an item.,2024-04-11
5017,4118,4,Value for money.,2025-11-01
5018,16039,5,Delivery was late but food was good.,2026-03-11
5019,1143,3,Value for money.,2026-05-29
5020,6754,4,Perfect as always.,2025-01-21
5021,19127,5,Fresh and tasty.,2025-09-11
5022,4126,4,Fresh and tasty.,2026-02-15
5023,1777,3,Packaging could be better.,2025-07-29
5024,23951,4,Portion size was small.,2024-07-23
5025,21619,4,"Great food, arrived hot!",30/07/2024
5026,6795,3,Best biryani in town.,2025-12-16
5027,21151,2,Food was cold on arrival.,2025-03-21
5028,3162,3,Portion size was small.,2026-03-19
5029,8670,5,Average experience.,2025-07-31
5030,24066,2,"Great food, arrived hot!",19/02/2026
5031,15391,4,Best biryani in town.,2025-04-06
5032,15132,5,Delivery was late but food was good.,2025-05-07
5033,18159,4,Best biryani in town.,2026-04-22
5034,446,4,Perfect as always.,2026-01-18
5035,4197,2,Perfect as always.,2026-04-26
5036,3421,4,Would not recommend.,2024-08-20
5037,8093,4,Order was missing an item.,2024-12-06
5038,4318,,Average experience.,2025-03-31
5039,23374,4,Average experience.,2025-11-17
5040,9312,4,Absolutely delicious.,2025-05-15
5041,8677,5,Packaging could be better.,2025-11-17
5042,1060,5,Fresh and tasty.,2026-04-12
5043,8635,4,Packaging could be better.,2025-09-15
5044,11242,4,Would not recommend.,2025-03-22
5045,6960,,Portion size was small.,2025-02-25
5046,6566,3,Order was missing an item.,2026-02-26
5047,22937,4,"Great food, arrived hot!",2025-07-10
5048,20470,4,Food was cold on arrival.,2026-04-08
5049,12001,4,Average experience.,2026-06-20
5050,21002,5,Value for money.,2026-04-20
5051,6683,2,Average experience.,2024-02-10
5052,5661,5,Food was cold on arrival.,2026-02-12
5053,517,4,Average experience.,2024-11-10
5054,9372,5,Food was cold on arrival.,2024-08-12
5055,14764,5,Fresh and tasty.,2026-02-05
5056,7817,3,"Great food, arrived hot!",2025-08-18
5057,11420,4,Order was missing an item.,2026-03-08
5058,12786,4,Fresh and tasty.,2025-02-16
5059,16043,2,Delivery was late but food was good.,2026-04-30
5060,9007,3,Portion size was small.,2025-10-03
5061,7914,4,Best biryani in town.,2026-04-30
5062,4661,4,Value for money.,2026-06-21
5063,17536,4,Would not recommend.,2026-04-26
5064,16724,4,"Loved it, will order again.",2026-06-02
5065,7920,4,Order was missing an item.,2025-12-10
5066,18412,,Delivery was late but food was good.,2026-02-15
5067,303,4,Best biryani in town.,2025-06-11
5068,20067,5,Delivery was late but food was good.,2025-07-26
5069,21407,1,"Loved it, will order again.",2026-05-30
5070,7519,4,Best biryani in town.,2026-03-29
5071,5793,5,Delivery was late but food was good.,2026-06-20
5072,13465,3,Absolutely delicious.,2025-08-07
5073,3509,4,Food was cold on arrival.,2026-05-20
5074,13765,4,"Great food, arrived hot!",2026-02-09
5075,3256,4,Rider was polite and quick.,2026-02-27
5076,8514,4,"Great food, arrived hot!",2024-10-13
5077,18165,,Value for money.,2024-07-05
5078,9160,1,Packaging could be better.,2026-02-11
5079,7386,5,Food was cold on arrival.,2026-05-06
5080,8559,4,"Great food, arrived hot!",2025-04-07
5081,10891,,Delivery was late but food was good.,2026-03-17
5082,18403,5,"Great food, arrived hot!",2026-06-15
5083,296,1,Absolutely delicious.,2024-07-04
5084,20217,4,Value for money.,2026-03-22
5085,23464,5,Value for money.,2026-03-05
5086,22288,3,Order was missing an item.,2025-08-05
5087,7225,4,Would not recommend.,2026-05-21
5088,2964,3,"Great food, arrived hot!",2025-10-30
5089,19701,5,Best biryani in town.,2026-01-13
5090,8991,,Packaging could be better.,2025-10-24
5091,23145,4,"Great food, arrived hot!",2026-04-07
5092,18686,4,Average experience.,2026-01-08
5093,24864,,Would not recommend.,2026-06-13
5094,19546,4,Best biryani in town.,10/28/2025
5095,20751,3,Packaging could be better.,04/03/2026
5096,9226,4,Delivery was late but food was good.,2024-08-11
5097,15265,5,Portion size was small.,2025-09-05
5098,12230,5,Fresh and tasty.,2026-06-16
5099,6376,3,Food was cold on arrival.,2025-12-24
5100,10295,4,Best biryani in town.,2025-10-12
5101,7301,3,Rider was polite and quick.,2026-04-26
5102,18642,1,Delivery was late but food was good.,2024-03-18
5103,23163,2,Food was cold on arrival.,2026-06-20
5104,8779,3,Average experience.,2024-06-09
5105,19039,4,Best biryani in town.,2026-04-25
5106,16394,4,Food was cold on arrival.,2025-11-23
5107,23721,2,Food was cold on arrival.,2026-04-08
5108,8357,5,Perfect as always.,2024-01-14
5109,630,4,Fresh and tasty.,2026-04-11
5110,5742,5,Food was cold on arrival.,2024-08-08
5111,8169,4,Portion size was small.,2026-06-11
5112,8675,1,Best biryani in town.,2025-09-19
5113,9112,5,"Loved it, will order again.",2024-02-25
5114,15064,4,Perfect as always.,2024-11-13
5115,20164,4,Rider was polite and quick.,2025-10-16
5116,13994,5,"Great food, arrived hot!",2025-08-07
5117,1119,4,Absolutely delicious.,2026-06-15
5118,10863,5,Portion size was small.,2025-04-15
5119,1362,4,"Loved it, will order again.",2025-10-10
5120,21637,4,Absolutely delicious.,2025-09-20
5121,16667,4,Rider was polite and quick.,2024-05-28
5122,20981,4,"Loved it, will order again.",2025-10-01
5123,11872,1,Food was cold on arrival.,2025-01-17
5124,13130,5,Food was cold on arrival.,2024-12-20
5125,4363,3,Rider was polite and quick.,2026-04-05
5126,14360,1,Delivery was late but food was good.,2026-05-29
5127,24872,4,Delivery was late but food was good.,2025-03-09
5128,1946,5,Absolutely delicious.,2026-04-10
5129,17720,2,"Loved it, will order again.",2025-11-27
5130,4751,4,Perfect as always.,2024-02-20
5131,4620,5,Rider was polite and quick.,2025-12-25
5132,2923,3,Would not recommend.,2025-05-08
5133,22583,5,Food was cold on arrival.,2025-04-23
5134,1182,5,"Loved it, will order again.",2025-03-10
5135,22579,3,Portion size was small.,2026-05-15
5136,8403,3,Rider was polite and quick.,2025-07-11
5137,12250,5,Best biryani in town.,2026-02-18
5138,19420,4,Portion size was small.,2025-07-25
5139,13752,3,Average experience.,2024-05-26
5140,6828,3,"Great food, arrived hot!",2025-03-09
5141,8686,2,Fresh and tasty.,2025-12-01
5142,17732,3,"Great food, arrived hot!",2026-05-03
5143,22455,1,Would not recommend.,2026-02-01
5144,4626,2,Would not recommend.,2026-06-22
5145,5413,5,Best biryani in town.,2025-06-17
5146,10283,,Average experience.,2026-07-03
5147,7005,4,Perfect as always.,2026-05-16
5148,15818,1,Perfect as always.,2026-05-06
5149,15270,5,Delivery was late but food was good.,2025-05-01
5150,16059,5,Best biryani in town.,2026-02-24
5151,9173,5,Average experience.,2026-02-09
5152,4147,4,Absolutely delicious.,2026-04-28
5153,12667,4,Absolutely delicious.,2025-12-05
5154,5863,2,Delivery was late but food was good.,2024-11-09
5155,23955,5,Rider was polite and quick.,2025-02-10
5156,6525,4,Rider was polite and quick.,2026-04-17
5157,12687,3,Portion size was small.,2026-02-11
5158,3754,4,Delivery was late but food was good.,2025-07-04
5159,24436,3,Rider was polite and quick.,2026-07-03
5160,23412,5,Packaging could be better.,2025-05-19
5161,19748,5,Fresh and tasty.,2026-01-28
5162,12036,5,Delivery was late but food was good.,2026-06-19
5163,11654,5,Would not recommend.,2025-12-03
5164,10629,4,Packaging could be better.,2025-11-17
5165,8289,4,Delivery was late but food was good.,2026-07-03
5166,23258,5,Delivery was late but food was good.,2025-06-20
5167,23479,4,Portion size was small.,2026-06-24
5168,16791,4,Fresh and tasty.,2026-04-22
5169,7567,4,Would not recommend.,2025-11-08
5170,741,2,Perfect as always.,2026-03-23
5171,16858,2,Packaging could be better.,2024-10-03
5172,23355,4,Perfect as always.,2024-04-18
5173,16288,4,Average experience.,2024-12-13
5174,730,4,Rider was polite and quick.,2025-01-29
5175,15662,5,"Loved it, will order again.",2025-10-13
5176,20682,2,Food was cold on arrival.,2026-05-20
5177,9651,,Rider was polite and quick.,2026-03-20
5178,21429,5,Average experience.,2026-06-08
5179,4231,5,Absolutely delicious.,2026-04-09
5180,19030,4,Would not recommend.,2026-01-20
5181,6446,1,Absolutely delicious.,2026-02-21
5182,22277,5,Delivery was late but food was good.,2025-10-27
5183,10450,4,Packaging could be better.,2026-01-02
5184,468,5,Rider was polite and quick.,2025-01-14
5185,13821,5,Delivery was late but food was good.,2026-06-13
5186,7665,4,Packaging could be better.,2026-04-02
5187,19167,,Perfect as always.,2024-11-24
5188,530,5,Perfect as always.,2026-05-18
5189,5149,5,"Loved it, will order again.",2025-03-30
5190,17611,,Average experience.,2026-03-06
5191,23219,1,Packaging could be better.,2024-09-13
5192,20205,4,Fresh and tasty.,2025-08-30
5193,7112,3,Average experience.,2026-02-14
5194,4882,4,Absolutely delicious.,2026-05-07
5195,8440,3,Food was cold on arrival.,2026-05-03
5196,18473,5,Perfect as always.,2026-04-01
5197,4977,5,Packaging could be better.,2025-03-27
5198,21706,3,Perfect as always.,2026-01-09
5199,23947,2,Value for money.,2025-10-03
5200,18954,4,Would not recommend.,2026-04-23
5201,5384,5,Delivery was late but food was good.,2025-04-06
5202,13154,5,Food was cold on arrival.,2026-05-11
5203,18556,5,"Loved it, will order again.",2025-07-12
5204,18697,1,Average experience.,2026-07-06
5205,19677,4,Would not recommend.,2025-09-23
5206,7719,3,Best biryani in town.,2025-06-24
5207,21596,4,Rider was polite and quick.,2026-04-28
5208,24300,1,Delivery was late but food was good.,2026-01-23
5209,5844,5,Would not recommend.,2025-10-13
5210,19718,4,"Great food, arrived hot!",2024-11-05
5211,18387,4,Perfect as always.,2026-04-19
5212,22983,,Food was cold on arrival.,2025-11-17
5213,6954,2,"Loved it, will order again.",2025-07-23
5214,6919,4,Portion size was small.,2025-03-27
5215,17350,5,Order was missing an item.,2025-10-03
5216,18042,3,Absolutely delicious.,2025-04-18
5217,2001,4,Absolutely delicious.,2026-02-03
5218,4634,5,Packaging could be better.,2025-05-22
5219,6020,3,Fresh and tasty.,2026-06-07
5220,6187,5,Average experience.,2026-05-08
5221,18505,5,Fresh and tasty.,2025-01-20
5222,21901,,"Great food, arrived hot!",2026-06-08
5223,4307,4,Food was cold on arrival.,2025-10-19
5224,10880,5,Value for money.,2025-12-04
5225,15312,5,Packaging could be better.,2026-03-30
5226,9640,4,Fresh and tasty.,2026-03-26
5227,15540,,Order was missing an item.,2026-06-30
5228,7292,5,Average experience.,2024-02-24
5229,2509,4,Delivery was late but food was good.,2025-01-02
5230,5266,4,Rider was polite and quick.,2026-01-18
5231,18599,4,Order was missing an item.,2024-05-11
5232,6227,4,Average experience.,2026-03-27
5233,17361,2,Packaging could be better.,2026-05-01
5234,15248,5,Absolutely delicious.,2025-12-03
5235,17146,4,Perfect as always.,2025-03-17
5236,18357,5,"Great food, arrived hot!",2026-06-05
5237,3236,4,Fresh and tasty.,2024-03-22
5238,5950,5,Perfect as always.,2025-02-08
5239,290,4,Value for money.,2026-05-11
5240,17294,2,Packaging could be better.,2026-02-07
5241,19681,4,Order was missing an item.,2025-10-09
5242,2078,5,Value for money.,2026-05-13
5243,18242,1,"Great food, arrived hot!",2026-01-03
5244,8044,4,Value for money.,2025-12-12
5245,23453,5,"Great food, arrived hot!",2026-05-05
5246,190,4,Delivery was late but food was good.,2026-04-07
5247,2564,5,"Loved it, will order again.",2024-12-15
5248,13848,5,"Loved it, will order again.",2025-02-05
5249,12427,4,Food was cold on arrival.,2025-12-22
5250,19858,5,Fresh and tasty.,2026-02-13
5251,15935,5,Portion size was small.,2025-04-29
5252,21773,3,Packaging could be better.,2024-09-15
5253,10052,3,Would not recommend.,2025-10-17
5254,7018,3,Best biryani in town.,2026-03-15
5255,17377,3,"Great food, arrived hot!",2025-12-02
5256,13696,1,Perfect as always.,2026-06-02
5257,12469,4,Packaging could be better.,2025-01-07
5258,15542,2,"Loved it, will order again.",2025-10-08
5259,18114,5,Best biryani in town.,2026-03-22
5260,5152,5,Food was cold on arrival.,2026-02-13
5261,17539,4,Portion size was small.,2026-03-25
5262,15996,4,Rider was polite and quick.,2026-03-21
5263,6082,5,Fresh and tasty.,2025-07-21
5264,24669,5,Delivery was late but food was good.,2026-07-02
5265,17858,5,Average experience.,2025-05-30
5266,13796,3,Would not recommend.,2026-05-02
5267,1234,5,Average experience.,2026-01-14
5268,8147,5,Would not recommend.,2025-02-28
5269,17590,3,Rider was polite and quick.,2025-12-15
5270,10046,4,"Great food, arrived hot!",2026-05-25
5271,21335,5,"Loved it, will order again.",07/05/2025
5272,1501,4,Food was cold on arrival.,2026-06-24
5273,20845,5,"Great food, arrived hot!",2026-03-09
5274,2030,5,Perfect as always.,2026-06-06
5275,4084,4,Packaging could be better.,2026-06-20
5276,14405,4,Fresh and tasty.,2026-04-07
5277,8642,4,Perfect as always.,2025-06-04
5278,14115,4,Value for money.,2026-01-27
5279,21884,5,"Great food, arrived hot!",2026-04-15
5280,4263,5,Food was cold on arrival.,2026-02-12
5281,19698,4,Portion size was small.,2025-11-19
5282,16166,4,Value for money.,2025-06-06
5283,20561,3,Average experience.,2024-08-25
5284,20587,5,Average experience.,2025-06-15
5285,7802,5,Order was missing an item.,2025-05-20
5286,13338,4,Best biryani in town.,2026-02-09
5287,18862,4,Best biryani in town.,2026-04-15
5288,24934,2,Absolutely delicious.,2026-02-14
5289,17507,5,Value for money.,2025-06-11
5290,14128,5,Rider was polite and quick.,2026-07-03
5291,6836,3,Best biryani in town.,2025-01-21
5292,20540,4,Delivery was late but food was good.,2025-03-16
5293,2586,4,Value for money.,2026-05-05
5294,5579,4,Packaging could be better.,2026-06-04
5295,9707,5,Would not recommend.,2024-07-13
5296,8163,4,Rider was polite and quick.,2025-01-28
5297,14712,4,Packaging could be better.,2025-09-12
5298,15495,,"Great food, arrived hot!",2025-07-25
5299,12105,3,"Loved it, will order again.",2025-05-28
5300,1802,5,Delivery was late but food was good.,2025-12-23
5301,13738,5,Packaging could be better.,2026-02-22
5302,19035,5,Delivery was late but food was good.,2025-12-25
5303,5447,5,Food was cold on arrival.,2025-02-09
5304,20392,3,"Great food, arrived hot!",2026-02-21
5305,16508,5,"Great food, arrived hot!",2026-07-02
5306,17236,3,Would not recommend.,2025-04-18
5307,20294,5,Food was cold on arrival.,2025-08-25
5308,22956,4,Would not recommend.,2025-01-07
5309,20018,5,Average experience.,2026-05-25
5310,24555,4,Absolutely delicious.,2025-12-14
5311,15790,2,Absolutely delicious.,2026-06-30
5312,13921,5,Order was missing an item.,2026-02-16
5313,5000,4,Value for money.,2024-05-30
5314,21259,5,Packaging could be better.,2026-04-01
5315,19221,3,Would not recommend.,2025-04-05
5316,1179,4,Packaging could be better.,2026-04-16
5317,17965,2,Portion size was small.,07/02/2026
5318,20017,2,Best biryani in town.,2025-11-16
5319,4266,1,Would not recommend.,2026-02-27
5320,14803,4,"Loved it, will order again.",2024-07-02
5321,23054,3,Value for money.,2025-10-29
5322,19715,4,Food was cold on arrival.,2026-04-16
5323,2541,3,Best biryani in town.,2025-07-26
5324,11804,5,Perfect as always.,2026-01-02
5325,20122,5,Delivery was late but food was good.,2025-09-09
5326,21989,3,Absolutely delicious.,2025-03-17
5327,1126,,Portion size was small.,2025-10-21
5328,21385,4,Best biryani in town.,2026-05-09
5329,2112,,Food was cold on arrival.,2026-04-25
5330,12697,5,Value for money.,2024-02-15
5331,13951,4,Delivery was late but food was good.,2024-09-27
5332,8605,3,"Loved it, will order again.",2026-04-30
5333,6458,5,Average experience.,2026-07-06
5334,23136,4,Best biryani in town.,2025-08-09
5335,961,1,Value for money.,2026-01-20
5336,17202,4,Portion size was small.,2024-06-13
5337,14646,5,Best biryani in town.,2025-12-11
5338,353,4,"Great food, arrived hot!",2025-11-19
5339,14868,4,Best biryani in town.,2025-08-09
5340,9455,4,"Great food, arrived hot!",2026-05-30
5341,23849,5,Portion size was small.,2026-04-06
5342,16927,4,"Loved it, will order again.",2026-06-23
5343,21434,3,Average experience.,2024-08-13
5344,8348,5,"Great food, arrived hot!",2026-01-19
5345,22500,5,Rider was polite and quick.,2026-06-03
5346,14454,3,Rider was polite and quick.,2026-04-06
5347,24606,5,Packaging could be better.,2024-11-18
5348,2417,5,Perfect as always.,2025-10-07
5349,16269,5,Absolutely delicious.,2025-09-01
5350,19944,4,Food was cold on arrival.,2025-06-11
5351,14288,4,Best biryani in town.,2025-04-24
5352,20248,5,Perfect as always.,2025-05-29
5353,8411,5,Fresh and tasty.,2026-01-16
5354,8711,,Best biryani in town.,2026-05-02
5355,17661,5,Order was missing an item.,2026-02-09
5356,8865,4,Food was cold on arrival.,2025-06-22
5357,17039,3,Perfect as always.,2025-12-16
5358,3512,4,Food was cold on arrival.,2026-05-10
5359,7629,5,Best biryani in town.,2024-12-17
5360,4839,2,Best biryani in town.,2025-11-09
5361,10093,3,"Loved it, will order again.",2025-05-08
5362,12245,5,"Great food, arrived hot!",2026-06-15
5363,3817,3,Best biryani in town.,2026-05-15
5364,7173,5,Packaging could be better.,2025-11-23
5365,22420,4,Food was cold on arrival.,2026-05-11
5366,13187,4,"Loved it, will order again.",2025-11-28
5367,9534,5,"Loved it, will order again.",2025-07-26
5368,15956,2,Absolutely delicious.,2025-04-06
5369,11925,5,Portion size was small.,2026-05-24
5370,15793,4,Average experience.,2025-04-04
5371,24964,2,Average experience.,2025-08-09
5372,1318,5,Average experience.,2026-06-12
5373,8117,1,Order was missing an item.,2025-10-20
5374,2344,4,Fresh and tasty.,2025-07-10
5375,11036,3,Value for money.,2024-09-02
5376,20584,1,Fresh and tasty.,2025-04-29
5377,15348,1,Rider was polite and quick.,2024-12-27
5378,22260,5,Packaging could be better.,2025-11-08
5379,7443,5,Packaging could be better.,2025-06-16
5380,15710,4,Best biryani in town.,2026-04-02
5381,19133,5,Value for money.,2026-04-12
5382,15423,5,Value for money.,2026-06-11
5383,24237,4,Fresh and tasty.,2025-12-15
5384,22868,5,Average experience.,2025-01-20
5385,8264,5,Would not recommend.,2025-07-28
5386,23235,5,Food was cold on arrival.,2025-09-07
5387,22578,2,Order was missing an item.,2026-06-04
5388,17865,5,Rider was polite and quick.,2026-05-24
5389,3796,5,Delivery was late but food was good.,2024-10-13
5390,646,4,Delivery was late but food was good.,2026-01-05
5391,17960,4,Portion size was small.,2026-05-25
5392,21174,3,Value for money.,2025-11-10
5393,24488,4,Portion size was small.,2026-06-15
5394,19435,2,Best biryani in town.,2025-07-26
5395,17526,4,Would not recommend.,2026-02-20
5396,17859,5,Perfect as always.,2024-07-23
5397,4172,5,Order was missing an item.,2026-03-12
5398,23795,3,Delivery was late but food was good.,2025-12-30
5399,7271,5,Fresh and tasty.,2025-03-14
5400,15249,4,Perfect as always.,2026-05-17
5401,13238,4,Best biryani in town.,2025-07-02
5402,291,5,Perfect as always.,2026-01-11
5403,23451,5,Average experience.,2025-12-24
5404,2726,5,Rider was polite and quick.,2025-10-27
5405,5127,1,Best biryani in town.,2025-11-27
5406,12973,5,Packaging could be better.,2025-11-28
5407,9409,5,Packaging could be better.,2024-10-16
5408,6813,4,Packaging could be better.,2024-07-09
5409,5421,1,Delivery was late but food was good.,2025-12-16
5410,10856,5,Packaging could be better.,2025-09-17
5411,13166,4,Order was missing an item.,2026-02-25
5412,20734,3,Average experience.,2025-02-09
5413,19544,4,Food was cold on arrival.,2024-01-22
5414,18189,5,Delivery was late but food was good.,2026-06-27
5415,1259,2,Best biryani in town.,2024-09-08
5416,22241,4,Would not recommend.,2026-07-06
5417,10440,5,"Great food, arrived hot!",2025-06-29
5418,5133,1,Average experience.,2025-01-19
5419,15489,1,Would not recommend.,2024-10-27
5420,21189,3,Perfect as always.,2026-04-04
5421,15917,4,Best biryani in town.,2026-05-26
5422,16811,4,Fresh and tasty.,2025-11-12
5423,14882,4,Order was missing an item.,2026-01-13
5424,18618,,Average experience.,2025-05-31
5425,16034,2,"Great food, arrived hot!",2024-10-16
5426,1974,5,Best biryani in town.,2025-07-15
5427,4985,4,Average experience.,2026-06-25
5428,4420,4,Order was missing an item.,2026-06-03
5429,10870,5,Average experience.,2025-04-08
5430,13180,4,Would not recommend.,2026-06-25
5431,18400,5,Would not recommend.,2025-07-31
5432,18847,3,Value for money.,2024-06-11
5433,2697,5,Portion size was small.,2025-01-10
5434,13758,4,Food was cold on arrival.,2026-07-02
5435,13914,3,"Loved it, will order again.",2026-02-25
5436,14421,5,Rider was polite and quick.,2026-04-07
5437,17495,3,Order was missing an item.,2026-02-12
5438,8766,4,Rider was polite and quick.,2026-06-07
5439,6643,5,Perfect as always.,2024-10-12
5440,18075,3,Absolutely delicious.,2026-03-06
5441,15982,3,"Loved it, will order again.",2024-04-07
5442,5729,4,Best biryani in town.,2025-10-25
5443,7463,5,Portion size was small.,2026-01-24
5444,22052,4,Packaging could be better.,2025-11-14
5445,13661,,Value for money.,2026-03-15
5446,3733,4,Absolutely delicious.,14/03/2026
5447,10765,4,Perfect as always.,2024-02-14
5448,6363,4,Delivery was late but food was good.,2025-10-01
5449,15126,5,Value for money.,2026-04-29
5450,319,5,Rider was polite and quick.,2024-10-16
5451,2487,5,Perfect as always.,2025-11-10
5452,12626,2,Would not recommend.,01/03/2026
5453,11836,4,"Great food, arrived hot!",2024-10-28
5454,23629,4,Food was cold on arrival.,2025-05-13
5455,11749,5,"Great food, arrived hot!",2025-08-20
5456,19716,5,Best biryani in town.,2025-10-18
5457,19078,4,"Loved it, will order again.",2024-11-01
5458,12982,5,Perfect as always.,2025-06-22
5459,970,5,Portion size was small.,2026-04-29
5460,22986,5,Delivery was late but food was good.,2024-11-28
5461,5227,5,"Great food, arrived hot!",2026-03-18
5462,7032,3,Delivery was late but food was good.,2026-06-01
5463,13152,5,Fresh and tasty.,2026-05-26
5464,10346,5,Average experience.,2025-11-25
5465,963,5,Portion size was small.,2025-08-17
5466,2737,3,Value for money.,2026-06-20
5467,21055,4,"Loved it, will order again.",2025-01-28
5468,19550,5,"Great food, arrived hot!",2026-02-09
5469,13268,4,Absolutely delicious.,2026-04-09
5470,6195,4,Value for money.,2026-01-22
5471,18461,4,"Great food, arrived hot!",2026-04-20
5472,3822,5,Value for money.,2026-05-25
5473,1288,2,Perfect as always.,2025-04-22
5474,19789,5,Average experience.,2025-05-11
5475,20277,1,Best biryani in town.,2026-04-26
5476,8757,5,"Great food, arrived hot!",2025-04-19
5477,20358,5,Average experience.,2024-02-25
5478,24242,5,"Great food, arrived hot!",2025-04-15
5479,443,2,Fresh and tasty.,2026-06-08
5480,3044,1,"Great food, arrived hot!",2026-06-20
5481,4960,4,Perfect as always.,2026-02-15
5482,10937,5,Portion size was small.,2026-01-30
5483,7264,2,Rider was polite and quick.,2026-05-07
5484,24192,3,Portion size was small.,2026-04-22
5485,988,5,"Loved it, will order again.",2026-03-23
5486,13941,4,Order was missing an item.,2026-06-20
5487,9406,4,Perfect as always.,2024-12-24
5488,19268,,Perfect as always.,2026-06-13
5489,12481,2,Would not recommend.,2024-05-11
5490,4040,5,Order was missing an item.,2025-03-06
5491,6629,1,Rider was polite and quick.,2025-01-30
5492,19948,,Perfect as always.,2025-05-16
5493,17664,2,Food was cold on arrival.,2025-06-14
5494,12893,5,Delivery was late but food was good.,2026-01-09
5495,15057,3,Value for money.,2026-04-09
5496,13211,5,Rider was polite and quick.,2025-08-30
5497,19115,3,Absolutely delicious.,2026-02-05
5498,18915,2,Packaging could be better.,2025-09-01
5499,22276,5,Average experience.,2025-08-07
5500,15981,4,Perfect as always.,2026-06-07
5501,12637,4,Delivery was late but food was good.,2025-07-04
5502,10428,4,Would not recommend.,2026-02-08
5503,12530,5,"Loved it, will order again.",2026-05-21
5504,4697,4,Value for money.,2026-06-04
5505,14675,5,Packaging could be better.,2025-09-06
5506,6434,,"Great food, arrived hot!",2025-08-02
5507,2241,5,Delivery was late but food was good.,2025-10-19
5508,24704,5,Would not recommend.,2025-11-26
5509,24435,2,"Loved it, will order again.",2025-11-19
5510,22844,2,"Great food, arrived hot!",2025-12-25
5511,18029,,"Loved it, will order again.",2024-06-05
5512,16294,1,Would not recommend.,2026-07-03
5513,13970,4,Delivery was late but food was good.,2026-05-30
5514,15365,3,Value for money.,2026-01-20
5515,9408,5,Value for money.,2025-11-26
5516,1491,5,Average experience.,2026-06-27
5517,4067,2,Food was cold on arrival.,2026-05-06
5518,13589,4,"Great food, arrived hot!",2024-10-27
5519,2976,4,Absolutely delicious.,2026-04-17
5520,7765,5,Average experience.,2026-04-10
5521,12805,5,Packaging could be better.,2025-05-15
5522,4508,3,Absolutely delicious.,09/12/2025
5523,4008,4,Best biryani in town.,2026-02-12
5524,17786,3,Fresh and tasty.,2026-04-12
5525,12527,3,Value for money.,2026-01-22
5526,2664,5,Would not recommend.,2026-05-31
5527,14233,4,Fresh and tasty.,2026-07-06
5528,14786,5,Best biryani in town.,2025-10-25
5529,8219,4,Best biryani in town.,2025-11-14
5530,2927,5,Value for money.,2024-04-04
5531,6059,5,Fresh and tasty.,2026-06-18
5532,7061,3,Best biryani in town.,2025-10-31
5533,5248,4,Order was missing an item.,2024-10-09
5534,3358,5,Order was missing an item.,2026-05-17
5535,18380,3,Portion size was small.,2026-06-29
5536,13543,4,Packaging could be better.,2025-04-15
5537,14755,4,Perfect as always.,2024-05-04
5538,17090,4,"Loved it, will order again.",2025-10-26
5539,11530,2,"Great food, arrived hot!",2026-04-01
5540,10738,5,Fresh and tasty.,2026-06-04
5541,23096,3,Average experience.,2025-08-29
5542,24974,1,"Great food, arrived hot!",2025-08-13
5543,23428,3,"Great food, arrived hot!",2025-08-19
5544,5420,5,Value for money.,2025-05-05
5545,15803,2,Best biryani in town.,2024-03-26
5546,23881,4,Perfect as always.,2025-08-19
5547,4560,5,Average experience.,2026-03-05
5548,3874,3,Absolutely delicious.,2025-05-18
5549,17695,5,"Loved it, will order again.",2024-04-08
5550,20480,2,Fresh and tasty.,2025-10-25
5551,12195,4,Fresh and tasty.,2025-07-09
5552,2679,,Fresh and tasty.,2025-11-10
5553,14169,5,Food was cold on arrival.,2025-09-08
5554,11434,1,Perfect as always.,2025-09-28
5555,1753,4,Packaging could be better.,2025-12-17
5556,795,1,Packaging could be better.,2026-05-26
5557,7422,3,Food was cold on arrival.,2024-12-13
5558,20454,4,Order was missing an item.,2026-06-09
5559,16564,5,Order was missing an item.,2025-04-12
5560,4835,5,"Great food, arrived hot!",2025-11-20
5561,18076,3,Food was cold on arrival.,2025-12-14
5562,1921,5,Absolutely delicious.,2025-06-13
5563,20021,4,Food was cold on arrival.,2024-06-12
5564,9895,5,Value for money.,2025-06-27
5565,6623,4,Best biryani in town.,2026-01-21
5566,21430,4,Absolutely delicious.,2026-02-05
5567,3158,4,Packaging could be better.,2025-08-12
5568,17268,3,Perfect as always.,2026-04-29
5569,19653,5,Delivery was late but food was good.,2025-11-04
5570,1597,1,Perfect as always.,2025-07-12
5571,2643,1,Order was missing an item.,2026-02-08
5572,5942,5,Best biryani in town.,2025-11-30
5573,21593,5,Delivery was late but food was good.,2025-10-24
5574,19019,3,"Loved it, will order again.",2025-08-21
5575,21993,4,Value for money.,2026-06-04
5576,1048,4,Value for money.,2026-05-23
5577,2811,4,Order was missing an item.,2024-12-26
5578,16389,2,Average experience.,2024-10-09
5579,22428,5,Perfect as always.,2026-01-06
5580,10274,5,Fresh and tasty.,2025-12-08
5581,21105,3,Best biryani in town.,2026-06-01
5582,20453,4,Food was cold on arrival.,2026-06-30
5583,5933,5,"Great food, arrived hot!",2025-12-07
5584,2511,4,Rider was polite and quick.,2025-11-04
5585,12251,4,Delivery was late but food was good.,2025-11-11
5586,10628,,Food was cold on arrival.,2026-06-04
5587,4969,4,Value for money.,2026-05-29
5588,22666,5,Fresh and tasty.,2025-02-04
5589,1152,3,Average experience.,2026-06-02
5590,628,5,"Loved it, will order again.",2026-06-23
5591,2120,5,Average experience.,2024-07-09
5592,15543,3,Value for money.,2026-02-08
5593,18166,,Perfect as always.,2026-04-26
5594,8305,5,Perfect as always.,2025-01-11
5595,9575,5,Rider was polite and quick.,2024-03-29
5596,18980,4,Rider was polite and quick.,2026-02-22
5597,4899,4,Best biryani in town.,2026-05-26
5598,11572,4,Rider was polite and quick.,2026-04-05
5599,8981,3,Average experience.,2025-08-22
5600,18516,5,Value for money.,2026-03-06
5601,10304,5,Perfect as always.,2025-11-21
5602,23407,5,Portion size was small.,2026-05-29
5603,19540,5,"Great food, arrived hot!",2025-10-14
5604,17071,2,Value for money.,2025-04-25
5605,9325,5,Best biryani in town.,2025-09-29
5606,1353,3,Rider was polite and quick.,2026-05-28
5607,19610,1,"Loved it, will order again.",2026-07-05
5608,23862,3,Best biryani in town.,2025-02-07
5609,14292,5,Average experience.,2025-08-08
5610,4633,3,Best biryani in town.,2025-06-11
5611,7250,3,Packaging could be better.,2025-09-08
5612,2604,5,Packaging could be better.,2025-11-13
5613,8016,5,Rider was polite and quick.,2026-03-09
5614,22330,1,Order was missing an item.,2025-10-25
5615,14319,5,Order was missing an item.,2024-10-16
5616,23655,4,Food was cold on arrival.,2025-07-19
5617,1511,4,Delivery was late but food was good.,2025-08-07
5618,5957,4,Order was missing an item.,2026-01-10
5619,13408,3,Rider was polite and quick.,2025-08-29
5620,1039,5,Portion size was small.,2024-10-21
5621,3536,5,"Great food, arrived hot!",2024-03-15
5622,8373,5,Perfect as always.,2026-04-12
5623,13705,5,Rider was polite and quick.,2024-09-29
5624,11289,3,Portion size was small.,2024-04-10
5625,16578,3,Perfect as always.,2025-06-26
5626,4826,4,Rider was polite and quick.,2026-01-02
5627,12802,5,Order was missing an item.,2024-06-17
5628,24384,1,Fresh and tasty.,2025-01-10
5629,18253,4,Packaging could be better.,2026-04-06
5630,24942,,Perfect as always.,2026-06-23
5631,20437,5,Order was missing an item.,2024-01-16
5632,21163,4,Absolutely delicious.,2025-10-04
5633,15369,5,Packaging could be better.,2024-12-17
5634,22527,3,Average experience.,2025-05-20
5635,16355,4,"Loved it, will order again.",2026-02-02
5636,2962,5,Food was cold on arrival.,2024-08-19
5637,8360,3,Best biryani in town.,2025-12-05
5638,23548,5,Value for money.,2026-05-16
5639,11593,3,Absolutely delicious.,2026-03-04
5640,20525,2,Perfect as always.,2025-01-28
5641,3533,2,Food was cold on arrival.,2026-02-24
5642,13977,3,Absolutely delicious.,2026-03-11
5643,14925,5,Rider was polite and quick.,2026-01-16
5644,3423,5,Order was missing an item.,2026-03-09
5645,20964,4,Fresh and tasty.,2026-04-07
5646,22746,5,Value for money.,2025-07-04
5647,20202,3,Delivery was late but food was good.,2025-05-04
5648,7739,3,Average experience.,2026-02-06
5649,6279,3,Food was cold on arrival.,2026-03-18
5650,11007,4,"Loved it, will order again.",2025-11-22
5651,20504,4,Value for money.,2025-08-06
5652,14241,5,Packaging could be better.,2025-12-27
5653,14685,4,Delivery was late but food was good.,2026-04-05
5654,9833,,Absolutely delicious.,2026-03-12
5655,14376,5,Food was cold on arrival.,2024-11-04
5656,13302,3,Value for money.,2026-05-21
5657,5252,5,Absolutely delicious.,2025-12-02
5658,16973,5,Best biryani in town.,2024-04-09
5659,12795,5,Packaging could be better.,2026-01-04
5660,13037,4,Absolutely delicious.,2025-01-07
5661,601,4,Delivery was late but food was good.,2026-02-09
5662,4997,1,Best biryani in town.,2024-06-04
5663,19723,1,Value for money.,2024-12-13
5664,10036,5,Absolutely delicious.,2025-12-28
5665,1250,2,"Great food, arrived hot!",2026-04-23
5666,7048,5,Fresh and tasty.,2026-01-22
5667,14664,1,Average experience.,2026-02-25
5668,20935,4,Food was cold on arrival.,2025-10-26
5669,12943,2,Portion size was small.,2025-12-16
5670,13193,3,Value for money.,2024-06-26
5671,11752,4,Absolutely delicious.,2026-01-28
5672,22614,5,Order was missing an item.,2026-05-26
5673,12602,4,Food was cold on arrival.,2024-11-18
5674,20832,3,Portion size was small.,2025-10-14
5675,5860,3,Fresh and tasty.,2025-09-11
5676,20695,3,Perfect as always.,2024-05-05
5677,10810,5,Order was missing an item.,2026-06-26
5678,53,3,Best biryani in town.,2026-04-14
5679,19357,5,Rider was polite and quick.,2025-11-08
5680,19310,3,Average experience.,2026-02-09
5681,22302,4,Delivery was late but food was good.,2025-12-21
5682,4980,1,Fresh and tasty.,2025-05-09
5683,3269,5,Packaging could be better.,2026-04-20
5684,13424,4,Value for money.,2025-03-20
5685,12621,3,Delivery was late but food was good.,2026-04-19
5686,3818,,Fresh and tasty.,2025-11-28
5687,17013,3,Rider was polite and quick.,2026-05-28
5688,10855,5,"Great food, arrived hot!",2026-06-02
5689,22745,4,Portion size was small.,2026-03-08
5690,1359,4,Perfect as always.,2026-01-26
5691,17131,5,Food was cold on arrival.,2026-06-20
5692,21636,4,Order was missing an item.,2025-12-23
5693,8952,5,Delivery was late but food was good.,2025-04-10
5694,13606,5,"Loved it, will order again.",2025-02-16
5695,11347,,"Loved it, will order again.",2025-12-22
5696,16912,5,Perfect as always.,2025-08-15
5697,17985,4,Absolutely delicious.,2025-10-31
5698,24040,5,"Loved it, will order again.",2025-12-17
5699,24779,5,Fresh and tasty.,2026-05-14
5700,5861,4,Average experience.,2024-10-06
5701,17339,,Portion size was small.,2025-08-13
5702,6444,4,Portion size was small.,2025-04-08
5703,6681,3,"Great food, arrived hot!",2026-04-16
5704,11376,,"Great food, arrived hot!",2025-02-28
5705,20032,3,Best biryani in town.,2026-05-15
5706,21831,2,Would not recommend.,2025-01-15
5707,9351,5,Order was missing an item.,2024-12-03
5708,15667,,Perfect as always.,2026-02-13
5709,15918,,Average experience.,2026-06-30
5710,11625,3,Absolutely delicious.,2024-10-01
5711,6110,4,Would not recommend.,2025-08-13
5712,9900,5,Would not recommend.,2026-03-31
5713,463,5,Food was cold on arrival.,2026-06-13
5714,85,5,"Great food, arrived hot!",2024-03-09
5715,15742,,Portion size was small.,2026-06-20
5716,21667,5,Packaging could be better.,2026-06-30
5717,13884,5,Portion size was small.,2025-12-22
5718,23430,4,Delivery was late but food was good.,2025-07-17
5719,24830,5,Best biryani in town.,2026-03-02
5720,6506,4,Packaging could be better.,2026-06-28
5721,4136,4,Best biryani in town.,2025-03-15
5722,21498,2,Would not recommend.,2026-04-19
5723,19156,4,Average experience.,2025-10-29
5724,21751,2,Best biryani in town.,2026-02-19
5725,19459,5,Order was missing an item.,2024-10-30
5726,7936,5,"Loved it, will order again.",2025-08-04
5727,19940,5,"Loved it, will order again.",2026-03-13
5728,13634,4,Average experience.,2026-05-13
5729,15442,1,"Loved it, will order again.",2025-10-17
5730,10601,1,Would not recommend.,2026-02-07
5731,4638,,"Great food, arrived hot!",2025-07-02
5732,21609,5,Would not recommend.,2026-03-27
5733,9927,1,Portion size was small.,2026-04-08
5734,4789,5,Delivery was late but food was good.,2025-06-30
5735,7807,5,Average experience.,2026-06-10
5736,12429,2,Portion size was small.,2024-10-04
5737,9491,5,Fresh and tasty.,2024-09-17
5738,11300,4,Rider was polite and quick.,2025-10-06
5739,6199,5,"Loved it, will order again.",2026-02-08
5740,9307,3,Absolutely delicious.,2026-06-10
5741,7822,4,Would not recommend.,2025-07-19
5742,21316,3,Fresh and tasty.,2024-11-20
5743,20026,5,Portion size was small.,2026-01-03
5744,6690,5,Order was missing an item.,2026-05-01
5745,9536,5,Value for money.,2025-04-12
5746,11408,5,Order was missing an item.,2026-03-29
5747,16797,3,Food was cold on arrival.,2026-01-10
5748,21542,3,"Great food, arrived hot!",2025-05-26
5749,19209,4,Food was cold on arrival.,2026-06-28
5750,22623,3,Average experience.,2026-04-02
5751,324,4,Delivery was late but food was good.,2026-06-18
5752,21801,5,Rider was polite and quick.,2025-04-22
5753,7607,4,Absolutely delicious.,2026-06-29
5754,11101,5,Perfect as always.,2025-11-22
5755,14860,4,Best biryani in town.,2025-09-04
5756,23059,5,"Great food, arrived hot!",2025-08-05
5757,922,2,Rider was polite and quick.,2025-06-01
5758,22940,5,Rider was polite and quick.,2026-03-30
5759,20010,5,Best biryani in town.,2024-08-29
5760,24207,4,Food was cold on arrival.,2026-01-31
5761,18277,4,"Great food, arrived hot!",2025-09-07
5762,5601,4,"Great food, arrived hot!",2025-11-09
5763,17936,5,Average experience.,2026-03-26
5764,22786,4,Value for money.,2026-07-04
5765,21255,4,Absolutely delicious.,2026-05-26
5766,14619,5,"Great food, arrived hot!",2025-05-16
5767,11838,3,Rider was polite and quick.,2024-10-03
5768,6549,4,Portion size was small.,2025-12-28
5769,17751,5,Perfect as always.,2024-03-09
5770,10102,3,Delivery was late but food was good.,2025-04-04
5771,19069,2,"Loved it, will order again.",2025-08-28
5772,7883,4,Delivery was late but food was good.,2025-01-21
5773,24959,5,Best biryani in town.,2026-02-07
5774,17838,3,"Loved it, will order again.",2026-06-03
5775,4528,2,Value for money.,2025-10-29
5776,383,4,Fresh and tasty.,2025-06-24
5777,8643,5,"Great food, arrived hot!",2025-08-27
5778,5608,4,Would not recommend.,2024-04-06
5779,17459,,Would not recommend.,2024-07-16
5780,20405,,Food was cold on arrival.,2025-08-05
5781,14617,4,Average experience.,2024-12-30
5782,22189,5,Delivery was late but food was good.,2026-04-02
5783,6878,2,Best biryani in town.,2026-04-20
5784,24015,5,Best biryani in town.,2025-07-14
5785,23442,,"Great food, arrived hot!",2024-11-01
5786,12852,5,Order was missing an item.,2024-10-20
5787,11985,4,Rider was polite and quick.,2026-06-30
5788,20862,4,Packaging could be better.,2026-01-24
5789,11759,5,Fresh and tasty.,2026-01-27
5790,7598,5,Average experience.,2025-11-05
5791,17257,5,"Great food, arrived hot!",2025-10-20
5792,13378,4,"Loved it, will order again.",2026-05-27
5793,12701,3,Order was missing an item.,2025-09-11
5794,6951,4,Packaging could be better.,2026-03-27
5795,15251,3,Would not recommend.,2025-12-30
5796,15824,4,Value for money.,2025-06-23
5797,12956,1,"Loved it, will order again.",2026-07-01
5798,19229,5,Portion size was small.,2026-05-28
5799,21156,5,Would not recommend.,2026-05-03
5800,16069,5,"Great food, arrived hot!",2025-08-22
5801,23599,,Order was missing an item.,2024-05-04
5802,7674,2,Delivery was late but food was good.,2026-03-13
5803,23967,5,"Great food, arrived hot!",2025-08-05
5804,23745,5,Best biryani in town.,2025-08-12
5805,15958,1,Order was missing an item.,2026-06-13
5806,12901,5,Packaging could be better.,2025-03-05
5807,19791,2,Would not recommend.,2024-04-15
5808,18942,,Rider was polite and quick.,2026-02-22
5809,16406,2,Order was missing an item.,2024-03-30
5810,14627,3,Value for money.,2026-04-02
5811,2839,5,Portion size was small.,2026-02-14
5812,20330,5,Packaging could be better.,27/12/2024
5813,8383,3,Best biryani in town.,2026-05-20
5814,22337,5,"Great food, arrived hot!",2025-10-18
5815,15049,3,Best biryani in town.,2026-01-02
5816,2725,5,Portion size was small.,2026-06-16
5817,15404,4,Order was missing an item.,2025-12-31
5818,9542,2,Rider was polite and quick.,2025-12-03
5819,15370,5,Packaging could be better.,2026-02-07
5820,22038,5,Absolutely delicious.,2025-10-10
5821,21392,3,Portion size was small.,2024-09-08
5822,3036,2,Rider was polite and quick.,2025-09-01
5823,13993,5,"Loved it, will order again.",2026-04-24
5824,9407,4,Value for money.,2025-06-24
5825,20656,2,Absolutely delicious.,2026-01-13
5826,12668,5,Packaging could be better.,2026-06-27
5827,10286,5,Portion size was small.,2026-06-16
5828,17550,5,Would not recommend.,2026-05-14
5829,890,5,Value for money.,2026-06-11
5830,13532,4,Best biryani in town.,2024-10-25
5831,20132,5,Packaging could be better.,2026-03-10
5832,9266,4,Order was missing an item.,2026-06-20
5833,12644,5,Best biryani in town.,2026-04-03
5834,22872,2,Food was cold on arrival.,2025-05-29
5835,21611,5,Food was cold on arrival.,2024-12-07
5836,21123,3,"Loved it, will order again.",2026-06-12
5837,12134,4,Would not recommend.,2026-06-09
5838,11257,2,Fresh and tasty.,2024-08-09
5839,9652,4,Absolutely delicious.,2026-06-20
5840,14767,4,Rider was polite and quick.,2025-04-03
5841,22130,4,Packaging could be better.,2026-04-09
5842,19861,5,"Loved it, will order again.",2026-02-26
5843,22900,5,Perfect as always.,2025-08-27
5844,12514,5,Best biryani in town.,2025-10-02
5845,3488,4,Value for money.,2026-01-31
5846,12574,5,Order was missing an item.,2025-05-08
5847,2370,4,Food was cold on arrival.,2025-07-28
5848,14203,,Value for money.,2025-02-14
5849,15539,4,Absolutely delicious.,2026-01-26
5850,7080,5,Portion size was small.,2024-10-18
5851,4798,2,Absolutely delicious.,2025-09-07
5852,10226,2,Average experience.,2024-09-15
5853,4739,4,Portion size was small.,2024-10-17
5854,15230,5,Food was cold on arrival.,2025-08-05
5855,11845,4,Delivery was late but food was good.,2025-04-21
5856,24041,1,"Loved it, will order again.",2025-06-11
5857,5956,4,Order was missing an item.,2026-02-06
5858,6075,3,Best biryani in town.,2024-03-06
5859,9705,2,Delivery was late but food was good.,2026-04-17
5860,9881,5,Food was cold on arrival.,2026-03-14
5861,6988,4,"Loved it, will order again.",2026-02-05
5862,8355,5,Delivery was late but food was good.,2025-11-09
5863,12794,5,Average experience.,2026-06-30
5864,19699,4,Best biryani in town.,2024-09-21
5865,6252,5,Fresh and tasty.,2025-12-25
5866,17254,5,Would not recommend.,2024-03-04
5867,16710,3,Rider was polite and quick.,2025-09-26
5868,7183,5,Average experience.,2025-01-23
5869,19651,,Packaging could be better.,2025-08-13
5870,6392,4,Fresh and tasty.,2026-03-03
5871,475,3,Average experience.,2025-06-11
5872,17067,2,Would not recommend.,2026-03-03
5873,14159,2,Delivery was late but food was good.,2024-06-10
5874,1385,5,Best biryani in town.,2025-01-20
5875,3407,1,Delivery was late but food was good.,2026-03-17
5876,16092,3,Order was missing an item.,2025-03-30
5877,4180,1,Fresh and tasty.,2025-05-08
5878,5166,1,"Great food, arrived hot!",2025-10-14
5879,21820,4,Absolutely delicious.,2025-12-18
5880,9091,5,Average experience.,2024-01-15
5881,5103,5,Packaging could be better.,2025-10-01
5882,22267,4,Would not recommend.,2025-05-31
5883,20506,5,Packaging could be better.,2024-01-18
5884,21199,4,"Loved it, will order again.",2025-05-07
5885,23301,4,Rider was polite and quick.,2024-01-25
5886,22663,2,Perfect as always.,01/25/2026
5887,11268,4,Packaging could be better.,2026-03-25
5888,13117,4,Perfect as always.,2026-05-04
5889,12420,1,Portion size was small.,2025-09-12
5890,6680,5,Perfect as always.,2025-02-26
5891,23978,2,Value for money.,2025-01-01
5892,23904,2,"Great food, arrived hot!",2025-09-07
5893,18103,4,Rider was polite and quick.,2024-02-27
5894,307,4,Fresh and tasty.,2026-05-17
5895,5809,4,Average experience.,2025-04-18
5896,172,4,Absolutely delicious.,2025-05-09
5897,1928,3,Absolutely delicious.,2026-06-30
5898,13876,4,Delivery was late but food was good.,2026-06-23
5899,6406,4,Average experience.,2024-04-22
5900,22667,4,Rider was polite and quick.,2025-10-15
5901,99,5,Would not recommend.,2026-06-06
5902,12777,4,Perfect as always.,2025-05-26
5903,6330,2,Portion size was small.,2026-01-02
5904,14078,3,Delivery was late but food was good.,2026-01-09
5905,7318,5,"Loved it, will order again.",2025-03-14
5906,736,1,"Loved it, will order again.",2026-06-25
5907,19477,3,Would not recommend.,2025-10-27
5908,12947,5,"Loved it, will order again.",2025-06-23
5909,17379,4,Absolutely delicious.,2025-08-04
5910,9884,5,Portion size was small.,2025-06-04
5911,21181,1,Order was missing an item.,2026-04-25
5912,22318,1,"Great food, arrived hot!",2026-04-26
5913,729,4,Food was cold on arrival.,2026-05-23
5914,13016,5,Delivery was late but food was good.,2025-10-18
5915,500,5,Order was missing an item.,2026-04-13
5916,9578,5,Value for money.,2025-04-13
5917,10576,2,Would not recommend.,2025-09-12
5918,3770,1,Food was cold on arrival.,2025-12-22
5919,22114,5,Best biryani in town.,2025-08-02
5920,10887,5,Order was missing an item.,2025-10-07
5921,9434,4,Best biryani in town.,2026-02-07
5922,8872,3,Food was cold on arrival.,2026-04-01
5923,20476,5,Value for money.,2026-04-30
5924,1943,5,Packaging could be better.,2025-10-13
5925,2605,,Perfect as always.,2026-02-23
5926,23806,3,Food was cold on arrival.,2025-02-25
5927,23440,5,Best biryani in town.,2024-06-23
5928,9804,4,Would not recommend.,2026-01-02
5929,12509,3,Rider was polite and quick.,2026-01-25
5930,12928,5,Delivery was late but food was good.,2024-12-10
5931,23410,3,Portion size was small.,2024-12-10
5932,255,4,"Loved it, will order again.",2026-06-07
5933,10165,2,Absolutely delicious.,2026-07-02
5934,3189,3,Best biryani in town.,2025-09-21
5935,14351,5,Fresh and tasty.,2024-10-01
5936,10650,4,Portion size was small.,2025-10-16
5937,375,5,Would not recommend.,2026-04-24
5938,4078,4,Best biryani in town.,2026-06-23
5939,15843,5,Absolutely delicious.,2026-06-18
5940,7871,5,Delivery was late but food was good.,2025-09-19
5941,13203,4,Best biryani in town.,2026-06-30
5942,21919,4,"Great food, arrived hot!",2024-09-25
5943,8869,3,Portion size was small.,2026-06-29
5944,3726,5,Delivery was late but food was good.,2025-08-04
5945,7851,4,Order was missing an item.,2026-04-29
5946,13647,,Average experience.,2025-09-25
5947,14191,5,Average experience.,2026-04-13
5948,6862,5,"Great food, arrived hot!",2025-12-28
5949,11245,4,Would not recommend.,2026-06-20
5950,6497,4,Absolutely delicious.,2025-07-24
5951,14003,4,Average experience.,2025-12-18
5952,2566,,Absolutely delicious.,2025-05-19
5953,9459,5,Food was cold on arrival.,2026-07-01
5954,853,5,Rider was polite and quick.,2026-01-19
5955,24289,4,Order was missing an item.,2025-11-30
5956,481,5,Absolutely delicious.,2026-01-09
5957,15938,5,Delivery was late but food was good.,2025-10-02
5958,20235,5,Packaging could be better.,2025-07-21
5959,16580,2,Value for money.,2025-09-30
5960,4120,4,Portion size was small.,2025-08-24
5961,5946,4,Would not recommend.,2026-05-24
5962,4867,4,Value for money.,2024-09-14
5963,2131,3,Best biryani in town.,2025-05-28
5964,1091,5,Fresh and tasty.,2026-06-15
5965,14386,4,Would not recommend.,2026-06-01
5966,872,1,Order was missing an item.,2026-02-10
5967,24620,3,Absolutely delicious.,2026-03-15
5968,6047,4,Rider was polite and quick.,2024-09-30
5969,5644,5,Order was missing an item.,2026-05-31
5970,22759,5,Order was missing an item.,2024-07-11
5971,19604,5,Rider was polite and quick.,2024-04-24
5972,2497,4,Order was missing an item.,2024-11-23
5973,24299,3,"Loved it, will order again.",2025-08-25
5974,14982,2,Average experience.,2025-09-29
5975,8269,1,Delivery was late but food was good.,2026-01-18
5976,4051,5,"Loved it, will order again.",2026-07-10
5977,20424,,"Loved it, will order again.",2026-04-09
5978,22814,5,Value for money.,2026-04-19
5979,7399,4,Delivery was late but food was good.,2025-07-04
5980,20658,5,Rider was polite and quick.,2025-04-15
5981,15800,4,"Loved it, will order again.",2026-06-04
5982,9998,1,Order was missing an item.,2026-06-05
5983,23254,4,Absolutely delicious.,2025-02-14
5984,14679,1,Average experience.,2026-02-22
5985,8199,3,Order was missing an item.,2025-04-30
5986,23619,5,Would not recommend.,2025-10-28
5987,21686,4,"Loved it, will order again.",2026-06-13
5988,11079,3,Average experience.,2025-12-19
5989,8039,5,Delivery was late but food was good.,2026-07-05
5990,4671,5,Delivery was late but food was good.,2025-11-10
5991,3369,5,Best biryani in town.,2025-02-04
5992,17255,1,Portion size was small.,2026-01-28
5993,28,4,Delivery was late but food was good.,2026-04-22
5994,13973,4,Fresh and tasty.,2025-10-15
5995,24202,4,Absolutely delicious.,2026-03-30
5996,22234,,"Great food, arrived hot!",2025-09-25
5997,1662,4,Fresh and tasty.,2026-03-26
5998,9492,4,"Great food, arrived hot!",2024-11-08
5999,18335,5,Perfect as always.,2025-06-02
6000,17030,,"Great food, arrived hot!",2026-02-03
6001,2542,4,"Loved it, will order again.",2024-10-10
6002,7509,1,Portion size was small.,2026-04-17
6003,24721,4,Food was cold on arrival.,2025-12-17
6004,19600,4,Fresh and tasty.,2026-02-05
6005,7881,4,Delivery was late but food was good.,2026-07-06
6006,23622,2,Absolutely delicious.,2025-12-09
6007,24347,2,Order was missing an item.,2025-08-15
6008,16666,5,"Great food, arrived hot!",2025-03-29
6009,16314,3,"Great food, arrived hot!",2025-02-20
6010,18107,4,Would not recommend.,2026-01-06
6011,6675,2,Value for money.,2025-07-14
6012,11524,1,Perfect as always.,2026-06-11
6013,8624,5,Rider was polite and quick.,2026-06-12
6014,4923,1,"Great food, arrived hot!",2026-05-31
6015,153,1,Would not recommend.,2024-06-14
6016,24597,5,Delivery was late but food was good.,2025-09-28
6017,5196,5,Best biryani in town.,2025-12-21
6018,23773,5,Rider was polite and quick.,2026-03-31
6019,23041,4,Absolutely delicious.,2026-02-21
6020,16781,2,"Great food, arrived hot!",2025-09-15
6021,335,4,Absolutely delicious.,2026-05-12
6022,11668,5,Delivery was late but food was good.,2026-05-27
6023,17581,2,Would not recommend.,2025-03-15
6024,16411,4,Value for money.,2025-03-25
6025,2712,5,Perfect as always.,2024-10-24
6026,1555,4,"Great food, arrived hot!",2026-04-03
6027,14656,2,Portion size was small.,2025-09-12
6028,23624,3,"Great food, arrived hot!",2024-07-14
6029,19773,2,Absolutely delicious.,2025-07-19
6030,7054,5,Absolutely delicious.,2026-04-08
6031,7007,4,"Loved it, will order again.",2025-11-30
6032,21445,4,Value for money.,2026-04-18
6033,20274,5,Would not recommend.,12/14/2024
6034,11022,3,Best biryani in town.,2025-11-19
6035,24691,5,Order was missing an item.,2025-06-11
6036,24726,3,Portion size was small.,2026-05-19
6037,20641,5,Portion size was small.,2025-05-09
6038,5573,3,Average experience.,2024-05-19
6039,3311,5,Would not recommend.,2026-02-18
6040,15584,5,Average experience.,2025-06-14
6041,23271,4,Average experience.,2025-08-06
6042,12132,5,"Loved it, will order again.",2026-03-02
6043,6348,4,Perfect as always.,2025-10-09
6044,1321,4,Value for money.,2025-02-04
6045,5806,5,Perfect as always.,2025-03-20
6046,14126,5,Fresh and tasty.,2026-06-17
6047,9577,5,Fresh and tasty.,2026-06-26
6048,4862,3,"Loved it, will order again.",2025-06-30
6049,24619,4,Order was missing an item.,2025-10-22
6050,8531,1,Value for money.,2024-01-26
6051,3793,5,Would not recommend.,2025-10-19
6052,19763,3,Would not recommend.,2026-01-02
6053,705,5,Order was missing an item.,2025-12-15
6054,697,4,Delivery was late but food was good.,2025-03-08
6055,24348,5,Order was missing an item.,2025-07-06
6056,7732,5,Rider was polite and quick.,2025-07-13
6057,948,3,Average experience.,2026-05-30
6058,21988,5,Would not recommend.,2026-06-26
6059,1404,5,Best biryani in town.,2025-03-04
6060,8785,5,Best biryani in town.,2026-04-21
6061,7556,4,Average experience.,2026-06-05
6062,24470,5,Absolutely delicious.,2025-07-30
6063,11729,3,Best biryani in town.,2026-06-06
6064,15786,2,Average experience.,2026-01-08
6065,17700,5,Average experience.,2026-04-22
6066,18588,5,Packaging could be better.,2026-04-04
6067,9963,5,Delivery was late but food was good.,2026-04-10
6068,13301,3,Portion size was small.,2025-02-20
6069,16549,4,Best biryani in town.,2026-06-11
6070,13582,3,Absolutely delicious.,2025-06-12
6071,10684,3,"Loved it, will order again.",2024-11-04
6072,13923,3,Perfect as always.,2026-05-02
6073,13276,2,Order was missing an item.,2024-05-22
6074,9956,4,Best biryani in town.,2025-11-20
6075,2141,5,Best biryani in town.,2025-06-03
6076,2553,5,Perfect as always.,2026-01-15
6077,8124,5,Value for money.,2026-05-13
6078,7536,5,"Loved it, will order again.",2026-01-26
6079,18778,4,Best biryani in town.,2026-06-22
6080,21603,5,Food was cold on arrival.,2026-01-31
6081,17448,5,Order was missing an item.,2024-05-01
6082,23113,3,Packaging could be better.,2025-08-03
6083,13057,1,Perfect as always.,2025-09-12
6084,17417,2,Best biryani in town.,2026-01-27
6085,16332,4,Would not recommend.,2024-04-19
6086,3368,5,Rider was polite and quick.,2025-08-19
6087,13725,5,Delivery was late but food was good.,2025-12-25
6088,16773,,Best biryani in town.,2026-03-14
6089,399,4,Order was missing an item.,2026-05-19
6090,8985,4,Average experience.,2025-05-20
6091,4146,3,Order was missing an item.,2026-03-24
6092,24229,1,Portion size was small.,2025-06-19
6093,3630,5,Best biryani in town.,2026-02-27
6094,10632,4,Perfect as always.,2026-06-20
6095,23394,5,Best biryani in town.,2026-03-07
6096,11883,5,Order was missing an item.,2025-10-17
6097,18141,5,Average experience.,2026-05-20
6098,22412,3,Rider was polite and quick.,2025-09-10
6099,11771,5,Order was missing an item.,2026-07-04
6100,4915,5,Order was missing an item.,2025-06-21
6101,19129,5,Portion size was small.,03/30/2025
6102,168,2,Would not recommend.,2026-02-28
6103,24258,5,Delivery was late but food was good.,2026-06-27
6104,2702,5,Delivery was late but food was good.,2025-11-06
6105,16787,2,Fresh and tasty.,2024-12-16
6106,6693,2,Packaging could be better.,2025-12-17
6107,23162,3,Fresh and tasty.,2024-01-24
6108,9170,4,Average experience.,2026-04-04
6109,16604,3,Food was cold on arrival.,26/01/2026
6110,13978,5,Absolutely delicious.,2026-06-24
6111,16110,2,Order was missing an item.,2026-06-17
6112,21359,3,Perfect as always.,2025-11-01
6113,6933,5,Value for money.,2025-01-02
6114,16810,5,Absolutely delicious.,2026-03-14
6115,13754,3,Perfect as always.,2025-06-15
6116,9371,3,Value for money.,2026-05-22
6117,11071,1,Delivery was late but food was good.,2025-03-14
6118,5839,5,Would not recommend.,2025-08-31
6119,22476,5,Portion size was small.,2025-03-05
6120,8698,4,Rider was polite and quick.,2026-04-02
6121,1328,4,Perfect as always.,2025-06-25
6122,21237,4,Value for money.,2024-11-23
6123,21855,4,Portion size was small.,2024-08-24
6124,19571,5,Best biryani in town.,2026-06-05
6125,18475,5,Absolutely delicious.,2026-03-10
6126,17099,5,Portion size was small.,2026-04-06
6127,3291,2,Rider was polite and quick.,2026-05-29
6128,15407,1,Delivery was late but food was good.,2024-11-09
6129,7,3,Would not recommend.,2026-02-17
6130,11502,3,Perfect as always.,2026-05-13
6131,21059,3,Food was cold on arrival.,2025-08-08
6132,5288,5,Value for money.,2025-10-25
6133,7658,3,Fresh and tasty.,2026-03-13
6134,8253,1,Fresh and tasty.,2026-06-30
6135,6175,,Would not recommend.,2024-02-17
6136,21791,5,Would not recommend.,2026-04-18
6137,12192,4,Fresh and tasty.,2024-09-18
6138,2732,,Absolutely delicious.,2025-09-28
6139,15112,5,Fresh and tasty.,2026-03-10
6140,6699,4,Packaging could be better.,2026-06-10
6141,22320,4,Average experience.,2025-11-09
6142,460,1,Order was missing an item.,2026-02-22
6143,12072,4,Perfect as always.,2026-05-10
6144,14880,5,Packaging could be better.,2026-06-01
6145,17114,4,Average experience.,2024-11-10
6146,23399,3,Fresh and tasty.,2025-03-05
6147,14823,3,Food was cold on arrival.,2024-12-02
6148,16672,5,Rider was polite and quick.,2025-03-11
6149,6109,4,Fresh and tasty.,2025-06-30
6150,18824,1,Perfect as always.,2025-03-28
6151,5664,3,Absolutely delicious.,2025-09-03
6152,17534,4,Perfect as always.,2026-01-28
6153,5575,5,Food was cold on arrival.,2025-06-11
6154,21982,,Best biryani in town.,2025-05-02
6155,3897,4,Absolutely delicious.,2024-11-17
6156,632,4,Absolutely delicious.,2026-06-20
6157,6298,4,Would not recommend.,2025-12-22
6158,19056,3,Packaging could be better.,2026-05-17
6159,19104,3,Portion size was small.,2026-02-24
6160,17910,4,Order was missing an item.,2025-04-28
6161,10646,1,Delivery was late but food was good.,2025-12-27
6162,7549,2,Delivery was late but food was good.,2026-04-26
6163,23247,5,Perfect as always.,2025-08-08
6164,12918,5,"Great food, arrived hot!",2025-09-23
6165,184,4,Order was missing an item.,2025-08-30
6166,5069,3,Absolutely delicious.,2025-04-18
6167,3318,5,Would not recommend.,2025-09-24
6168,20854,4,Would not recommend.,2026-06-25
6169,8010,5,Food was cold on arrival.,2025-03-04
6170,24948,4,Average experience.,2026-06-05
6171,17862,2,Portion size was small.,2025-02-19
6172,17532,4,Perfect as always.,2025-12-25
6173,13698,5,Order was missing an item.,2024-03-03
6174,21942,1,Would not recommend.,2026-04-11
6175,5560,5,Packaging could be better.,19/01/2026
6176,9083,5,Average experience.,2026-06-24
6177,10188,2,"Great food, arrived hot!",2026-06-28
6178,11233,4,Rider was polite and quick.,2026-05-16
6179,2777,,Perfect as always.,2026-01-05
6180,18149,4,Best biryani in town.,2025-05-28
6181,9568,,Average experience.,2026-04-27
6182,7412,3,"Great food, arrived hot!",2024-06-26
6183,7737,,Would not recommend.,2025-08-04
6184,8194,,Absolutely delicious.,2025-01-14
6185,2153,5,Delivery was late but food was good.,2025-08-05
6186,9752,3,Perfect as always.,2026-03-15
6187,7747,4,Perfect as always.,2026-06-28
6188,12051,3,Food was cold on arrival.,2026-05-13
6189,8745,,Rider was polite and quick.,2026-01-30
6190,24803,3,Packaging could be better.,2026-01-12
6191,5073,1,Perfect as always.,2025-05-18
6192,21975,5,Delivery was late but food was good.,2026-01-27
6193,23898,5,Rider was polite and quick.,2026-04-22
6194,23582,3,Order was missing an item.,2025-11-06
6195,24502,5,Best biryani in town.,2025-05-15
6196,10571,4,Best biryani in town.,2025-12-14
6197,20156,3,Value for money.,2024-01-21
6198,5104,3,"Loved it, will order again.",2026-03-29
6199,11956,3,"Great food, arrived hot!",2026-02-08
6200,14843,5,"Great food, arrived hot!",2026-06-21
6201,23329,5,Average experience.,2026-03-11
6202,1605,4,Best biryani in town.,2025-02-06
6203,19851,,Fresh and tasty.,2026-05-31
6204,2295,1,Food was cold on arrival.,2025-04-22
6205,558,5,Delivery was late but food was good.,2025-10-25
6206,1747,2,"Loved it, will order again.",2026-06-13
6207,3660,2,Order was missing an item.,2026-04-30
6208,5740,5,Portion size was small.,2025-03-20
6209,7608,4,"Great food, arrived hot!",2025-07-16
6210,3201,2,Average experience.,2024-06-23
6211,22661,2,Fresh and tasty.,2026-04-02
6212,12032,4,"Loved it, will order again.",2024-09-15
6213,4812,3,Portion size was small.,2026-03-21
6214,12494,4,Best biryani in town.,2026-06-22
6215,15052,,Portion size was small.,2024-11-25
6216,23380,5,Fresh and tasty.,2025-04-19
6217,10155,4,Perfect as always.,2025-07-18
6218,21265,2,Food was cold on arrival.,2026-06-14
6219,4473,5,Absolutely delicious.,2026-07-03
6220,7902,5,"Great food, arrived hot!",2024-06-20
6221,3109,3,Fresh and tasty.,2026-02-08
6222,24361,4,"Loved it, will order again.",2026-01-04
6223,19307,4,Value for money.,2025-07-30
6224,16352,3,Delivery was late but food was good.,2024-04-14
6225,23126,5,Rider was polite and quick.,2026-05-05
6226,11979,3,Portion size was small.,2026-04-06
6227,13718,3,Delivery was late but food was good.,2025-12-25
6228,10411,4,Would not recommend.,2025-08-25
6229,2690,4,Average experience.,2026-02-16
6230,7280,3,Value for money.,2026-02-20
6231,16611,5,Fresh and tasty.,2026-06-26
6232,8529,4,Order was missing an item.,2025-09-29
6233,11982,3,Value for money.,2026-06-06
6234,22773,1,Packaging could be better.,2026-04-27
6235,8889,4,Value for money.,2026-03-27
6236,23183,,"Great food, arrived hot!",2026-06-12
6237,10126,4,Food was cold on arrival.,2026-05-01
6238,9013,5,Packaging could be better.,2026-06-03
6239,23032,4,Average experience.,2025-06-22
6240,889,4,"Loved it, will order again.",2026-07-03
6241,3765,4,Rider was polite and quick.,2025-12-16
6242,23529,4,Rider was polite and quick.,2025-11-21
6243,23190,4,Rider was polite and quick.,2026-01-04
6244,15718,3,Value for money.,2026-07-01
6245,19457,,Value for money.,2026-03-25
6246,9196,4,Food was cold on arrival.,2025-08-04
6247,18537,4,"Great food, arrived hot!",2026-02-20
6248,23147,1,Order was missing an item.,2025-12-12
6249,24918,4,Packaging could be better.,2026-01-14
6250,6183,5,Fresh and tasty.,2026-06-21
6251,10763,4,Food was cold on arrival.,2026-06-29
6252,15656,4,"Loved it, will order again.",2026-02-07
6253,17299,4,Rider was polite and quick.,2026-03-01
6254,14062,5,Average experience.,2026-05-22
6255,12675,2,Perfect as always.,2025-03-09
6256,18111,4,Delivery was late but food was good.,2025-06-15
6257,9727,5,Delivery was late but food was good.,2025-06-04
6258,1632,3,Best biryani in town.,2025-08-22
6259,23839,4,Food was cold on arrival.,2025-02-06
6260,11173,,Would not recommend.,2024-06-09
6261,4484,,Delivery was late but food was good.,2025-08-14
6262,11345,5,"Loved it, will order again.",2025-06-30
6263,8691,4,Portion size was small.,2026-04-05
6264,14224,5,Rider was polite and quick.,2025-11-22
6265,21455,4,Packaging could be better.,2025-12-21
6266,8685,5,Best biryani in town.,2025-09-06
6267,24941,3,"Loved it, will order again.",2025-11-03
6268,7656,4,Perfect as always.,2025-10-04
6269,10918,5,Value for money.,2026-06-21
6270,12660,,Order was missing an item.,2026-05-16
6271,20379,3,Fresh and tasty.,2025-06-19
6272,4169,4,Best biryani in town.,2026-03-12
6273,12058,4,Food was cold on arrival.,2026-02-06
6274,12960,1,Absolutely delicious.,2026-05-19
6275,16946,4,Would not recommend.,2025-10-28
6276,21928,2,Value for money.,2025-04-04
6277,24109,2,Food was cold on arrival.,2026-05-11
6278,3265,5,Perfect as always.,2026-04-12
6279,9940,4,Packaging could be better.,2025-03-25
6280,24098,5,Perfect as always.,2025-09-27
6281,6568,2,Delivery was late but food was good.,2026-03-29
6282,6410,2,"Great food, arrived hot!",2025-05-02
6283,5865,4,Food was cold on arrival.,2025-11-01
6284,12315,2,Value for money.,2025-06-21
6285,10373,4,Food was cold on arrival.,2024-07-08
6286,23276,4,Delivery was late but food was good.,2025-01-03
6287,23500,5,Delivery was late but food was good.,2026-01-07
6288,11785,4,Absolutely delicious.,2025-09-02
6289,652,4,Food was cold on arrival.,2026-03-29
6290,12747,3,Portion size was small.,2025-10-12
6291,3839,4,Value for money.,2025-08-13
6292,16310,4,Delivery was late but food was good.,2025-06-05
6293,4959,5,Packaging could be better.,2026-06-15
6294,24415,4,Fresh and tasty.,2024-02-01
6295,12222,,"Loved it, will order again.",2026-05-06
6296,8861,4,Absolutely delicious.,2024-12-05
6297,14184,4,Portion size was small.,2024-04-23
6298,21835,3,Would not recommend.,2026-05-16
6299,18498,5,Delivery was late but food was good.,2025-12-02
6300,13060,4,"Loved it, will order again.",2026-05-15
6301,4324,2,Value for money.,2026-04-23
6302,8450,4,Perfect as always.,2025-07-08
6303,1387,5,"Great food, arrived hot!",2026-02-21
6304,20585,5,Average experience.,2025-11-25
6305,210,4,Portion size was small.,2026-06-06
6306,24826,5,Food was cold on arrival.,2024-09-01
6307,23712,4,"Great food, arrived hot!",2026-03-17
6308,2405,5,"Loved it, will order again.",2024-05-15
6309,12157,3,Value for money.,2026-06-24
6310,15665,5,Would not recommend.,2026-03-17
6311,21389,5,Packaging could be better.,2026-04-09
6312,7031,2,Would not recommend.,2026-06-16
6313,3187,4,Fresh and tasty.,2026-05-29
6314,10874,5,Rider was polite and quick.,2025-07-01
6315,8418,3,Fresh and tasty.,2026-06-11
6316,4032,,"Great food, arrived hot!",2024-06-05
6317,6586,5,Packaging could be better.,2026-05-10
6318,21154,5,Delivery was late but food was good.,2025-06-15
6319,5989,1,Rider was polite and quick.,2026-04-15
6320,8655,4,Absolutely delicious.,2025-03-19
6321,5482,3,Would not recommend.,2024-09-11
6322,21788,4,Average experience.,2026-04-08
6323,10602,5,"Loved it, will order again.",2025-08-09
6324,12881,4,"Loved it, will order again.",2025-11-30
6325,3180,4,Food was cold on arrival.,2026-06-04
6326,2143,2,Packaging could be better.,2025-07-07
6327,4441,5,Fresh and tasty.,2026-03-14
6328,17008,5,Best biryani in town.,2025-12-07
6329,2665,4,Order was missing an item.,2026-06-28
6330,472,5,Rider was polite and quick.,2025-06-14
6331,800,2,Fresh and tasty.,2026-06-23
6332,20872,,"Great food, arrived hot!",2024-08-03
6333,17559,5,Average experience.,2026-04-09
6334,10999,3,Would not recommend.,2026-06-06
6335,21872,5,Fresh and tasty.,2024-09-10
6336,12401,5,Average experience.,2025-09-09
6337,9722,5,Packaging could be better.,2026-04-29
6338,15730,4,Absolutely delicious.,2026-03-06
6339,17823,4,Rider was polite and quick.,2025-10-22
6340,17006,5,Food was cold on arrival.,2026-01-20
6341,14576,3,"Loved it, will order again.",2026-02-05
6342,6310,5,"Great food, arrived hot!",2026-03-21
6343,7677,4,Average experience.,2024-03-12
6344,19770,4,Food was cold on arrival.,2025-10-31
6345,1384,3,Perfect as always.,2026-06-08
6346,7992,3,"Loved it, will order again.",15/05/2026
6347,21905,3,Perfect as always.,2024-07-22
6348,12197,5,Portion size was small.,2026-05-05
6349,20047,,Rider was polite and quick.,2025-12-06
6350,13444,3,Fresh and tasty.,2025-11-25
6351,22699,5,Fresh and tasty.,2026-04-04
6352,11458,5,Best biryani in town.,2026-05-01
6353,3011,4,"Loved it, will order again.",2024-12-06
6354,19332,5,Perfect as always.,2026-06-17
6355,2508,3,Rider was polite and quick.,05/06/2025
6356,24031,3,Absolutely delicious.,2026-06-12
6357,23728,5,"Great food, arrived hot!",2026-04-25
6358,17696,5,Average experience.,2026-02-21
6359,8384,1,Perfect as always.,2025-05-04
6360,3159,5,Best biryani in town.,2026-04-19
6361,21397,4,"Great food, arrived hot!",2025-09-04
6362,14247,5,"Loved it, will order again.",2024-09-06
6363,5115,5,Absolutely delicious.,2025-12-14
6364,23435,3,Fresh and tasty.,2025-11-07
6365,22560,4,Fresh and tasty.,2026-02-11
6366,8109,4,Perfect as always.,2025-12-14
6367,14165,1,Best biryani in town.,2024-10-21
6368,8127,4,Absolutely delicious.,2024-11-18
6369,11286,5,Value for money.,2026-01-31
6370,17315,5,Average experience.,2025-04-02
6371,1008,4,"Loved it, will order again.",2026-03-06
6372,9032,5,"Loved it, will order again.",2025-06-09
6373,523,4,Absolutely delicious.,2026-02-24
6374,21068,4,"Great food, arrived hot!",2026-04-23
6375,6083,4,Average experience.,2025-08-15
6376,2379,1,Best biryani in town.,2026-04-11
6377,11651,3,Average experience.,2025-08-18
6378,18410,4,Packaging could be better.,2026-01-30
6379,14295,2,Packaging could be better.,2024-02-03
6380,2520,4,Portion size was small.,2025-09-10
6381,12115,4,Perfect as always.,2026-05-02
6382,12328,,Best biryani in town.,2026-03-10
6383,5558,4,Food was cold on arrival.,06/30/2025
6384,5904,5,Value for money.,2025-01-01
6385,3419,4,Best biryani in town.,2026-01-02
6386,17530,4,Rider was polite and quick.,2025-11-20
6387,871,3,Order was missing an item.,2025-09-14
6388,17173,5,Order was missing an item.,2024-12-14
6389,20024,3,Absolutely delicious.,2026-05-31
6390,20058,1,Average experience.,2025-06-30
6391,20449,3,Would not recommend.,2025-08-29
6392,13511,4,Food was cold on arrival.,12/03/2026
6393,4326,2,Absolutely delicious.,2025-08-18
6394,10331,2,"Great food, arrived hot!",2024-07-15
6395,10391,,Food was cold on arrival.,2026-03-08
6396,7043,4,"Loved it, will order again.",2025-02-21
6397,1489,4,Packaging could be better.,2026-06-26
6398,17283,5,Portion size was small.,26/03/2025
6399,915,4,Value for money.,2025-05-01
6400,12417,4,Absolutely delicious.,2026-06-03
6401,33,3,Order was missing an item.,2026-03-09
6402,2272,4,"Great food, arrived hot!",2026-06-13
6403,2345,4,Would not recommend.,2026-02-15
6404,19775,1,Best biryani in town.,2024-09-02
6405,14686,,"Great food, arrived hot!",2026-01-10
6406,19021,2,Best biryani in town.,2026-06-29
6407,11931,5,Delivery was late but food was good.,2024-03-08
6408,2180,,Absolutely delicious.,2024-04-30
6409,9075,4,Packaging could be better.,2026-05-16
6410,19691,5,Food was cold on arrival.,2026-04-01
6411,15901,4,Rider was polite and quick.,2026-04-05
6412,20020,1,Average experience.,2025-12-13
6413,17151,4,"Loved it, will order again.",2026-06-04
6414,7038,5,Would not recommend.,2026-06-01
6415,10864,3,Order was missing an item.,2024-03-20
6416,1371,5,Packaging could be better.,2026-02-02
6417,7964,5,Packaging could be better.,2024-11-30
6418,17769,2,"Great food, arrived hot!",2026-07-02
6419,20049,5,Rider was polite and quick.,2026-03-02
6420,21129,3,Order was missing an item.,2025-01-12
6421,10527,4,Would not recommend.,2024-10-01
6422,22201,2,Portion size was small.,2024-07-27
6423,23544,4,Delivery was late but food was good.,2024-01-09
6424,2485,4,Food was cold on arrival.,2026-03-17
6425,187,5,Delivery was late but food was good.,2026-06-12
6426,16800,5,Packaging could be better.,2025-02-13
6427,15768,5,Value for money.,2025-12-25
6428,10214,5,Perfect as always.,2025-01-29
6429,12182,4,Portion size was small.,2026-06-22
6430,21221,4,Would not recommend.,2025-08-15
6431,20199,5,Absolutely delicious.,2025-07-03
6432,19371,4,Order was missing an item.,2026-03-09
6433,13297,4,Would not recommend.,2025-11-15
6434,20208,5,Best biryani in town.,2024-10-26
6435,22351,4,Average experience.,2026-01-05
6436,11889,2,Portion size was small.,2025-03-30
6437,719,4,Order was missing an item.,2025-06-05
6438,2442,4,Rider was polite and quick.,2024-06-28
6439,8313,3,Rider was polite and quick.,2025-07-16
6440,8651,3,Food was cold on arrival.,2026-05-20
6441,1161,4,Delivery was late but food was good.,2025-04-08
6442,18959,4,Portion size was small.,2026-01-03
6443,10224,4,Food was cold on arrival.,2026-03-11
6444,11089,4,Food was cold on arrival.,2025-03-25
6445,12285,4,Fresh and tasty.,2025-08-07
6446,21987,5,Portion size was small.,2025-08-28
6447,7879,2,Average experience.,2026-03-14
6448,23732,5,Fresh and tasty.,2026-03-22
6449,20052,4,Absolutely delicious.,2025-12-22
6450,11390,5,Best biryani in town.,2026-04-29
6451,18874,4,Rider was polite and quick.,2026-02-25
6452,16911,5,Packaging could be better.,2024-10-17
6453,13818,5,Best biryani in town.,2026-04-19
6454,18938,4,"Loved it, will order again.",2024-10-04
6455,12711,1,Average experience.,2025-11-29
6456,9876,,Food was cold on arrival.,2025-02-02
6457,8719,4,Rider was polite and quick.,2026-01-14
6458,3825,4,Best biryani in town.,2024-11-29
6459,12764,4,Absolutely delicious.,2026-06-03
6460,7845,5,Absolutely delicious.,2026-02-03
6461,24478,5,Packaging could be better.,2026-03-15
6462,23009,4,Rider was polite and quick.,01/19/2026
6463,6282,5,Rider was polite and quick.,2026-05-04
6464,14696,4,"Great food, arrived hot!",2024-06-24
6465,24134,5,Delivery was late but food was good.,2026-02-20
6466,19260,3,Average experience.,2025-02-28
6467,1327,5,"Loved it, will order again.",2025-11-03
6468,22490,5,Best biryani in town.,2024-08-05
6469,7946,3,"Great food, arrived hot!",2024-02-12
6470,3543,5,Packaging could be better.,2025-10-08
6471,18497,4,Packaging could be better.,2026-03-31
6472,15377,,Rider was polite and quick.,2025-12-28
6473,3494,4,Packaging could be better.,2026-06-25
6474,6855,4,Portion size was small.,2025-09-22
6475,5177,5,Perfect as always.,2025-10-06
6476,21617,5,Absolutely delicious.,2026-06-22
6477,14232,4,Would not recommend.,2024-05-24
6478,6139,4,Best biryani in town.,2025-07-04
6479,19888,5,Absolutely delicious.,2026-07-05
6480,14034,4,Portion size was small.,2025-02-25
6481,2079,3,Food was cold on arrival.,2026-06-05
6482,5329,5,Perfect as always.,2024-02-24
6483,9904,4,Order was missing an item.,2025-10-14
6484,21712,3,Rider was polite and quick.,2026-06-20
6485,22019,,Food was cold on arrival.,2026-01-13
6486,11994,4,Food was cold on arrival.,2025-11-13
6487,2971,5,Average experience.,2025-05-24
6488,4753,5,"Loved it, will order again.",2026-06-29
6489,16632,,Average experience.,2024-12-21
6490,4150,5,Perfect as always.,2025-04-14
6491,5745,4,Fresh and tasty.,2026-07-08
6492,16032,5,"Loved it, will order again.",2025-02-21
6493,23221,3,Delivery was late but food was good.,2026-02-13
6494,16064,5,Average experience.,2026-06-17
6495,24837,4,Packaging could be better.,2025-06-22
6496,20748,4,Rider was polite and quick.,2026-02-02
6497,5250,5,Would not recommend.,2026-06-07
6498,4,4,Delivery was late but food was good.,2026-06-02
6499,4387,4,Perfect as always.,2026-04-12
6500,3786,3,Rider was polite and quick.,2026-04-07
6501,4609,5,Rider was polite and quick.,05/30/2025
6502,3338,3,Value for money.,2024-05-24
6503,1030,5,Portion size was small.,2026-04-04
6504,15297,4,"Great food, arrived hot!",2026-05-21
6505,14884,2,Absolutely delicious.,2025-08-27
6506,14441,3,Perfect as always.,2026-04-28
6507,11552,2,"Great food, arrived hot!",2025-10-25
6508,4000,4,"Great food, arrived hot!",2026-02-12
6509,22588,1,Perfect as always.,2026-03-17
6510,7195,4,Fresh and tasty.,2026-06-30
6511,12283,2,Fresh and tasty.,2024-11-19
6512,14271,2,Rider was polite and quick.,2025-08-04
6513,11013,2,Portion size was small.,2025-01-14
6514,4857,5,Order was missing an item.,2026-03-25
6515,7140,5,Perfect as always.,2025-12-24
6516,16206,5,Portion size was small.,2025-11-29
6517,3702,1,Would not recommend.,2026-01-13
6518,2948,5,Delivery was late but food was good.,2026-01-07
6519,17995,5,Rider was polite and quick.,2024-07-30
6520,1576,3,"Great food, arrived hot!",2025-09-15
6521,4159,5,Food was cold on arrival.,2024-11-20
6522,14912,2,Absolutely delicious.,2024-07-30
6523,5868,5,Packaging could be better.,2025-01-06
6524,6242,1,Rider was polite and quick.,2026-04-11
6525,11764,5,Best biryani in town.,2025-08-21
6526,17094,5,"Great food, arrived hot!",2025-05-03
6527,4152,3,Would not recommend.,2026-06-09
6528,7353,3,Rider was polite and quick.,2026-03-06
6529,20418,5,"Loved it, will order again.",2026-06-28
6530,12063,5,Would not recommend.,2026-06-15
6531,14064,3,Average experience.,2026-04-03
6532,17518,3,Order was missing an item.,2026-01-04
6533,13631,4,Perfect as always.,2026-06-07
6534,5803,5,Perfect as always.,2025-01-24
6535,15334,5,Value for money.,2025-03-02
6536,17752,5,Delivery was late but food was good.,2026-02-23
6537,16169,5,Delivery was late but food was good.,2025-06-28
6538,11217,5,Portion size was small.,2025-05-16
6539,13629,5,Delivery was late but food was good.,2025-10-29
6540,3107,5,Value for money.,2025-11-22
6541,12819,4,Perfect as always.,2025-12-22
6542,7969,5,Best biryani in town.,2026-06-23
6543,19392,2,Value for money.,2026-01-02
6544,23986,4,Portion size was small.,2026-05-14
6545,18427,4,Absolutely delicious.,2025-04-17
6546,24665,4,Fresh and tasty.,2024-10-22
6547,11062,3,Order was missing an item.,2024-09-20
6548,2064,5,"Great food, arrived hot!",2026-06-04
6549,18941,4,Absolutely delicious.,2025-07-12
6550,20313,2,Food was cold on arrival.,2025-12-02
6551,23662,3,Absolutely delicious.,2026-04-04
6552,20894,4,Portion size was small.,2026-02-15
6553,8073,4,Perfect as always.,2025-07-02
6554,23088,4,Order was missing an item.,2024-08-15
6555,8025,3,Value for money.,2026-05-16
6556,11188,3,Best biryani in town.,2026-06-16
6557,9139,3,"Great food, arrived hot!",2026-06-09
6558,17024,3,Rider was polite and quick.,2025-08-08
6559,4708,3,Would not recommend.,2026-04-16
6560,17879,,Delivery was late but food was good.,2026-05-06
6561,7561,3,Would not recommend.,2026-04-06
6562,14269,2,Best biryani in town.,2025-06-17
6563,12154,4,Perfect as always.,04/16/2026
6564,1069,2,Fresh and tasty.,2024-11-18
6565,19647,2,Fresh and tasty.,2025-06-14
6566,15108,4,Order was missing an item.,2024-11-08
6567,11026,4,"Loved it, will order again.",2026-07-08
6568,111,2,Fresh and tasty.,2026-01-25
6569,15154,,Order was missing an item.,2026-05-21
6570,327,3,Value for money.,2026-01-04
6571,11952,3,Order was missing an item.,2024-03-27
6572,21036,5,"Great food, arrived hot!",2026-06-25
6573,19350,3,Food was cold on arrival.,2024-07-18
6574,13239,5,Absolutely delicious.,2025-12-05
6575,17635,5,Food was cold on arrival.,2026-07-08
6576,8308,5,Order was missing an item.,2026-02-07
6577,1325,2,Absolutely delicious.,2024-06-18
6578,7267,4,Packaging could be better.,2025-09-01
6579,21627,3,Best biryani in town.,2026-02-26
6580,7710,5,Would not recommend.,2026-03-29
6581,990,5,Order was missing an item.,2025-11-05
6582,8687,5,Value for money.,2024-12-20
6583,16658,3,Best biryani in town.,2025-04-21
6584,7553,5,Portion size was small.,2025-10-14
6585,3364,4,Value for money.,2026-01-19
6586,14802,2,Value for money.,2025-10-16
6587,2480,4,Best biryani in town.,2024-11-23
6588,16010,4,Perfect as always.,2026-06-22
6589,20782,4,Value for money.,2026-01-27
6590,1627,,Portion size was small.,2026-01-21
6591,13418,5,Value for money.,2026-03-18
6592,7288,3,Delivery was late but food was good.,2025-08-03
6593,21967,5,Order was missing an item.,2026-06-14
6594,6487,5,Rider was polite and quick.,2025-02-08
6595,280,2,Best biryani in town.,2026-03-04
6596,23575,,Rider was polite and quick.,2024-10-09
6597,21303,5,Fresh and tasty.,2026-01-11
6598,19147,5,Delivery was late but food was good.,2025-07-09
6599,17381,4,Portion size was small.,2026-06-26
6600,21466,5,Would not recommend.,2026-02-14
6601,9690,4,"Great food, arrived hot!",2024-11-08
6602,13043,3,Best biryani in town.,25/01/2026
6603,20971,,Packaging could be better.,2026-06-17
6604,19290,5,Absolutely delicious.,2025-05-03
6605,17837,5,Average experience.,2026-01-15
6606,7030,1,Food was cold on arrival.,2024-12-24
6607,7763,3,Value for money.,05/08/2026
6608,6354,3,Would not recommend.,2026-04-11
6609,10960,5,Portion size was small.,2026-06-16
6610,17104,4,Would not recommend.,2026-06-20
6611,9793,4,Fresh and tasty.,2025-09-17
6612,12060,1,Value for money.,2025-03-21
6613,6086,5,Best biryani in town.,2025-10-17
6614,14484,2,"Loved it, will order again.",2025-10-05
6615,17916,3,Perfect as always.,2025-02-13
6616,12106,3,Portion size was small.,2026-03-24
6617,5544,5,Order was missing an item.,2026-04-02
6618,12618,4,Order was missing an item.,2025-08-31
6619,18918,4,Best biryani in town.,2025-12-07
6620,1854,5,Rider was polite and quick.,2026-03-29
6621,12337,5,Would not recommend.,2024-09-21
6622,15696,5,Packaging could be better.,2025-05-31
6623,16937,5,Order was missing an item.,2025-02-28
6624,18801,3,Portion size was small.,2026-01-11
6625,866,5,Delivery was late but food was good.,2025-04-04
6626,4496,4,Order was missing an item.,2025-07-23
6627,12979,4,Delivery was late but food was good.,2025-01-19
6628,15141,5,Order was missing an item.,2026-04-24
6629,14933,4,"Great food, arrived hot!",2024-05-23
6630,8076,3,Food was cold on arrival.,2026-04-18
6631,16309,5,Would not recommend.,2025-06-02
6632,16732,5,Fresh and tasty.,2026-03-03
6633,16052,4,Food was cold on arrival.,2026-06-25
6634,855,4,Order was missing an item.,2026-04-06
6635,13966,4,Perfect as always.,2025-09-05
6636,3646,,Order was missing an item.,2026-06-12
6637,19165,4,Would not recommend.,2025-05-19
6638,20340,5,"Loved it, will order again.",2026-04-28
6639,11924,4,Perfect as always.,2024-12-06
6640,13278,5,"Loved it, will order again.",2026-02-22
6641,2358,4,Packaging could be better.,2024-12-10
6642,11914,2,Portion size was small.,2025-04-26
6643,9461,3,Rider was polite and quick.,2026-05-29
6644,23330,5,Fresh and tasty.,2025-12-07
6645,8003,4,Would not recommend.,2026-04-05
6646,18208,5,Absolutely delicious.,2025-09-26
6647,16313,5,Order was missing an item.,2026-04-18
6648,19010,5,"Loved it, will order again.",2025-09-15
6649,13156,3,Value for money.,2024-12-27
6650,18310,5,Fresh and tasty.,2025-02-02
6651,9734,,Value for money.,2024-05-02
6652,24547,4,Would not recommend.,2026-02-27
6653,540,3,Value for money.,2026-04-01
6654,9524,3,Order was missing an item.,2026-06-27
6655,664,1,Fresh and tasty.,2026-05-20
6656,2124,,Fresh and tasty.,2026-03-01
6657,10395,4,Average experience.,2026-02-22
6658,11846,5,Perfect as always.,2024-08-21
6659,19107,3,"Loved it, will order again.",2025-05-30
6660,10476,4,Rider was polite and quick.,2025-01-11
6661,12219,5,Absolutely delicious.,2026-02-24
6662,4119,3,"Loved it, will order again.",2026-05-20
6663,6867,5,Average experience.,2024-05-01
6664,13583,4,Best biryani in town.,2025-08-25
6665,20779,4,Absolutely delicious.,2025-03-23
6666,1758,4,Would not recommend.,2025-04-10
6667,17419,5,Best biryani in town.,2025-04-17
6668,10705,5,"Loved it, will order again.",2026-04-02
6669,24987,3,Absolutely delicious.,2025-03-10
6670,24199,4,Absolutely delicious.,2025-02-28
6671,2176,5,Value for money.,2026-06-20
6672,9425,5,Fresh and tasty.,2024-08-02
6673,20963,5,Average experience.,2025-08-11
6674,24200,5,Portion size was small.,2025-11-09
6675,19809,3,Portion size was small.,2026-04-18
6676,16468,5,Portion size was small.,2025-07-19
6677,15069,3,"Great food, arrived hot!",2026-01-02
6678,19592,2,Best biryani in town.,2026-01-11
6679,5110,5,"Loved it, will order again.",12/17/2024
6680,11587,5,Food was cold on arrival.,2025-08-04
6681,15180,4,Packaging could be better.,2025-09-03
6682,3713,5,Value for money.,2026-06-11
6683,19674,4,Packaging could be better.,2026-02-20
6684,16624,5,"Loved it, will order again.",2024-11-19
6685,22717,4,Food was cold on arrival.,2026-02-06
6686,15649,3,Portion size was small.,2025-05-06
6687,23758,4,"Great food, arrived hot!",2025-01-06
6688,15502,5,Portion size was small.,2025-03-06
6689,20680,,"Loved it, will order again.",2025-11-03
6690,20835,4,"Great food, arrived hot!",2024-07-28
6691,22494,4,"Loved it, will order again.",2025-05-08
6692,7835,5,"Loved it, will order again.",2025-04-13
6693,18140,5,Rider was polite and quick.,2025-04-03
6694,23833,4,Absolutely delicious.,2026-06-10
6695,17395,,Order was missing an item.,2026-07-02
6696,1618,4,Would not recommend.,2026-06-09
6697,6859,5,Value for money.,2024-12-13
6698,4011,4,Order was missing an item.,2024-07-11
6699,22859,5,Best biryani in town.,2025-07-03
6700,17196,4,Packaging could be better.,2026-05-21
6701,2317,5,Would not recommend.,2026-04-29
6702,6367,5,Best biryani in town.,2025-12-14
6703,5097,5,Delivery was late but food was good.,2025-07-04
6704,10677,5,Absolutely delicious.,2025-09-02
6705,7971,5,"Loved it, will order again.",2026-03-04
6706,4889,5,Best biryani in town.,2025-11-28
6707,17093,1,"Great food, arrived hot!",2026-01-02
6708,17846,3,Would not recommend.,2025-03-30
6709,1246,5,Delivery was late but food was good.,2025-01-21
6710,8043,2,Would not recommend.,2026-05-18
6711,12340,5,Absolutely delicious.,2026-03-15
6712,12938,,Delivery was late but food was good.,2026-04-20
6713,23350,5,Food was cold on arrival.,2026-06-16
6714,18089,5,Packaging could be better.,2026-06-01
6715,21034,3,Order was missing an item.,2025-10-11
6716,14418,2,Absolutely delicious.,2026-02-26
6717,21904,,Best biryani in town.,2025-04-29
6718,21005,5,Food was cold on arrival.,2025-04-07
6719,8196,5,Fresh and tasty.,2026-02-25
6720,362,,Packaging could be better.,2026-04-10
6721,9814,5,Delivery was late but food was good.,2026-05-31
6722,5673,2,"Great food, arrived hot!",2025-10-29
6723,6365,3,Value for money.,2026-04-20
6724,11943,5,Perfect as always.,2026-03-22
6725,19704,3,Delivery was late but food was good.,2026-02-10
6726,4831,5,Order was missing an item.,2025-09-16
6727,3564,5,Order was missing an item.,2025-01-21
6728,16530,3,Absolutely delicious.,2024-06-19
6729,9665,4,Fresh and tasty.,2026-03-02
6730,16720,1,Absolutely delicious.,2026-05-09
6731,15226,5,Order was missing an item.,2025-06-26
6732,11709,5,Delivery was late but food was good.,2026-05-17
6733,23674,,"Loved it, will order again.",2026-03-12
6734,5369,5,Order was missing an item.,2024-11-15
6735,2106,5,Fresh and tasty.,2026-06-21
6736,4149,4,Best biryani in town.,2026-04-16
6737,11343,3,Best biryani in town.,2026-06-03
6738,14801,1,Food was cold on arrival.,2025-10-25
6739,6712,3,Would not recommend.,2025-06-08
6740,9844,5,"Great food, arrived hot!",2024-10-27
6741,10109,,Best biryani in town.,2024-12-06
6742,9479,1,Rider was polite and quick.,2025-01-17
6743,16469,5,Delivery was late but food was good.,2025-07-09
6744,4325,2,"Loved it, will order again.",2025-10-08
6745,9732,2,Rider was polite and quick.,2025-07-11
6746,23317,5,Average experience.,2025-01-02
6747,17617,4,Perfect as always.,2025-08-11
6748,13933,3,Fresh and tasty.,2025-12-23
6749,12398,2,Order was missing an item.,2026-02-28
6750,121,5,Average experience.,2025-04-12
6751,23021,1,Would not recommend.,2026-05-02
6752,453,5,Order was missing an item.,2025-09-01
6753,242,5,Rider was polite and quick.,2026-01-30
6754,16703,3,Value for money.,2024-10-16
6755,12397,4,Packaging could be better.,2026-06-22
6756,18131,5,"Loved it, will order again.",2026-03-16
6757,21149,4,Average experience.,2025-11-23
6758,13443,4,Delivery was late but food was good.,03/20/2026
6759,5461,5,Delivery was late but food was good.,2026-03-02
6760,196,,Food was cold on arrival.,2026-04-30
6761,22605,4,Portion size was small.,2026-06-11
6762,17812,4,Food was cold on arrival.,2026-05-09
6763,20729,2,Would not recommend.,2025-03-06
6764,12167,4,Packaging could be better.,2025-08-20
6765,18727,5,Best biryani in town.,2026-02-19
6766,14844,1,Packaging could be better.,2025-12-09
6767,18848,5,Perfect as always.,2025-09-19
6768,487,4,Fresh and tasty.,2025-09-03
6769,20579,3,Delivery was late but food was good.,2025-10-23
6770,24688,5,Perfect as always.,2026-06-02
6771,20941,3,Delivery was late but food was good.,2025-06-25
6772,19178,3,Best biryani in town.,2026-05-20
6773,3094,5,"Loved it, will order again.",2024-03-22
6774,13025,5,"Loved it, will order again.",2024-10-28
6775,15298,4,Would not recommend.,2026-02-27
6776,21378,5,Average experience.,2026-05-13
6777,13800,4,Food was cold on arrival.,2025-08-05
6778,7947,5,Absolutely delicious.,2025-03-09
6779,12705,5,Perfect as always.,2026-04-29
6780,21814,1,Rider was polite and quick.,2026-05-18
6781,11118,2,Fresh and tasty.,2025-05-04
6782,5124,3,Best biryani in town.,2026-04-22
6783,14579,5,Food was cold on arrival.,2025-01-07
6784,376,4,Rider was polite and quick.,2026-04-24
6785,6007,,Average experience.,2026-05-17
6786,3980,4,Perfect as always.,2024-08-30
6787,12291,5,Best biryani in town.,2025-11-18
6788,4527,5,Best biryani in town.,2025-06-15
6789,3953,3,Order was missing an item.,2026-07-03
6790,11642,5,Food was cold on arrival.,2025-01-02
6791,1348,3,Absolutely delicious.,2025-10-25
6792,3572,4,Absolutely delicious.,2026-06-03
6793,17385,5,Delivery was late but food was good.,2026-02-24
6794,12727,4,Food was cold on arrival.,2026-03-16
6795,24933,5,Absolutely delicious.,2025-09-18
6796,14204,5,Portion size was small.,2025-12-27
6797,20710,3,Food was cold on arrival.,2025-09-11
6798,11616,,Average experience.,2025-06-09
6799,15017,3,Delivery was late but food was good.,2025-09-12
6800,24592,2,Delivery was late but food was good.,2024-10-09
6801,9723,4,"Great food, arrived hot!",2026-06-24
6802,22959,5,Fresh and tasty.,2025-11-02
6803,9827,4,Perfect as always.,2025-04-01
6804,2512,5,Food was cold on arrival.,2024-02-28
6805,5125,5,"Great food, arrived hot!",2025-02-20
6806,5610,4,Rider was polite and quick.,2026-04-04
6807,2041,1,Order was missing an item.,2025-09-25
6808,20180,4,Rider was polite and quick.,01/07/2025
6809,19186,5,Value for money.,2026-04-04
6810,13559,4,Would not recommend.,2025-09-15
6811,3262,5,Delivery was late but food was good.,2026-02-14
6812,19829,3,Average experience.,2026-02-12
6813,11951,3,Delivery was late but food was good.,2024-06-24
6814,16307,4,Absolutely delicious.,2026-05-29
6815,5943,4,Food was cold on arrival.,2024-06-16
6816,5186,4,Rider was polite and quick.,2026-06-12
6817,12695,5,Food was cold on arrival.,2026-06-13
6818,12900,4,Order was missing an item.,10/03/2026
6819,19270,5,Packaging could be better.,2024-09-07
6820,8491,4,Order was missing an item.,2026-03-12
6821,10663,1,Perfect as always.,2026-01-12
6822,13542,5,Portion size was small.,2025-07-03
6823,1451,3,Delivery was late but food was good.,2025-09-02
6824,8210,5,Packaging could be better.,2026-06-14
6825,20255,1,"Loved it, will order again.",2025-05-11
6826,16482,5,Order was missing an item.,2026-05-26
6827,18130,5,Fresh and tasty.,2025-11-13
6828,4861,1,Order was missing an item.,2025-09-24
6829,24819,4,Value for money.,2024-05-29
6830,20348,1,Delivery was late but food was good.,2025-02-20
6831,17160,5,Order was missing an item.,2025-12-03
6832,4415,5,Would not recommend.,2025-05-05
6833,16743,5,Packaging could be better.,2026-01-28
6834,5471,3,Food was cold on arrival.,2025-12-05
6835,11,5,Food was cold on arrival.,2025-12-29
6836,6333,4,Absolutely delicious.,2026-05-29
6837,3105,5,Absolutely delicious.,2025-01-17
6838,9604,4,Rider was polite and quick.,2025-01-08
6839,18703,3,Absolutely delicious.,2025-02-19
6840,12357,4,"Great food, arrived hot!",2024-11-06
6841,1287,3,Rider was polite and quick.,2024-10-05
6842,22581,5,Order was missing an item.,2025-06-11
6843,73,5,Value for money.,2026-07-06
6844,22807,3,Would not recommend.,2025-06-14
6845,13983,,Absolutely delicious.,2026-05-21
6846,4335,3,Portion size was small.,2025-08-26
6847,8128,3,Absolutely delicious.,2026-05-15
6848,2162,4,Packaging could be better.,2025-12-22
6849,5716,4,Value for money.,2026-06-21
6850,2795,4,Average experience.,2025-07-11
6851,18456,3,Perfect as always.,2026-07-09
6852,24807,5,Average experience.,2026-06-09
6853,19710,5,Food was cold on arrival.,2025-05-10
6854,7580,5,Food was cold on arrival.,2025-12-19
6855,14151,5,Fresh and tasty.,2025-05-12
6856,2156,2,Order was missing an item.,2025-03-14
6857,4474,5,Delivery was late but food was good.,2026-05-04
6858,20404,,"Great food, arrived hot!",2026-02-03
6859,10064,5,Average experience.,2026-06-02
6860,1231,5,Order was missing an item.,2025-12-22
6861,3915,4,Portion size was small.,2026-06-16
6862,22928,,Delivery was late but food was good.,2026-02-05
6863,3653,5,Rider was polite and quick.,2026-02-10
6864,22010,5,Portion size was small.,2024-11-29
6865,16105,5,Value for money.,2025-04-22
6866,21703,5,Absolutely delicious.,2026-07-05
6867,6602,1,Absolutely delicious.,2025-12-11
6868,18914,1,Rider was polite and quick.,2025-12-08
6869,17452,4,Rider was polite and quick.,2024-08-12
6870,5663,5,Food was cold on arrival.,2025-02-25
6871,19840,3,"Loved it, will order again.",2025-05-10
6872,10424,1,Average experience.,2026-05-16
6873,6332,5,Portion size was small.,2026-05-26
6874,9889,4,Value for money.,2026-03-20
6875,22135,5,Value for money.,2025-04-10
6876,17380,5,"Great food, arrived hot!",2024-01-18
6877,7850,4,Packaging could be better.,2026-06-05
6878,4317,4,Best biryani in town.,2024-10-29
6879,18094,5,Rider was polite and quick.,2026-02-14
6880,8813,5,Food was cold on arrival.,2026-01-24
6881,19296,4,Packaging could be better.,2024-10-04
6882,18273,5,"Loved it, will order again.",2025-02-13
6883,13331,5,Fresh and tasty.,2026-01-26
6884,8216,2,Fresh and tasty.,2025-09-03
6885,4852,4,Value for money.,2024-05-13
6886,16524,2,Portion size was small.,2024-10-29
6887,3870,5,Absolutely delicious.,2025-10-15
6888,24750,5,Fresh and tasty.,2026-03-19
6889,15670,5,Portion size was small.,2026-01-09
6890,6325,5,Absolutely delicious.,2025-11-08
6891,8307,4,Order was missing an item.,2025-10-17
6892,1981,4,"Loved it, will order again.",2025-08-31
6893,12173,5,"Loved it, will order again.",2026-05-26
6894,1012,4,"Loved it, will order again.",2024-07-30
6895,19950,1,Food was cold on arrival.,2025-08-01
6896,20347,4,Rider was polite and quick.,2025-11-23
6897,16887,4,Delivery was late but food was good.,2025-09-14
6898,18178,3,Best biryani in town.,2024-10-04
6899,10717,4,Rider was polite and quick.,2025-11-10
6900,3346,5,"Great food, arrived hot!",2026-01-27
6901,1418,4,Absolutely delicious.,2024-10-15
6902,1586,4,Value for money.,2026-06-13
6903,6099,5,Order was missing an item.,2026-02-28
6904,5175,3,Absolutely delicious.,2025-04-18
6905,9186,3,Order was missing an item.,2026-02-10
6906,6747,3,Value for money.,2025-09-19
6907,15952,,"Loved it, will order again.",2025-01-20
6908,12145,4,"Great food, arrived hot!",2026-06-24
6909,22845,5,Order was missing an item.,2025-11-23
6910,13075,5,Portion size was small.,2025-07-08
6911,6364,4,Average experience.,2025-11-13
6912,22734,3,Fresh and tasty.,2026-03-29
6913,18753,5,"Loved it, will order again.",2026-07-01
6914,8809,4,Perfect as always.,2026-06-30
6915,22195,2,Would not recommend.,2024-12-10
6916,22227,1,Would not recommend.,2025-09-24
6917,9622,,"Loved it, will order again.",2026-04-22
6918,23805,3,Value for money.,2025-06-10
6919,14471,1,"Great food, arrived hot!",2024-03-11
6920,5220,5,Rider was polite and quick.,2024-12-02
6921,20134,5,Portion size was small.,2024-05-10
6922,6317,5,"Great food, arrived hot!",2025-10-14
6923,8347,5,Absolutely delicious.,2026-03-28
6924,12511,4,"Loved it, will order again.",2025-01-04
6925,24486,1,Absolutely delicious.,2026-03-18
6926,10341,2,Fresh and tasty.,2026-05-14
6927,12249,5,Rider was polite and quick.,2026-01-26
6928,1780,4,Would not recommend.,2026-05-29
6929,22921,5,Delivery was late but food was good.,2025-04-17
6930,2448,2,Value for money.,2026-06-30
6931,5713,5,Value for money.,2026-03-03
6932,2872,4,Order was missing an item.,2025-10-24
6933,3131,2,Food was cold on arrival.,2026-04-09
6934,15338,4,Absolutely delicious.,2026-06-11
6935,20900,5,Best biryani in town.,2026-06-07
6936,19719,5,Absolutely delicious.,2025-08-07
6937,17988,1,"Great food, arrived hot!",2025-09-26
6938,22137,5,Packaging could be better.,2026-03-08
6939,885,5,Perfect as always.,2025-08-23
6940,12443,4,Would not recommend.,2025-01-09
6941,20670,5,Portion size was small.,2026-06-27
6942,19346,4,Value for money.,2026-02-24
6943,6119,4,Delivery was late but food was good.,2025-07-29
6944,8997,5,Would not recommend.,2025-12-31
6945,10311,5,Would not recommend.,2025-09-07
6946,17402,5,Best biryani in town.,2026-06-13
6947,18698,5,Would not recommend.,2025-06-24
6948,18850,5,Best biryani in town.,2026-01-24
6949,3144,5,Fresh and tasty.,2026-04-19
6950,8638,5,Rider was polite and quick.,2026-04-08
6951,1146,5,Average experience.,2025-01-08
6952,15415,5,Best biryani in town.,2025-11-30
6953,6285,3,Rider was polite and quick.,2025-05-11
6954,4452,5,Would not recommend.,2026-06-21
6955,12927,5,Best biryani in town.,2026-07-01
6956,20219,4,Best biryani in town.,2026-05-07
6957,15804,3,Would not recommend.,2026-02-10
6958,6893,2,"Loved it, will order again.",2025-05-19
6959,2139,1,Would not recommend.,2025-04-08
6960,2785,4,Packaging could be better.,2024-10-26
6961,4894,3,Absolutely delicious.,2024-07-02
6962,13090,5,"Loved it, will order again.",2026-04-03
6963,18974,5,"Loved it, will order again.",2026-03-05
6964,17363,4,Average experience.,2024-12-31
6965,815,2,"Loved it, will order again.",2026-06-25
6966,11336,2,"Great food, arrived hot!",2025-07-05
6967,24494,5,"Great food, arrived hot!",2026-01-17
6968,3762,5,Best biryani in town.,2026-05-11
6969,4992,2,Perfect as always.,2026-05-19
6970,15366,5,Absolutely delicious.,2025-10-14
6971,8648,2,Best biryani in town.,2026-05-20
6972,14174,4,Food was cold on arrival.,2026-06-20
6973,18382,3,Packaging could be better.,2025-07-08
6974,20754,3,Average experience.,2024-10-12
6975,15101,4,Perfect as always.,2025-10-05
6976,13839,5,Order was missing an item.,2026-04-09
6977,6622,2,Perfect as always.,2026-05-05
6978,354,3,Rider was polite and quick.,2026-01-11
6979,24303,4,Average experience.,2024-12-23
6980,6190,5,Delivery was late but food was good.,2026-02-06
6981,11688,5,Food was cold on arrival.,2026-03-08
6982,1832,5,Food was cold on arrival.,2025-01-18
6983,2287,1,"Loved it, will order again.",2024-12-16
6984,12212,1,Absolutely delicious.,2026-06-03
6985,17951,5,Average experience.,2025-12-20
6986,24631,5,Average experience.,2025-10-21
6987,8484,5,Portion size was small.,2026-04-04
6988,19353,5,Best biryani in town.,2026-02-02
6989,23588,5,Value for money.,2025-06-05
6990,12266,4,"Loved it, will order again.",2025-09-22
6991,12613,4,Food was cold on arrival.,2026-06-27
6992,4803,4,"Great food, arrived hot!",2026-03-03
6993,21877,3,Food was cold on arrival.,2026-06-17
6994,4637,4,Best biryani in town.,2026-05-09
6995,6341,5,"Loved it, will order again.",2026-06-03
6996,5913,,Absolutely delicious.,2025-04-26
6997,16412,5,"Great food, arrived hot!",2025-12-17
6998,15241,2,Value for money.,2025-08-24
6999,24572,5,Rider was polite and quick.,2025-08-26
7000,6385,,"Loved it, will order again.",2025-12-13
7001,1398,5,Portion size was small.,2024-08-07
7002,17684,4,Delivery was late but food was good.,2025-07-10
7003,17056,4,"Loved it, will order again.",2024-11-02
7004,9614,2,Packaging could be better.,2024-10-05
7005,20613,5,Order was missing an item.,2026-04-09
7006,11265,3,Delivery was late but food was good.,2025-08-07
7007,10556,4,Perfect as always.,2026-01-15
7008,3710,3,Perfect as always.,2026-03-04
7009,11153,5,Fresh and tasty.,2025-10-03
7010,2926,4,"Great food, arrived hot!",2024-09-17
7011,10565,1,Value for money.,2025-05-18
7012,8252,5,Food was cold on arrival.,2025-04-27
7013,3997,4,Order was missing an item.,2025-12-23
7014,5054,3,Rider was polite and quick.,2025-12-15
7015,19160,4,Rider was polite and quick.,2024-07-11
7016,5052,5,Perfect as always.,2026-03-21
7017,23567,5,"Great food, arrived hot!",2026-05-08
7018,15131,4,Delivery was late but food was good.,2026-03-21
7019,23499,5,Order was missing an item.,2025-03-23
7020,12183,5,Would not recommend.,2025-10-13
7021,6882,5,Order was missing an item.,2024-12-28
7022,21025,5,Food was cold on arrival.,2025-12-25
7023,3594,4,Fresh and tasty.,2024-02-04
7024,22151,5,"Great food, arrived hot!",2025-07-15
7025,9513,4,Average experience.,2025-09-06
7026,15345,4,"Loved it, will order again.",2025-10-31
7027,7347,5,Best biryani in town.,2024-11-15
7028,13934,4,Fresh and tasty.,2026-03-21
7029,12492,5,"Great food, arrived hot!",2025-10-05
7030,7253,4,Value for money.,2024-07-25
7031,21594,5,Packaging could be better.,2025-09-21
7032,9624,3,Order was missing an item.,2025-10-15
7033,2739,5,"Great food, arrived hot!",2025-06-03
7034,24224,4,"Loved it, will order again.",2025-03-06
7035,4558,2,Average experience.,2026-06-25
7036,5213,5,Value for money.,2026-06-21
7037,1645,5,Order was missing an item.,2025-01-30
7038,13666,5,"Loved it, will order again.",2026-02-15
7039,23328,5,Packaging could be better.,2026-06-27
7040,2439,5,Absolutely delicious.,2026-05-28
7041,19575,4,Best biryani in town.,2026-04-03
7042,22751,5,Packaging could be better.,2026-04-13
7043,9555,4,Value for money.,2025-11-06
7044,24808,5,Food was cold on arrival.,2026-02-06
7045,1256,3,"Great food, arrived hot!",2026-01-22
7046,14449,3,Perfect as always.,2026-06-25
7047,9363,3,Absolutely delicious.,2026-06-06
7048,2596,3,Delivery was late but food was good.,2025-12-12
7049,6861,1,Perfect as always.,2026-05-01
7050,5564,5,"Great food, arrived hot!",2026-01-17
7051,16208,5,Would not recommend.,2025-10-02
7052,6258,4,Absolutely delicious.,2025-11-26
7053,7640,5,Average experience.,2025-04-08
7054,6598,3,Portion size was small.,2026-03-17
7055,20420,3,Value for money.,2025-07-11
7056,10711,4,Portion size was small.,23/09/2025
7057,600,4,Would not recommend.,2026-03-27
7058,11969,2,Value for money.,2024-03-28
7059,6098,4,Absolutely delicious.,2026-02-15
7060,7247,4,Packaging could be better.,2025-06-07
7061,148,4,Absolutely delicious.,2025-12-23
7062,8808,5,Packaging could be better.,2024-10-10
7063,23166,3,Food was cold on arrival.,2026-06-05
7064,14312,3,Fresh and tasty.,2025-12-19
7065,1071,4,Delivery was late but food was good.,2026-03-02
7066,7329,1,Order was missing an item.,2026-06-22
7067,7862,5,Would not recommend.,2025-02-19
7068,22586,5,Fresh and tasty.,2024-01-13
7069,13918,2,Would not recommend.,2024-03-25
7070,17250,2,Would not recommend.,2025-06-01
7071,7263,5,Absolutely delicious.,2025-03-13
7072,22358,5,Packaging could be better.,2026-06-09
7073,18174,5,"Loved it, will order again.",2026-05-20
7074,13104,2,"Loved it, will order again.",2026-01-13
7075,20461,5,"Great food, arrived hot!",2025-02-21
7076,7837,2,"Loved it, will order again.",2025-07-11
7077,16783,5,"Loved it, will order again.",2026-05-23
7078,2865,4,Order was missing an item.,2025-09-01
7079,23609,4,Portion size was small.,2026-05-05
7080,10371,5,Portion size was small.,2026-04-05
7081,7438,4,Average experience.,2024-09-25
7082,11891,4,Average experience.,2026-06-22
7083,15092,,Would not recommend.,2025-09-30
7084,1852,5,Food was cold on arrival.,2024-08-05
7085,20087,2,Would not recommend.,2025-07-24
7086,2290,5,Delivery was late but food was good.,2026-02-02
7087,8826,5,Food was cold on arrival.,2026-05-28
7088,22719,5,"Great food, arrived hot!",2026-01-04
7089,1052,5,"Loved it, will order again.",2024-09-06
7090,24176,4,Perfect as always.,2025-06-14
7091,13487,5,Value for money.,2026-01-04
7092,5330,4,Portion size was small.,2026-06-13
7093,17194,5,Rider was polite and quick.,11/14/2024
7094,1302,5,Packaging could be better.,2026-06-13
7095,7907,,Fresh and tasty.,2026-01-16
7096,21857,4,"Loved it, will order again.",2025-05-10
7097,141,4,Average experience.,2026-05-31
7098,6415,5,Best biryani in town.,2024-11-01
7099,7848,5,Food was cold on arrival.,2026-03-17
7100,13046,2,Order was missing an item.,2025-05-31
7101,9453,,Portion size was small.,2026-02-09
7102,17230,5,Order was missing an item.,2025-11-17
7103,11567,5,Order was missing an item.,2026-06-20
7104,22530,5,Fresh and tasty.,2024-10-02
7105,16489,1,Packaging could be better.,2026-04-20
7106,5153,4,Delivery was late but food was good.,2026-02-05
7107,13736,,Best biryani in town.,2026-03-24
7108,2857,4,"Great food, arrived hot!",2026-01-30
7109,13299,5,Fresh and tasty.,2026-06-16
7110,22180,,Food was cold on arrival.,2025-06-27
7111,16617,5,Perfect as always.,2024-09-02
7112,22386,5,Rider was polite and quick.,2025-01-14
7113,6706,5,"Loved it, will order again.",2025-05-19
7114,14938,2,Perfect as always.,2024-11-22
7115,21267,2,Order was missing an item.,2025-12-21
7116,12555,4,Order was missing an item.,2025-05-21
7117,23367,5,Packaging could be better.,2024-11-05
7118,7430,,Absolutely delicious.,2025-02-02
7119,13317,2,Food was cold on arrival.,2025-12-23
7120,17964,3,Absolutely delicious.,2025-09-21
7121,23966,5,Would not recommend.,2025-10-22
7122,457,4,Food was cold on arrival.,2026-03-27
7123,16079,5,Best biryani in town.,2026-06-14
7124,4784,4,Average experience.,2026-04-11
7125,6452,5,Absolutely delicious.,2025-05-14
7126,11713,4,Portion size was small.,2026-06-06
7127,5441,,Would not recommend.,2024-07-30
7128,3760,4,Portion size was small.,2025-01-18
7129,16002,5,Rider was polite and quick.,2026-03-13
7130,14388,5,Delivery was late but food was good.,2026-02-17
7131,3163,5,Packaging could be better.,2025-01-06
7132,9144,4,Fresh and tasty.,2026-04-15
7133,13538,4,Food was cold on arrival.,2024-12-14
7134,20295,4,Absolutely delicious.,2025-02-04
7135,24700,4,Average experience.,2024-04-30
7136,8888,5,Value for money.,2026-05-02
7137,17733,2,Food was cold on arrival.,08/03/2025
7138,5368,5,Perfect as always.,2026-07-05
7139,22489,,Delivery was late but food was good.,2024-12-10
7140,16362,3,Average experience.,2026-06-25
7141,22407,4,Packaging could be better.,2024-06-30
7142,14972,1,Delivery was late but food was good.,2024-12-25
7143,7453,5,Would not recommend.,2025-01-31
7144,10735,2,Value for money.,2026-06-06
7145,22298,5,Absolutely delicious.,2026-06-21
7146,19322,5,"Great food, arrived hot!",2026-05-25
7147,18841,5,"Great food, arrived hot!",2025-01-31
7148,2559,2,Perfect as always.,2025-09-26
7149,5171,5,Delivery was late but food was good.,2024-07-29
7150,20457,4,Portion size was small.,2026-05-15
7151,572,4,Portion size was small.,2026-06-15
7152,22897,5,Order was missing an item.,2024-10-23
7153,15924,1,Fresh and tasty.,2024-09-16
7154,4277,1,Packaging could be better.,2026-03-31
7155,21457,3,Perfect as always.,2025-09-05
7156,14582,4,Best biryani in town.,2026-04-03
7157,22167,4,Food was cold on arrival.,2025-05-29
7158,13826,5,Perfect as always.,2026-02-10
7159,19017,5,Fresh and tasty.,2025-12-23
7160,2746,5,Delivery was late but food was good.,2025-11-07
7161,20931,5,Would not recommend.,2025-06-18
7162,2195,5,"Great food, arrived hot!",2025-03-09
7163,17217,1,Portion size was small.,2026-07-07
7164,13260,4,Packaging could be better.,2026-06-28
7165,7618,5,Order was missing an item.,2026-04-06
7166,17488,2,Perfect as always.,2025-08-06
7167,19139,4,Would not recommend.,2026-02-14
7168,22404,1,Portion size was small.,2026-03-19
7169,1347,5,Packaging could be better.,2026-01-07
7170,23488,4,Would not recommend.,2025-02-20
7171,7321,2,Best biryani in town.,2026-03-14
7172,11960,2,Perfect as always.,2024-09-19
7173,6234,3,Packaging could be better.,2025-10-30
7174,24154,4,Order was missing an item.,2024-07-26
7175,4760,4,Food was cold on arrival.,2025-11-30
7176,15085,5,Packaging could be better.,2025-04-27
7177,10734,5,Absolutely delicious.,2025-07-29
7178,20965,5,Absolutely delicious.,2026-01-17
7179,23309,5,Perfect as always.,2025-12-17
7180,18922,4,Portion size was small.,2024-05-14
7181,5598,,Fresh and tasty.,2025-01-27
7182,18677,3,Absolutely delicious.,2026-06-04
7183,8817,2,Absolutely delicious.,2026-04-11
7184,13318,4,"Loved it, will order again.",2024-10-23
7185,4953,5,Rider was polite and quick.,2026-03-05
7186,14461,5,Value for money.,2024-02-15
7187,17389,5,Absolutely delicious.,2026-03-06
7188,24389,5,Food was cold on arrival.,2025-10-31
7189,22226,5,"Great food, arrived hot!",2024-12-17
7190,11042,2,"Loved it, will order again.",2025-04-11
7191,13676,4,"Loved it, will order again.",2024-01-20
7192,19235,5,Food was cold on arrival.,2025-07-12
7193,17258,4,"Loved it, will order again.",2026-06-22
7194,23617,5,Portion size was small.,2026-05-25
7195,14759,5,"Loved it, will order again.",2026-01-24
7196,17096,5,Perfect as always.,2024-11-28
7197,4677,2,Fresh and tasty.,2026-03-04
7198,21400,5,Food was cold on arrival.,2026-01-03
7199,2788,3,Fresh and tasty.,2025-07-26
7200,24307,4,Would not recommend.,2026-03-04
7201,11693,5,Fresh and tasty.,2025-02-06
7202,12440,4,Delivery was late but food was good.,2026-04-23
7203,5756,4,Order was missing an item.,2024-09-04
7204,20839,4,Food was cold on arrival.,2024-06-14
7205,18552,4,Value for money.,2025-11-10
7206,23752,4,Absolutely delicious.,2025-12-19
7207,6226,4,Would not recommend.,2026-05-24
7208,8478,5,Would not recommend.,2026-05-30
7209,16420,4,Portion size was small.,2025-05-13
7210,9184,5,Perfect as always.,2026-02-12
7211,19106,5,Packaging could be better.,2024-12-30
7212,520,1,Order was missing an item.,2025-10-01
7213,20368,5,Absolutely delicious.,2026-05-28
7214,19576,5,Average experience.,2026-04-16
7215,15046,5,"Loved it, will order again.",2026-04-09
7216,1068,,Value for money.,2026-05-01
7217,4475,3,"Great food, arrived hot!",2025-05-14
7218,9437,5,Value for money.,2025-06-29
7219,13872,5,Average experience.,2026-01-09
7220,12370,5,Fresh and tasty.,2026-04-04
7221,11432,4,Delivery was late but food was good.,2024-07-17
7222,21282,5,Delivery was late but food was good.,2025-01-28
7223,7853,5,Would not recommend.,2026-04-13
7224,13641,4,"Great food, arrived hot!",2025-04-16
7225,24310,,Food was cold on arrival.,2026-05-14
7226,11826,1,Would not recommend.,2025-11-02
7227,5510,4,Best biryani in town.,2024-11-16
7228,24230,4,Absolutely delicious.,2026-06-12
7229,21136,4,Best biryani in town.,2025-08-05
7230,11232,5,Would not recommend.,2026-05-18
7231,24290,2,Order was missing an item.,2025-06-19
7232,4448,4,Portion size was small.,2026-03-24
7233,4996,5,Rider was polite and quick.,2024-12-14
7234,4360,4,Best biryani in town.,2024-10-22
7235,777,5,Best biryani in town.,2025-10-13
7236,19018,4,"Loved it, will order again.",2025-10-12
7237,7530,4,Absolutely delicious.,2024-07-23
7238,18825,5,Absolutely delicious.,2026-05-20
7239,2827,5,Perfect as always.,2026-06-07
7240,13735,4,Rider was polite and quick.,2026-02-22
7241,14574,4,Food was cold on arrival.,2026-01-17
7242,13771,1,Food was cold on arrival.,2024-12-09
7243,3023,4,Value for money.,2026-02-05
7244,17128,4,"Loved it, will order again.",2025-10-22
7245,21935,4,Food was cold on arrival.,2026-01-19
7246,7470,5,Fresh and tasty.,2025-01-14
7247,18785,4,Fresh and tasty.,2024-08-13
7248,15461,1,"Loved it, will order again.",2026-03-04
7249,9504,5,Food was cold on arrival.,2025-02-10
7250,8380,4,Perfect as always.,2024-12-15
7251,10385,3,Order was missing an item.,2025-02-16
7252,2612,4,Perfect as always.,2024-06-09
7253,11134,3,"Great food, arrived hot!",2024-05-25
7254,20019,4,Best biryani in town.,2025-09-25
7255,20169,4,Perfect as always.,2025-05-14
7256,19731,4,Portion size was small.,2026-04-19
7257,22315,3,Average experience.,2025-11-26
7258,10920,3,Food was cold on arrival.,2025-08-10
7259,9916,5,Order was missing an item.,2026-03-28
7260,12589,4,Average experience.,2024-04-16
7261,15811,4,Food was cold on arrival.,2026-05-23
7262,9077,2,Value for money.,2026-02-25
7263,14946,5,Portion size was small.,2025-05-02
7264,14678,3,Fresh and tasty.,2024-04-29
7265,10263,4,Food was cold on arrival.,2026-01-11
7266,18126,5,Order was missing an item.,2024-07-20
7267,16907,3,Packaging could be better.,2025-08-06
7268,21247,5,Packaging could be better.,2025-05-23
7269,9795,4,Value for money.,2026-02-06
7270,13832,3,Value for money.,2025-11-01
7271,7077,4,Best biryani in town.,2025-07-07
7272,15097,5,Food was cold on arrival.,2025-12-17
7273,14862,3,Fresh and tasty.,2026-06-24
7274,9625,5,"Great food, arrived hot!",2024-07-02
7275,12835,5,Value for money.,2025-10-25
7276,8676,5,Rider was polite and quick.,2025-10-17
7277,222,4,Order was missing an item.,2025-04-21
7278,322,2,Fresh and tasty.,2026-02-08
7279,15625,4,Packaging could be better.,2024-07-06
7280,3644,3,Value for money.,2025-01-26
7281,9124,4,Order was missing an item.,2026-06-21
7282,8887,1,"Loved it, will order again.",2025-10-23
7283,10659,3,"Great food, arrived hot!",2026-03-18
7284,6323,4,Absolutely delicious.,2025-10-20
7285,13298,5,Average experience.,2025-08-23
7286,2011,5,Best biryani in town.,2026-04-18
7287,7597,2,Order was missing an item.,2024-12-24
7288,6860,,Portion size was small.,2025-03-18
7289,23979,4,Portion size was small.,2026-07-06
7290,20333,4,Portion size was small.,2026-05-07
7291,3990,4,Absolutely delicious.,2024-06-17
7292,398,5,Rider was polite and quick.,2026-03-09
7293,7529,4,Order was missing an item.,2026-02-06
7294,21330,4,Order was missing an item.,2026-04-08
7295,312,5,"Great food, arrived hot!",2026-02-07
7296,2170,3,Order was missing an item.,2025-09-19
7297,9204,4,Portion size was small.,2026-01-10
7298,24614,4,Perfect as always.,2026-05-26
7299,22181,5,Value for money.,2026-04-05
7300,10869,3,Rider was polite and quick.,2026-03-23
7301,17712,3,Best biryani in town.,2026-05-01
7302,9257,5,Order was missing an item.,2025-10-26
7303,22096,4,Value for money.,2025-03-22
7304,18570,2,Rider was polite and quick.,2026-04-05
7305,2102,1,Order was missing an item.,2026-05-23
7306,14215,2,Perfect as always.,2025-09-23
7307,4746,5,Fresh and tasty.,2025-06-06
7308,13529,5,Would not recommend.,2026-06-08
7309,3021,4,Rider was polite and quick.,2025-11-11
7310,19670,2,"Loved it, will order again.",2025-08-15
7311,7516,4,Average experience.,2026-04-21
7312,6060,5,Best biryani in town.,16/03/2025
7313,2875,4,Delivery was late but food was good.,2025-03-23
7314,5222,4,Order was missing an item.,2026-04-23
7315,19319,4,Fresh and tasty.,2026-04-09
7316,24028,3,Food was cold on arrival.,2025-04-08
7317,4872,4,Best biryani in town.,2026-05-13
7318,14950,5,Value for money.,2026-06-02
7319,14249,4,Average experience.,2026-06-01
7320,15975,4,Food was cold on arrival.,2025-06-27
7321,16485,4,Rider was polite and quick.,2025-10-02
7322,1232,5,Fresh and tasty.,2024-09-09
7323,5514,4,Would not recommend.,2025-09-21
7324,14549,4,Value for money.,2024-09-13
7325,22392,5,Portion size was small.,2025-04-26
7326,225,1,Average experience.,2025-11-06
7327,18255,4,Rider was polite and quick.,2025-04-08
7328,19114,4,Value for money.,2025-06-14
7329,11248,4,Food was cold on arrival.,2024-09-16
7330,15072,5,Absolutely delicious.,2026-05-24
7331,16705,5,Delivery was late but food was good.,2026-02-18
7332,21044,1,Packaging could be better.,2026-05-08
7333,19981,4,Food was cold on arrival.,2026-04-17
7334,16023,3,"Loved it, will order again.",2025-02-05
7335,5449,2,Rider was polite and quick.,2025-07-23
7336,3239,1,Average experience.,2026-04-10
7337,13874,4,"Loved it, will order again.",2026-02-27
7338,436,4,Portion size was small.,2025-10-24
7339,11518,3,Fresh and tasty.,2025-08-28
7340,15452,3,"Loved it, will order again.",2025-05-27
7341,17259,1,Value for money.,2026-03-06
7342,607,4,Packaging could be better.,2026-02-03
7343,11901,4,"Great food, arrived hot!",2026-03-09
7344,5484,4,Average experience.,07/12/2025
7345,14430,5,Perfect as always.,2026-06-02
7346,15001,3,Rider was polite and quick.,2024-09-08
7347,6437,2,Perfect as always.,2026-06-05
7348,16959,5,Value for money.,2025-04-26
7349,22457,5,Delivery was late but food was good.,2025-02-18
7350,2635,4,Rider was polite and quick.,2026-06-11
7351,5833,4,Perfect as always.,2026-03-20
7352,1090,5,Absolutely delicious.,2024-07-13
7353,14871,2,"Loved it, will order again.",2026-02-18
7354,4795,4,Best biryani in town.,2025-11-30
7355,17074,4,Rider was polite and quick.,2024-09-15
7356,4656,2,Portion size was small.,2025-06-18
7357,4614,4,Delivery was late but food was good.,2025-09-25
7358,19648,4,"Loved it, will order again.",2024-10-25
7359,8967,4,"Great food, arrived hot!",2024-11-02
7360,19256,4,Absolutely delicious.,2025-02-08
7361,10898,3,Value for money.,2026-01-13
7362,18314,3,Order was missing an item.,2025-07-18
7363,3235,4,"Loved it, will order again.",2026-01-30
7364,11773,4,Packaging could be better.,2025-06-24
7365,17122,4,Portion size was small.,2026-04-28
7366,21126,4,Best biryani in town.,2024-03-02
7367,19152,5,Average experience.,2025-12-31
7368,20706,5,Delivery was late but food was good.,2026-04-11
7369,16345,4,"Loved it, will order again.",2025-10-13
7370,22093,2,Would not recommend.,2025-08-07
7371,16106,5,"Loved it, will order again.",2025-06-11
7372,23601,5,Fresh and tasty.,2026-01-22
7373,4999,3,Perfect as always.,17/08/2025
7374,4548,5,Value for money.,2025-02-10
7375,21582,5,Perfect as always.,2024-09-18
7376,7858,2,Would not recommend.,2025-09-29
7377,10789,1,Perfect as always.,2026-04-09
7378,10114,1,"Great food, arrived hot!",2026-04-11
7379,23825,4,Food was cold on arrival.,2026-06-26
7380,4370,,Rider was polite and quick.,2024-09-20
7381,19293,4,"Great food, arrived hot!",2026-06-26
7382,7968,5,Packaging could be better.,10/05/2026
7383,15332,2,Delivery was late but food was good.,2026-03-19
7384,9057,4,Average experience.,2026-06-23
7385,5251,2,Value for money.,2026-05-26
7386,8794,4,Rider was polite and quick.,2026-06-29
7387,1389,5,Perfect as always.,2026-01-25
7388,13456,3,"Loved it, will order again.",2026-06-01
7389,263,5,Delivery was late but food was good.,2026-06-05
7390,23916,1,Fresh and tasty.,2024-07-13
7391,7078,3,Delivery was late but food was good.,2026-06-15
7392,19271,4,Best biryani in town.,10/08/2024
7393,23667,3,Would not recommend.,2025-11-13
7394,14916,5,"Loved it, will order again.",2026-04-30
7395,18258,1,Rider was polite and quick.,2026-07-05
7396,20059,4,Best biryani in town.,2026-04-25
7397,11930,4,Would not recommend.,2026-05-21
7398,8294,4,Order was missing an item.,2024-10-01
7399,1552,2,Delivery was late but food was good.,2026-04-08
7400,5705,5,Rider was polite and quick.,2026-02-13
7401,13858,5,Portion size was small.,2025-06-05
7402,22871,4,Portion size was small.,2026-02-15
7403,1470,2,Fresh and tasty.,2024-05-27
7404,4279,5,Portion size was small.,2026-05-21
7405,3779,3,Delivery was late but food was good.,2024-08-20
7406,22014,1,"Loved it, will order again.",2024-03-12
7407,9662,5,Value for money.,2024-10-01
7408,14734,4,Best biryani in town.,2026-05-30
7409,9563,4,"Great food, arrived hot!",2026-05-20
7410,15725,5,Order was missing an item.,2025-11-20
7411,5767,5,Food was cold on arrival.,2026-02-19
7412,10606,4,"Loved it, will order again.",2025-10-19
7413,18344,4,Food was cold on arrival.,2024-12-10
7414,22524,4,Packaging could be better.,2025-08-28
7415,23327,4,Value for money.,2026-05-22
7416,22795,4,Best biryani in town.,2026-04-26
7417,4369,2,Absolutely delicious.,2026-05-23
7418,10759,4,Value for money.,2024-07-10
7419,5912,4,Fresh and tasty.,2026-06-20
7420,9637,5,Fresh and tasty.,2026-03-07
7421,24584,5,Best biryani in town.,2025-09-26
7422,14460,5,Fresh and tasty.,2025-08-09
7423,21956,3,Food was cold on arrival.,2025-09-07
7424,10394,3,Portion size was small.,2026-02-14
7425,403,5,Best biryani in town.,2026-01-15
7426,43,3,Best biryani in town.,2025-01-17
7427,19706,3,Fresh and tasty.,2024-12-30
7428,20339,4,Perfect as always.,2026-05-04
7429,11765,3,Best biryani in town.,2024-09-15
7430,14496,,Food was cold on arrival.,2025-07-30
7431,16868,5,Value for money.,2025-01-16
7432,1264,3,Average experience.,2026-01-04
7433,10892,3,Perfect as always.,2026-06-30
7434,15393,4,Delivery was late but food was good.,2026-03-07
7435,23950,5,Perfect as always.,2026-01-20
7436,13778,4,Order was missing an item.,2026-06-22
7437,19954,4,Average experience.,2026-07-03
7438,8946,4,Packaging could be better.,2026-05-03
7439,13003,5,Perfect as always.,2025-08-12
7440,7361,4,Would not recommend.,2024-11-12
7441,24660,5,"Great food, arrived hot!",2025-03-25
7442,8323,5,Would not recommend.,2025-10-04
7443,4258,5,Absolutely delicious.,2025-12-20
7444,16765,3,"Great food, arrived hot!",2025-12-07
7445,15858,,Packaging could be better.,2025-05-09
7446,18494,1,Order was missing an item.,2025-12-08
7447,7707,5,Packaging could be better.,2025-12-24
7448,18638,5,"Loved it, will order again.",2026-04-10
7449,4416,4,Best biryani in town.,2025-02-22
7450,10737,2,"Loved it, will order again.",2026-01-23
7451,1841,4,Order was missing an item.,2025-01-21
7452,10074,5,Food was cold on arrival.,2025-10-03
7453,2484,5,Perfect as always.,2024-09-06
7454,16655,4,Packaging could be better.,2026-04-30
7455,23204,5,Packaging could be better.,2025-06-09
7456,19630,4,Best biryani in town.,2026-04-30
7457,4505,1,Order was missing an item.,2026-05-29
7458,2758,2,Perfect as always.,2024-10-21
7459,7676,5,Would not recommend.,2026-06-22
7460,2798,1,Value for money.,2026-06-03
7461,23665,5,Order was missing an item.,2025-08-28
7462,18854,4,Absolutely delicious.,2025-10-05
7463,20455,4,Average experience.,2026-03-22
7464,12177,4,Would not recommend.,2024-09-10
7465,20463,4,Would not recommend.,2025-11-23
7466,20607,3,"Great food, arrived hot!",2024-06-18
7467,14131,3,Would not recommend.,2026-04-28
7468,1474,4,Fresh and tasty.,2026-03-09
7469,1726,3,"Loved it, will order again.",2025-07-21
7470,10001,4,Absolutely delicious.,2026-03-29
7471,7847,,Food was cold on arrival.,2026-03-28
7472,9597,2,Packaging could be better.,2025-12-26
7473,55,4,Absolutely delicious.,2026-03-28
7474,14721,5,Would not recommend.,2024-11-30
7475,2871,5,"Great food, arrived hot!",2024-04-25
7476,18626,5,Value for money.,2025-09-20
7477,9994,5,Would not recommend.,2026-05-05
7478,12580,4,Order was missing an item.,2026-05-29
7479,20714,4,Portion size was small.,2025-12-26
7480,15738,3,Best biryani in town.,2026-06-21
7481,11980,5,Absolutely delicious.,2025-05-02
7482,10400,5,Would not recommend.,2025-07-02
7483,1297,5,Value for money.,2026-04-24
7484,19004,3,Would not recommend.,2025-11-02
7485,8231,3,Portion size was small.,2026-06-24
7486,18611,5,Best biryani in town.,2024-11-05
7487,22742,3,Absolutely delicious.,2026-01-01
7488,13450,2,Fresh and tasty.,2026-02-15
7489,21811,4,Best biryani in town.,2025-09-06
7490,15659,5,Packaging could be better.,2026-03-20
7491,8433,5,Value for money.,2025-10-23
7492,14736,5,"Loved it, will order again.",2026-05-31
7493,22326,3,Rider was polite and quick.,2025-10-01
7494,23424,4,Value for money.,2026-04-10
7495,10475,4,Average experience.,2026-04-16
7496,3417,4,Fresh and tasty.,2026-02-09
7497,21840,4,Delivery was late but food was good.,2026-04-29
7498,24012,,Value for money.,2026-06-17
7499,3399,,Would not recommend.,2025-06-03
7500,5734,3,Rider was polite and quick.,2026-01-01
7501,1306,5,Rider was polite and quick.,2026-04-17
7502,22125,3,Perfect as always.,2026-01-13
7503,21360,4,Average experience.,2026-04-22
7504,23028,5,"Great food, arrived hot!",2026-04-09
7505,5939,4,Value for money.,2025-01-31
7506,24661,5,"Great food, arrived hot!",2026-03-20
7507,12116,5,Food was cold on arrival.,2025-04-02
7508,16602,5,Absolutely delicious.,2025-01-18
7509,12237,5,"Great food, arrived hot!",2026-01-04
7510,2297,5,Food was cold on arrival.,2025-06-25
7511,13916,4,"Loved it, will order again.",2026-06-23
7512,2231,5,Portion size was small.,2025-06-02
7513,12742,1,"Great food, arrived hot!",2026-06-13
7514,19660,4,Perfect as always.,2025-01-14
7515,23201,3,Absolutely delicious.,2026-03-02
7516,18529,4,"Loved it, will order again.",2026-02-10
7517,22264,5,Average experience.,2025-07-22
7518,20802,,Order was missing an item.,30/05/2026
7519,14544,5,Portion size was small.,2026-06-03
7520,15453,3,Order was missing an item.,2025-04-19
7521,16709,5,Delivery was late but food was good.,2026-05-20
7522,14396,3,Average experience.,2025-06-02
7523,19389,4,Portion size was small.,2024-09-26
7524,9294,4,Order was missing an item.,2026-01-23
7525,1524,5,Delivery was late but food was good.,2025-08-22
7526,10303,2,Would not recommend.,2025-12-19
7527,20009,4,Packaging could be better.,2026-05-14
7528,16487,3,Order was missing an item.,2025-06-26
7529,13292,3,Food was cold on arrival.,2025-08-28
7530,19976,4,Delivery was late but food was good.,2025-04-10
7531,15255,5,Portion size was small.,2025-03-18
7532,7806,4,Would not recommend.,2025-05-14
7533,9168,5,Value for money.,2026-04-03
7534,9740,4,Order was missing an item.,2026-05-03
7535,16875,5,Rider was polite and quick.,2026-06-08
7536,8953,3,"Great food, arrived hot!",2025-10-28
7537,9337,5,"Great food, arrived hot!",2025-05-05
7538,21312,4,"Loved it, will order again.",2024-04-05
7539,17558,4,Average experience.,2025-07-31
7540,1579,1,Best biryani in town.,2024-10-26
7541,12915,3,Packaging could be better.,2026-06-11
7542,14485,5,Would not recommend.,2025-12-02
7543,23274,5,Fresh and tasty.,2026-05-06
7544,4703,4,"Great food, arrived hot!",2025-06-25
7545,2499,1,Packaging could be better.,2025-09-07
7546,20770,4,Value for money.,2025-03-29
7547,18640,5,"Loved it, will order again.",2026-04-04
7548,17431,4,Fresh and tasty.,2024-10-04
7549,5393,5,Order was missing an item.,2026-04-29
7550,3854,1,Fresh and tasty.,2024-07-06
7551,19895,5,Portion size was small.,2026-04-23
7552,6938,4,Absolutely delicious.,2024-11-08
7553,14367,5,Food was cold on arrival.,2026-03-16
7554,133,4,Order was missing an item.,2026-05-10
7555,16628,5,Average experience.,2025-04-26
7556,12715,5,"Loved it, will order again.",2026-02-28
7557,24951,5,Value for money.,2026-02-28
7558,23666,4,Would not recommend.,2025-06-07
7559,9770,4,Average experience.,22/04/2024
7560,5581,4,Rider was polite and quick.,2025-10-15
7561,5897,4,Would not recommend.,2026-05-18
7562,12963,5,Order was missing an item.,2026-01-29
7563,3064,3,Packaging could be better.,2026-02-19
7564,8801,5,Packaging could be better.,2026-06-12
7565,12499,5,Order was missing an item.,2025-05-29
7566,6299,4,Average experience.,2025-12-04
7567,2825,5,Would not recommend.,2025-06-17
7568,21945,2,Perfect as always.,2026-05-23
7569,20914,3,"Great food, arrived hot!",2026-01-26
7570,13864,4,Absolutely delicious.,2025-06-05
7571,24743,5,Packaging could be better.,2024-12-28
7572,428,5,Order was missing an item.,2026-03-24
7573,11871,,Would not recommend.,2025-12-27
7574,6294,5,Best biryani in town.,2026-06-30
7575,105,5,Delivery was late but food was good.,2026-05-09
7576,23267,5,Perfect as always.,2026-02-20
7577,14532,5,Fresh and tasty.,2026-04-20
7578,3181,3,Delivery was late but food was good.,2026-03-24
7579,2802,5,Order was missing an item.,2024-08-26
7580,731,5,Would not recommend.,2026-03-12
7581,3431,4,Fresh and tasty.,2026-03-14
7582,12516,,Packaging could be better.,2026-03-10
7583,10449,,Value for money.,2026-04-16
7584,10723,4,Fresh and tasty.,2026-03-25
7585,21885,5,Order was missing an item.,2025-11-12
7586,11586,4,Order was missing an item.,2025-06-13
7587,7759,3,Fresh and tasty.,2026-02-07
7588,17382,2,Absolutely delicious.,2025-07-05
7589,4975,2,Value for money.,2026-02-27
7590,4799,2,Average experience.,2024-10-07
7591,12135,4,Value for money.,2025-12-03
7592,24143,4,"Loved it, will order again.",2026-02-20
7593,23002,4,Packaging could be better.,2026-03-25
7594,18479,3,Best biryani in town.,2026-02-26
7595,20639,5,Rider was polite and quick.,2024-10-08
7596,267,5,"Loved it, will order again.",2026-01-24
7597,21207,5,Best biryani in town.,2026-06-15
7598,8844,4,Delivery was late but food was good.,2024-04-14
7599,21828,4,Value for money.,2025-11-15
7600,3416,5,Food was cold on arrival.,2026-06-27
7601,10761,5,Rider was polite and quick.,2024-09-02
7602,2590,3,Delivery was late but food was good.,2026-05-17
7603,7782,3,Order was missing an item.,2026-01-13
7604,1406,5,Fresh and tasty.,2024-11-13
7605,13078,5,Food was cold on arrival.,2026-04-20
7606,19910,5,Would not recommend.,2024-11-25
7607,21757,5,Food was cold on arrival.,2026-06-29
7608,24047,5,Packaging could be better.,2026-06-23
7609,19978,5,Rider was polite and quick.,2025-11-01
7610,300,4,Rider was polite and quick.,2024-07-12
7611,17413,3,Would not recommend.,2025-09-14
7612,502,4,Would not recommend.,2025-09-21
7613,10433,,Delivery was late but food was good.,2026-05-17
7614,8522,4,Best biryani in town.,2025-02-15
7615,3806,4,Food was cold on arrival.,2026-01-26
7616,13074,5,Best biryani in town.,2024-10-22
7617,15582,4,Packaging could be better.,2026-03-31
7618,22228,2,Average experience.,2026-05-28
7619,17403,4,"Loved it, will order again.",2024-12-04
7620,6852,5,Food was cold on arrival.,2025-12-03
7621,16944,4,Average experience.,2026-01-01
7622,9386,,Fresh and tasty.,2026-05-28
7623,20873,4,Order was missing an item.,2026-02-22
7624,15694,4,Packaging could be better.,2025-07-24
7625,1035,4,"Loved it, will order again.",2026-02-04
7626,18122,,"Great food, arrived hot!",2025-01-04
7627,18370,3,Packaging could be better.,2025-08-14
7628,4762,3,Delivery was late but food was good.,2025-06-01
7629,18037,4,Order was missing an item.,2024-03-14
7630,19492,3,Absolutely delicious.,2026-04-27
7631,15113,5,"Great food, arrived hot!",2026-04-06
7632,13055,5,"Great food, arrived hot!",2025-06-24
7633,24339,4,Absolutely delicious.,2025-12-13
7634,3452,4,Rider was polite and quick.,2026-04-27
7635,10693,3,Average experience.,2026-06-23
7636,9926,5,Best biryani in town.,2025-12-21
7637,17609,5,Perfect as always.,2026-04-04
7638,16462,4,"Great food, arrived hot!",2025-01-03
7639,17537,1,Portion size was small.,2024-12-18
7640,20631,2,Delivery was late but food was good.,2026-01-17
7641,20589,5,Delivery was late but food was good.,2026-03-19
7642,13308,2,Packaging could be better.,2026-03-18
7643,17987,4,Packaging could be better.,2026-02-17
7644,12120,5,Food was cold on arrival.,2025-12-03
7645,12129,5,"Great food, arrived hot!",2024-07-13
7646,4179,4,Best biryani in town.,2026-06-25
7647,8569,2,Food was cold on arrival.,2026-02-01
7648,462,4,"Great food, arrived hot!",2025-08-25
7649,9435,,Would not recommend.,2025-09-14
7650,5914,5,Food was cold on arrival.,2025-08-26
7651,3473,4,Order was missing an item.,2024-03-18
7652,20197,4,"Loved it, will order again.",2026-02-17
7653,22464,4,Rider was polite and quick.,2026-05-18
7654,3072,5,Fresh and tasty.,2024-10-15
7655,6776,5,Would not recommend.,2025-02-11
7656,1361,5,Order was missing an item.,2026-02-21
7657,16683,4,Packaging could be better.,2026-02-05
7658,22840,3,Food was cold on arrival.,2025-12-29
7659,22232,1,Best biryani in town.,2026-03-15
7660,8495,5,Best biryani in town.,2026-06-13
7661,16934,4,Order was missing an item.,2026-07-01
7662,6236,4,Absolutely delicious.,2026-06-19
7663,17679,2,Packaging could be better.,2025-06-16
7664,18350,5,Packaging could be better.,2026-04-17
7665,14490,4,Food was cold on arrival.,2025-06-08
7666,17025,5,"Loved it, will order again.",2026-04-18
7667,401,5,Fresh and tasty.,2024-02-03
7668,9027,4,Portion size was small.,2026-02-02
7669,20646,4,Order was missing an item.,13/06/2026
7670,11917,5,"Great food, arrived hot!",2025-01-30
7671,9146,5,"Great food, arrived hot!",2025-05-26
7672,5023,4,Perfect as always.,2026-02-16
7673,13662,4,"Loved it, will order again.",2025-07-12
7674,15704,4,Delivery was late but food was good.,2025-02-05
7675,23293,4,Perfect as always.,2026-01-24
7676,4625,4,Fresh and tasty.,2026-04-14
7677,3871,5,Order was missing an item.,2026-04-16
7678,14060,2,Best biryani in town.,2026-04-15
7679,11400,4,Rider was polite and quick.,2025-04-19
7680,1455,4,Portion size was small.,2025-02-26
7681,12734,4,Value for money.,2026-06-06
7682,24536,4,Portion size was small.,2026-03-23
7683,3314,1,Fresh and tasty.,2026-04-10
7684,24420,5,"Loved it, will order again.",2026-05-26
7685,22915,1,Average experience.,2026-05-15
7686,3129,4,Perfect as always.,2026-03-12
7687,9339,4,Order was missing an item.,2026-05-17
7688,4688,5,Portion size was small.,2025-06-17
7689,15375,2,Food was cold on arrival.,2026-05-16
7690,22129,4,Best biryani in town.,2026-01-17
7691,20808,5,Packaging could be better.,2025-04-01
7692,11581,5,"Great food, arrived hot!",2025-09-05
7693,12604,5,Fresh and tasty.,2026-05-09
7694,6777,4,Value for money.,2024-09-29
7695,15876,5,Delivery was late but food was good.,2026-02-17
7696,5672,5,"Loved it, will order again.",2025-05-28
7697,12043,4,Value for money.,2025-02-03
7698,15439,5,"Loved it, will order again.",2025-11-07
7699,22615,4,"Great food, arrived hot!",2024-01-20
7700,21346,4,Delivery was late but food was good.,2026-06-27
7701,22493,3,"Loved it, will order again.",2026-02-26
7702,6786,4,Absolutely delicious.,2025-06-30
7703,6673,3,Would not recommend.,2025-03-30
7704,9509,3,Food was cold on arrival.,2024-05-30
7705,9224,5,Portion size was small.,2025-09-29
7706,14858,5,"Loved it, will order again.",2025-07-20
7707,11916,4,Delivery was late but food was good.,2025-01-11
7708,23109,4,Packaging could be better.,2026-05-24
7709,19323,,Rider was polite and quick.,2026-02-10
7710,6046,5,Absolutely delicious.,2024-03-27
7711,6440,5,Would not recommend.,2024-01-15
7712,22324,3,Fresh and tasty.,2025-06-29
7713,9857,5,Rider was polite and quick.,2024-10-01
7714,18435,5,Fresh and tasty.,2025-06-17
7715,18963,4,Value for money.,2026-06-15
7716,10217,4,Absolutely delicious.,2025-09-07
7717,23675,4,Delivery was late but food was good.,2026-06-26
7718,13831,5,Packaging could be better.,2025-09-09
7719,6467,2,Value for money.,2024-06-25
7720,6841,2,"Great food, arrived hot!",2025-02-25
7721,23635,5,Order was missing an item.,2026-04-21
7722,2492,4,"Loved it, will order again.",2025-08-22
7723,8014,5,Absolutely delicious.,2025-11-04
7724,6872,5,Delivery was late but food was good.,2026-06-03
7725,21318,2,Average experience.,2025-07-31
7726,19860,2,Delivery was late but food was good.,2025-08-05
7727,20324,5,Best biryani in town.,2025-01-23
7728,2222,4,"Loved it, will order again.",2026-05-29
7729,1488,4,Perfect as always.,2025-11-23
7730,18821,4,Portion size was small.,2024-11-29
7731,10419,5,"Great food, arrived hot!",2025-12-12
7732,8587,4,"Great food, arrived hot!",2026-03-04
7733,8344,4,Delivery was late but food was good.,2026-04-06
7734,7526,5,Food was cold on arrival.,2026-03-05
7735,20433,5,Average experience.,2025-09-20
7736,14085,4,Fresh and tasty.,2025-09-02
7737,1918,5,Rider was polite and quick.,2025-09-16
7738,16512,,Order was missing an item.,2025-05-23
7739,5101,1,"Loved it, will order again.",2025-12-06
7740,16942,1,Order was missing an item.,2025-12-18
7741,10246,4,Packaging could be better.,2026-06-10
7742,11284,4,Portion size was small.,2025-09-06
7743,22284,3,Packaging could be better.,2025-10-15
7744,6806,5,Perfect as always.,2024-12-29
7745,12288,4,Rider was polite and quick.,2025-07-12
7746,12647,1,Rider was polite and quick.,2026-06-04
7747,21279,5,Portion size was small.,2026-06-23
7748,16098,5,Food was cold on arrival.,2026-04-05
7749,3517,4,Portion size was small.,2024-11-18
7750,23418,3,"Loved it, will order again.",2024-11-14
7751,4283,1,Food was cold on arrival.,2025-10-05
7752,17998,4,Order was missing an item.,2026-04-28
7753,16786,4,Fresh and tasty.,2025-03-28
7754,20940,5,Packaging could be better.,2026-05-21
7755,20451,5,"Loved it, will order again.",2025-08-31
7756,19777,3,Would not recommend.,2026-05-21
7757,24733,4,"Loved it, will order again.",2024-10-16
7758,21838,5,Average experience.,2026-05-26
7759,17139,2,Delivery was late but food was good.,2024-07-23
7760,11281,4,"Great food, arrived hot!",2025-08-31
7761,17974,1,"Loved it, will order again.",2025-06-30
7762,22467,4,"Loved it, will order again.",2025-04-29
7763,19606,5,"Great food, arrived hot!",2024-11-07
7764,7557,4,Perfect as always.,2025-11-09
7765,40,4,Average experience.,2024-03-11
7766,15882,2,Average experience.,2026-01-09
7767,16665,4,"Great food, arrived hot!",2025-04-24
7768,10245,5,Value for money.,2026-02-14
7769,673,4,Portion size was small.,2026-05-13
7770,2233,,Absolutely delicious.,2026-03-02
7771,4200,1,"Loved it, will order again.",2024-07-23
7772,544,4,Perfect as always.,2025-10-29
7773,9412,,Would not recommend.,2024-10-20
7774,5050,,"Loved it, will order again.",2025-08-18
7775,11397,4,Would not recommend.,2024-01-25
7776,13432,4,Value for money.,2025-04-30
7777,7903,1,Absolutely delicious.,2026-06-17
7778,19973,5,"Loved it, will order again.",2026-04-04
7779,11043,2,Portion size was small.,2026-04-01
7780,23625,5,Would not recommend.,2024-05-06
7781,4299,2,Average experience.,2024-06-04
7782,15414,3,Food was cold on arrival.,2026-05-20
7783,6917,,Rider was polite and quick.,2025-05-18
7784,11834,5,Perfect as always.,2026-06-18
7785,2901,4,Absolutely delicious.,2026-02-14
7786,2462,4,"Great food, arrived hot!",2025-11-26
7787,2422,4,"Great food, arrived hot!",2026-06-21
7788,6915,,"Loved it, will order again.",2025-04-02
7789,22371,4,Would not recommend.,2025-09-09
7790,8207,4,Best biryani in town.,2026-03-01
7791,17762,4,Absolutely delicious.,2026-05-02
7792,24795,3,Delivery was late but food was good.,2026-04-26
7793,8903,,Order was missing an item.,2026-03-19
7794,8395,5,Order was missing an item.,2026-06-01
7795,16736,3,Food was cold on arrival.,2024-06-11
7796,23786,4,Perfect as always.,2025-11-18
7797,2775,5,Order was missing an item.,2024-12-16
7798,4160,5,Average experience.,2025-08-16
7799,17227,5,Would not recommend.,2026-06-15
7800,4841,1,Average experience.,2025-02-04
7801,1479,4,Would not recommend.,2026-04-04
7802,12303,5,Value for money.,2026-06-09
7803,15457,3,Fresh and tasty.,2025-08-02
7804,4909,5,Portion size was small.,2026-02-01
7805,887,3,Order was missing an item.,2025-09-29
7806,11292,3,Average experience.,2025-05-27
7807,21534,3,Portion size was small.,2026-06-13
7808,20768,5,Would not recommend.,2025-08-16
7809,7892,5,Delivery was late but food was good.,2026-05-24
7810,528,,"Loved it, will order again.",2024-10-01
7811,3490,3,"Loved it, will order again.",2026-06-10
7812,4622,3,Packaging could be better.,2025-01-09
7813,15002,5,Portion size was small.,2025-01-25
7814,15280,4,Value for money.,2026-06-23
7815,21403,5,Fresh and tasty.,2025-08-06
7816,23226,5,Best biryani in town.,2026-03-23
7817,5428,5,Order was missing an item.,2026-06-11
7818,21717,5,Rider was polite and quick.,2025-10-18
7819,23502,4,Portion size was small.,2025-12-18
7820,18278,5,Rider was polite and quick.,2025-03-03
7821,17665,3,Would not recommend.,2025-05-12
7822,4660,5,Food was cold on arrival.,2024-08-08
7823,3266,3,Portion size was small.,2024-10-23
7824,1051,5,Portion size was small.,2025-07-28
7825,16518,,Perfect as always.,2025-07-22
7826,8683,,Would not recommend.,2026-06-02
7827,10757,2,Rider was polite and quick.,2026-05-26
7828,10871,4,Fresh and tasty.,2025-09-17
7829,7379,4,Value for money.,2026-05-08
7830,8352,5,Best biryani in town.,2025-02-12
7831,816,3,"Loved it, will order again.",2026-01-05
7832,23518,4,"Great food, arrived hot!",2026-02-02
7833,11643,4,Would not recommend.,2026-04-02
7834,2069,4,Packaging could be better.,2025-10-09
7835,6739,5,Delivery was late but food was good.,2025-07-25
7836,10850,4,Food was cold on arrival.,2026-03-02
7837,388,2,Food was cold on arrival.,2024-11-18
7838,5951,3,"Loved it, will order again.",2025-10-20
7839,17533,4,"Great food, arrived hot!",2025-10-11
7840,21806,5,Best biryani in town.,2026-05-31
7841,10520,4,Packaging could be better.,2025-06-28
7842,7001,,Packaging could be better.,2025-12-19
7843,9219,4,Best biryani in town.,2025-05-14
7844,14226,3,Order was missing an item.,2025-12-31
7845,12651,5,Would not recommend.,2025-07-24
7846,6562,5,Would not recommend.,2025-08-13
7847,10078,5,"Loved it, will order again.",2025-05-15
7848,5521,5,Absolutely delicious.,2026-01-05
7849,18225,5,Packaging could be better.,2024-04-15
7850,6505,3,Average experience.,2026-02-06
7851,14865,5,"Loved it, will order again.",2025-12-18
7852,22936,5,Food was cold on arrival.,2024-12-29
7853,2073,5,Value for money.,2025-01-29
7854,12679,5,Portion size was small.,2025-12-13
7855,12908,2,Absolutely delicious.,2025-05-10
7856,13805,4,Portion size was small.,2026-03-05
7857,24131,5,Order was missing an item.,2025-08-03
7858,15339,5,Rider was polite and quick.,2025-12-25
7859,1806,2,Packaging could be better.,2026-03-21
7860,11955,2,Delivery was late but food was good.,2025-07-15
7861,4273,4,Fresh and tasty.,2026-05-31
7862,4016,5,Rider was polite and quick.,2026-01-07
7863,7846,2,Absolutely delicious.,2026-02-10
7864,24817,4,Absolutely delicious.,2026-04-25
7865,9243,5,Portion size was small.,2025-01-21
7866,9485,,Best biryani in town.,2024-10-26
7867,4138,1,Best biryani in town.,2024-08-21
7868,23116,1,Value for money.,2026-03-20
7869,5659,5,Rider was polite and quick.,2026-05-23
7870,11686,2,"Great food, arrived hot!",2026-05-27
7871,23156,3,Would not recommend.,2024-11-05
7872,12227,,Perfect as always.,2026-02-02
7873,2638,4,Perfect as always.,2025-08-30
7874,23653,3,Average experience.,2024-02-07
7875,22977,4,Absolutely delicious.,2026-06-21
7876,930,4,Fresh and tasty.,2024-11-05
7877,21653,5,Food was cold on arrival.,2026-03-10
7878,297,4,Food was cold on arrival.,2025-06-03
7879,13233,1,Average experience.,2025-01-17
7880,15941,5,Food was cold on arrival.,2026-06-26
7881,14262,4,Value for money.,2026-05-18
7882,20316,3,Food was cold on arrival.,2024-05-04
7883,15118,3,Delivery was late but food was good.,2026-03-12
7884,12166,3,Perfect as always.,2026-04-27
7885,11351,4,"Great food, arrived hot!",2025-09-16
7886,8738,3,Best biryani in town.,2024-03-25
7887,9579,5,Food was cold on arrival.,2025-05-01
7888,9991,4,Delivery was late but food was good.,2025-04-30
7889,10923,5,Fresh and tasty.,2025-08-11
7890,12062,3,Value for money.,04/07/2024
7891,24274,4,Order was missing an item.,2024-05-22
7892,1284,5,Fresh and tasty.,2026-02-13
7893,23973,4,Order was missing an item.,2026-03-01
7894,1754,2,Rider was polite and quick.,2025-05-11
7895,6761,5,Order was missing an item.,2026-02-24
7896,2048,3,Absolutely delicious.,2025-01-31
7897,14315,4,Rider was polite and quick.,2025-03-26
7898,8977,2,Rider was polite and quick.,2024-04-14
7899,11060,4,Fresh and tasty.,2025-02-13
7900,9419,5,Perfect as always.,2026-02-04
7901,22193,5,Portion size was small.,2026-05-22
7902,24507,5,Rider was polite and quick.,2025-12-25
7903,6839,3,Delivery was late but food was good.,2025-08-03
7904,21474,3,Would not recommend.,2026-04-18
7905,13694,5,Average experience.,2024-05-02
7906,14902,5,Fresh and tasty.,2024-08-11
7907,3062,3,Absolutely delicious.,2025-03-14
7908,23940,,Portion size was small.,2025-06-28
7909,21358,4,Absolutely delicious.,2025-04-08
7910,16751,5,Fresh and tasty.,2025-01-04
7911,19015,4,Perfect as always.,2024-11-11
7912,4629,4,Order was missing an item.,2026-05-02
7913,9025,,Packaging could be better.,2025-03-30
7914,5233,4,Absolutely delicious.,2026-06-10
7915,3682,4,Packaging could be better.,2026-01-08
7916,14015,5,Food was cold on arrival.,2025-06-17
7917,24226,5,Fresh and tasty.,2025-08-13
7918,6013,5,Average experience.,2026-02-07
7919,24421,5,Fresh and tasty.,2026-05-25
7920,13767,4,Order was missing an item.,2026-01-11
7921,17760,4,Value for money.,2026-01-03
7922,7994,3,"Great food, arrived hot!",2025-10-07
7923,21510,1,Average experience.,2025-10-22
7924,24627,4,Would not recommend.,2025-09-21
7925,4312,4,Value for money.,2025-10-08
7926,18623,4,Packaging could be better.,2026-05-04
7927,4569,4,Food was cold on arrival.,2024-05-28
7928,11333,4,Rider was polite and quick.,2026-06-12
7929,16623,5,Best biryani in town.,2026-06-05
7930,18576,1,Absolutely delicious.,2024-11-26
7931,21446,1,Food was cold on arrival.,2026-05-09
7932,12016,5,Food was cold on arrival.,2024-08-09
7933,16772,5,Packaging could be better.,2026-04-05
7934,14962,5,Order was missing an item.,2024-12-14
7935,1212,2,Portion size was small.,2024-07-07
7936,3637,5,Value for money.,2025-11-09
7937,4046,5,Perfect as always.,2026-02-03
7938,6880,5,Best biryani in town.,2026-06-03
7939,23393,5,"Great food, arrived hot!",2026-01-25
7940,24183,5,Order was missing an item.,2025-11-15
7941,2247,5,"Loved it, will order again.",2026-06-12
7942,2445,5,"Loved it, will order again.",2026-03-15
7943,4186,1,Value for money.,2024-05-19
7944,2408,4,"Loved it, will order again.",2024-03-07
7945,24883,4,Delivery was late but food was good.,2025-09-10
7946,3887,2,Perfect as always.,2026-03-04
7947,13584,3,Value for money.,2026-01-25
7948,18764,3,Rider was polite and quick.,2025-11-30
7949,24487,4,Delivery was late but food was good.,2025-04-24
7950,3654,3,Order was missing an item.,2026-05-24
7951,23790,5,Rider was polite and quick.,2025-08-20
7952,5504,4,"Loved it, will order again.",2026-02-21
7953,12394,5,Delivery was late but food was good.,2026-03-31
7954,1799,5,Value for money.,2025-12-20
7955,24994,5,Absolutely delicious.,2025-06-24
7956,2129,,Would not recommend.,2025-11-09
7957,1525,5,Average experience.,2026-03-31
7958,11500,5,"Loved it, will order again.",2024-06-28
7959,823,4,Value for money.,2025-03-14
7960,23090,2,"Great food, arrived hot!",2025-08-04
7961,20407,4,Food was cold on arrival.,2026-06-12
7962,10990,5,Average experience.,2024-04-15
7963,17411,2,Food was cold on arrival.,2026-04-04
7964,19500,3,Best biryani in town.,2025-07-28
7965,19233,4,Rider was polite and quick.,2026-04-05
7966,4902,4,Rider was polite and quick.,2026-04-14
7967,19688,5,Fresh and tasty.,2025-11-01
7968,2005,4,Would not recommend.,2025-10-21
7969,5122,2,Best biryani in town.,2025-09-29
7970,6144,5,Portion size was small.,2025-08-01
7971,8277,4,Portion size was small.,2026-06-11
7972,24380,2,Best biryani in town.,2026-03-11
7973,1833,4,Best biryani in town.,2025-08-25
7974,884,4,Perfect as always.,2024-09-29
7975,6897,5,"Great food, arrived hot!",2025-12-20
7976,12725,4,Average experience.,2026-02-19
7977,5383,4,Food was cold on arrival.,05/05/2026
7978,16349,4,Order was missing an item.,2026-06-10
7979,4885,5,Value for money.,2025-07-09
7980,23014,3,"Loved it, will order again.",2025-10-02
7981,21673,5,Best biryani in town.,2026-02-04
7982,4545,3,"Loved it, will order again.",2025-05-29
7983,24057,3,Absolutely delicious.,2025-09-11
7984,8993,,Would not recommend.,2025-08-31
7985,12317,4,Fresh and tasty.,2026-06-13
7986,7593,5,Order was missing an item.,2026-06-20
7987,7237,4,Packaging could be better.,2025-10-18
7988,9361,3,Fresh and tasty.,2026-04-24
7989,21204,3,Food was cold on arrival.,2025-05-26
7990,6993,5,Fresh and tasty.,2025-05-17
7991,11160,5,Rider was polite and quick.,2026-05-24
7992,20632,2,Delivery was late but food was good.,2025-03-29
7993,22365,4,Average experience.,2024-12-10
7994,1449,2,Would not recommend.,2025-08-20
7995,333,5,Food was cold on arrival.,2026-06-03
7996,13672,5,Would not recommend.,2025-10-18
7997,842,4,Average experience.,2026-05-18
7998,4544,1,Best biryani in town.,2026-04-13
7999,6929,3,Food was cold on arrival.,2026-02-18
8000,1174,5,Rider was polite and quick.,2025-06-29
8001,17742,4,"Loved it, will order again.",2026-02-05
8002,23603,5,"Loved it, will order again.",2026-03-12
8003,13692,4,Absolutely delicious.,2026-05-10
8004,17750,2,Absolutely delicious.,2026-01-23
8005,5970,,Order was missing an item.,2025-04-28
8006,16099,5,Fresh and tasty.,2025-04-01
8007,9853,5,"Loved it, will order again.",2025-07-16
8008,5784,1,Rider was polite and quick.,2026-02-15
8009,20237,3,Absolutely delicious.,2026-01-02
8010,6751,4,Would not recommend.,2026-02-23
8011,20465,4,Best biryani in town.,2024-07-29
8012,2114,,"Great food, arrived hot!",2026-04-02
8013,10543,5,Fresh and tasty.,2026-03-31
8014,5718,4,"Loved it, will order again.",2025-04-11
8015,10420,5,Perfect as always.,2026-04-04
8016,23970,5,Fresh and tasty.,2025-12-05
8017,6766,4,Rider was polite and quick.,2026-05-10
8018,14394,4,Average experience.,2025-06-27
8019,20099,5,Perfect as always.,2024-12-14
8020,17653,5,Order was missing an item.,2025-01-25
8021,11095,,Delivery was late but food was good.,2026-05-18
8022,18786,4,"Great food, arrived hot!",2025-11-04
8023,11707,4,Portion size was small.,2026-01-05
8024,23637,4,Best biryani in town.,2024-10-28
8025,4893,3,Best biryani in town.,2024-10-21
8026,6758,4,Average experience.,2026-06-26
8027,11402,1,Perfect as always.,2026-03-19
8028,24944,3,Delivery was late but food was good.,2026-03-04
8029,13820,4,Would not recommend.,2026-03-20
8030,13042,5,Order was missing an item.,2026-06-20
8031,7062,4,Order was missing an item.,2026-05-31
8032,11067,3,Packaging could be better.,2026-02-04
8033,3393,4,Portion size was small.,2026-03-28
8034,4411,5,Delivery was late but food was good.,2026-03-14
8035,19921,2,"Great food, arrived hot!",2026-06-28
8036,12614,2,Absolutely delicious.,2025-07-07
8037,10485,2,Packaging could be better.,2026-05-20
8038,13689,5,Rider was polite and quick.,2024-10-23
8039,13411,5,"Loved it, will order again.",2026-04-27
8040,12542,1,Order was missing an item.,2025-08-15
8041,1550,4,Food was cold on arrival.,2026-01-19
8042,20238,5,Packaging could be better.,2026-03-22
8043,22798,4,Would not recommend.,2026-01-09
8044,4775,4,"Great food, arrived hot!",2026-01-08
8045,3748,5,Value for money.,2026-04-04
8046,20520,3,Order was missing an item.,2025-11-10
8047,12745,,"Loved it, will order again.",2025-04-23
8048,12751,1,Perfect as always.,2026-03-16
8049,19713,4,Delivery was late but food was good.,2026-07-03
8050,17612,4,Value for money.,2025-08-18
8051,17333,5,Rider was polite and quick.,2024-06-18
8052,6789,2,Delivery was late but food was good.,2026-02-09
8053,5744,5,Absolutely delicious.,2026-06-30
8054,15207,5,"Loved it, will order again.",2026-04-27
8055,24240,5,Fresh and tasty.,2024-12-08
8056,4501,3,Delivery was late but food was good.,2026-02-10
8057,12402,3,"Loved it, will order again.",2026-06-24
8058,8653,1,Would not recommend.,2024-03-26
8059,4565,5,Delivery was late but food was good.,2024-03-01
8060,4631,5,Value for money.,2026-02-01
8061,11697,4,Absolutely delicious.,2025-06-29
8062,4905,3,Fresh and tasty.,2026-04-20
8063,8928,4,Rider was polite and quick.,2025-06-06
8064,6741,4,Would not recommend.,2025-12-16
8065,9458,5,"Great food, arrived hot!",2026-01-26
8066,6095,3,Would not recommend.,2025-12-17
8067,14099,5,Order was missing an item.,2026-05-08
8068,18274,4,Value for money.,2025-03-25
8069,1271,5,Delivery was late but food was good.,2026-01-27
8070,17655,4,Would not recommend.,2026-05-07
8071,23387,3,"Loved it, will order again.",2026-01-20
8072,6494,4,Fresh and tasty.,2026-04-11
8073,12384,2,Fresh and tasty.,2026-04-05
8074,9265,5,"Great food, arrived hot!",2025-09-08
8075,5565,2,Rider was polite and quick.,2025-06-23
8076,15077,5,"Great food, arrived hot!",2026-05-05
8077,24662,2,Fresh and tasty.,2025-10-23
8078,9715,5,Food was cold on arrival.,2026-07-06
8079,22082,4,Best biryani in town.,2026-05-06
8080,7103,1,"Loved it, will order again.",2025-06-26
8081,18481,4,Delivery was late but food was good.,2024-12-04
8082,326,2,Value for money.,2026-04-29
8083,15737,5,Absolutely delicious.,2026-01-21
8084,3731,2,Rider was polite and quick.,2026-04-02
8085,2268,4,Absolutely delicious.,2026-02-06
8086,779,4,Best biryani in town.,2026-01-13
8087,17336,4,Fresh and tasty.,2026-02-18
8088,8067,4,Value for money.,2025-12-10
8089,11082,3,Would not recommend.,2025-10-04
8090,15708,5,Absolutely delicious.,2025-06-03
8091,17577,4,Delivery was late but food was good.,2025-10-15
8092,10731,4,Perfect as always.,2025-12-11
8093,3016,3,Rider was polite and quick.,2026-02-22
8094,1739,4,Best biryani in town.,2026-04-24
8095,20129,5,Best biryani in town.,2026-06-15
8096,20786,4,Would not recommend.,2026-04-23
8097,1938,2,Rider was polite and quick.,2025-12-10
8098,22774,5,Absolutely delicious.,2025-12-30
8099,8868,4,Rider was polite and quick.,2025-07-24
8100,4774,5,Packaging could be better.,07/07/2026
8101,19415,4,Order was missing an item.,2024-02-06
8102,1548,5,Rider was polite and quick.,2024-10-17
8103,21367,4,"Loved it, will order again.",2026-02-28
8104,15758,5,Perfect as always.,2026-04-22
8105,12983,5,Would not recommend.,2025-09-11
8106,3130,3,Portion size was small.,2025-10-29
8107,20464,3,Fresh and tasty.,2026-04-27
8108,8644,5,Fresh and tasty.,2026-07-09
8109,12723,4,Food was cold on arrival.,2025-10-16
8110,16506,5,Value for money.,2025-01-22
8111,22624,4,Value for money.,2024-03-13
8112,15225,3,Fresh and tasty.,2025-05-07
8113,16780,4,Food was cold on arrival.,2026-03-18
8114,21125,3,Delivery was late but food was good.,2026-02-09
8115,22763,5,"Loved it, will order again.",2025-08-24
8116,24100,5,Average experience.,2024-10-09
8117,24521,4,"Loved it, will order again.",2025-12-29
8118,24590,5,Value for money.,2025-06-30
8119,209,1,Best biryani in town.,2025-08-25
8120,7207,5,Perfect as always.,2026-05-15
8121,24853,2,Delivery was late but food was good.,2025-11-07
8122,23597,4,Absolutely delicious.,2026-05-16
8123,21927,5,Average experience.,2026-02-13
8124,3121,4,Fresh and tasty.,2026-02-03
8125,10199,5,Rider was polite and quick.,2026-04-24
8126,10566,5,Fresh and tasty.,2025-07-20
8127,12142,3,Packaging could be better.,2025-03-05
8128,6583,5,Average experience.,2024-05-20
8129,12518,5,Portion size was small.,2026-01-06
8130,15497,,Packaging could be better.,2026-05-18
8131,21632,5,Food was cold on arrival.,2024-07-28
8132,18972,5,Rider was polite and quick.,2026-02-27
8133,14769,3,Would not recommend.,2024-03-08
8134,21775,4,Food was cold on arrival.,2025-12-06
8135,7366,4,"Loved it, will order again.",2025-11-13
8136,18835,4,Portion size was small.,2026-06-03
8137,15623,4,Would not recommend.,2025-05-15
8138,10882,5,Average experience.,08/28/2025
8139,9519,4,"Loved it, will order again.",2025-11-17
8140,5580,3,Value for money.,2025-08-18
8141,12407,5,Would not recommend.,2026-06-10
8142,2334,4,Would not recommend.,2025-02-20
8143,21306,2,Absolutely delicious.,2025-07-24
8144,11600,2,Perfect as always.,2026-04-29
8145,18863,5,Food was cold on arrival.,2026-01-11
8146,10453,5,Value for money.,2025-07-13
8147,11447,5,Portion size was small.,2024-02-06
8148,17300,4,Value for money.,2025-06-13
8149,21211,1,Average experience.,2024-10-27
8150,83,4,Average experience.,2026-04-16
8151,19313,4,Food was cold on arrival.,2026-02-04
8152,24372,3,Best biryani in town.,2024-05-13
8153,20042,5,Order was missing an item.,2025-11-12
8154,13442,2,Packaging could be better.,2026-04-25
8155,22247,5,Would not recommend.,2025-10-11
8156,6658,3,Delivery was late but food was good.,2025-05-27
8157,23230,5,Rider was polite and quick.,2024-12-17
8158,4404,4,Best biryani in town.,2026-02-19
8159,13877,2,Would not recommend.,2025-08-30
8160,6651,5,Packaging could be better.,2025-06-04
8161,12403,4,Average experience.,2026-02-07
8162,18309,5,Absolutely delicious.,2025-11-13
8163,2952,5,Best biryani in town.,2026-05-01
8164,6633,5,Perfect as always.,2025-05-02
8165,13522,2,Packaging could be better.,2026-06-01
8166,5906,4,Packaging could be better.,2026-07-05
8167,1330,3,Delivery was late but food was good.,2025-03-07
8168,21024,4,"Loved it, will order again.",2025-12-31
8169,5276,3,Portion size was small.,2026-06-21
8170,20065,,Delivery was late but food was good.,2026-04-23
8171,17792,3,Fresh and tasty.,2026-06-25
8172,15671,3,Absolutely delicious.,2025-12-28
8173,11113,4,"Great food, arrived hot!",2026-06-16
8174,11807,5,Food was cold on arrival.,2025-01-13
8175,17675,3,Perfect as always.,2024-11-05
8176,2026,4,Average experience.,2025-04-16
8177,10227,3,Absolutely delicious.,2026-02-06
8178,17187,,Food was cold on arrival.,2025-10-31
8179,14101,3,Food was cold on arrival.,2026-07-08
8180,4755,5,Food was cold on arrival.,2025-12-14
8181,10376,5,Perfect as always.,2026-05-16
8182,13917,4,Would not recommend.,2026-01-22
8183,24749,4,Order was missing an item.,2026-03-05
8184,137,5,Fresh and tasty.,2026-04-17
8185,18940,5,Average experience.,2026-03-13
8186,10560,4,"Great food, arrived hot!",2024-08-26
8187,17748,5,Packaging could be better.,2025-05-29
8188,2628,5,Food was cold on arrival.,2025-12-11
8189,4265,4,Best biryani in town.,2025-06-26
8190,9663,2,Packaging could be better.,2026-04-27
8191,17903,,Portion size was small.,2026-06-29
8192,3446,5,Delivery was late but food was good.,2026-04-19
8193,18583,5,Rider was polite and quick.,2026-02-17
8194,23097,4,Delivery was late but food was good.,2026-01-24
8195,9767,4,Average experience.,2026-06-04
8196,23107,5,Portion size was small.,2025-09-30
8197,14782,5,Perfect as always.,2026-04-07
8198,7506,5,Best biryani in town.,2024-04-12
8199,8598,,Absolutely delicious.,2024-07-06
8200,4904,4,Average experience.,2026-05-12
8201,21130,4,Fresh and tasty.,2026-03-08
8202,22830,4,Would not recommend.,2025-03-01
8203,22030,5,Fresh and tasty.,2026-04-11
8204,2457,4,"Great food, arrived hot!",2025-07-18
8205,10007,5,Portion size was small.,2024-08-03
8206,15288,4,Order was missing an item.,2025-06-25
8207,8237,5,Rider was polite and quick.,2025-12-10
8208,13083,2,Portion size was small.,2026-06-13
8209,4210,4,Fresh and tasty.,2026-02-10
8210,23771,3,Order was missing an item.,2025-02-14
8211,12772,5,Order was missing an item.,2024-03-12
8212,20168,5,Order was missing an item.,2026-05-22
8213,17805,5,Value for money.,2025-10-03
8214,6340,4,Value for money.,2026-04-02
8215,21798,5,Rider was polite and quick.,2025-07-26
8216,10564,4,Food was cold on arrival.,2025-11-08
8217,15761,4,Best biryani in town.,2024-10-05
8218,20064,3,Average experience.,2026-03-03
8219,18333,2,Would not recommend.,2024-04-21
8220,24079,5,Perfect as always.,2025-03-08
8221,5506,4,Average experience.,2026-06-05
8222,21553,4,Rider was polite and quick.,2025-07-31
8223,1792,4,Best biryani in town.,2026-04-03
8224,22966,2,Delivery was late but food was good.,2026-06-17
8225,16320,5,Perfect as always.,2026-05-06
8226,9311,4,Would not recommend.,2026-02-11
8227,4732,4,Fresh and tasty.,2025-05-10
8228,6461,5,Food was cold on arrival.,2025-10-24
8229,13545,4,Fresh and tasty.,2026-03-11
8230,7734,2,Rider was polite and quick.,2025-03-27
8231,24903,5,Portion size was small.,2026-01-03
8232,23860,1,Perfect as always.,2026-06-27
8233,15666,1,Absolutely delicious.,2026-05-04
8234,15912,2,"Loved it, will order again.",2026-01-24
8235,23948,4,Food was cold on arrival.,2025-04-15
8236,1067,4,Packaging could be better.,2025-03-03
8237,23127,4,Order was missing an item.,2024-07-22
8238,21476,5,Food was cold on arrival.,2025-04-21
8239,7439,5,Value for money.,2026-01-26
8240,16939,5,Would not recommend.,2025-03-22
8241,4549,5,Absolutely delicious.,2026-01-01
8242,18,4,Average experience.,2026-03-24
8243,1925,5,Fresh and tasty.,2025-08-15
8244,3764,3,Food was cold on arrival.,2025-01-30
8245,5719,4,Delivery was late but food was good.,2025-05-03
8246,13665,,Perfect as always.,2026-01-13
8247,23974,5,Value for money.,2026-06-25
8248,3089,4,Delivery was late but food was good.,2024-10-26
8249,14199,5,Delivery was late but food was good.,2026-02-06
8250,24840,5,Packaging could be better.,2026-06-05
8251,19330,1,Delivery was late but food was good.,2025-07-11
8252,10117,5,"Loved it, will order again.",2025-04-14
8253,4183,3,Packaging could be better.,2025-12-20
8254,5919,4,Portion size was small.,2026-05-09
8255,24184,3,Packaging could be better.,2026-02-17
8256,19730,2,Packaging could be better.,2025-09-26
8257,2368,4,Best biryani in town.,2025-09-05
8258,18779,5,Portion size was small.,2026-03-14
8259,8580,5,Food was cold on arrival.,2026-05-29
8260,8182,3,"Great food, arrived hot!",2025-09-05
8261,2812,3,Packaging could be better.,2026-06-07
8262,17572,,"Loved it, will order again.",2024-06-20
8263,14332,,Packaging could be better.,2026-06-27
8264,7872,5,Best biryani in town.,2026-03-14
8265,4132,2,"Loved it, will order again.",2024-10-08
8266,24318,3,Order was missing an item.,2025-10-07
8267,16600,5,Food was cold on arrival.,2025-06-20
8268,5781,4,Order was missing an item.,2025-08-25
8269,22103,4,Delivery was late but food was good.,2025-10-16
8270,16675,5,Order was missing an item.,2024-09-29
8271,4113,4,Order was missing an item.,2025-09-12
8272,20592,5,Absolutely delicious.,2024-11-06
8273,16647,,Food was cold on arrival.,2026-06-09
8274,16935,4,Rider was polite and quick.,2025-06-15
8275,9838,5,Best biryani in town.,2026-06-11
8276,7142,,Absolutely delicious.,2024-08-26
8277,15808,5,"Loved it, will order again.",2026-05-05
8278,4940,,Would not recommend.,2026-03-18
8279,9498,3,Food was cold on arrival.,2026-01-21
8280,12761,5,Fresh and tasty.,2025-02-24
8281,5517,5,Portion size was small.,2026-02-24
8282,7261,4,Order was missing an item.,2024-12-27
8283,12804,4,Absolutely delicious.,2025-06-10
8284,5390,4,Delivery was late but food was good.,2025-03-09
8285,5574,5,Value for money.,02/28/2026
8286,23887,5,Average experience.,2026-02-19
8287,9585,5,Packaging could be better.,2025-03-13
8288,9220,1,Value for money.,2024-09-19
8289,13304,4,Food was cold on arrival.,2024-12-07
8290,4080,4,"Great food, arrived hot!",2025-07-30
8291,5870,5,Best biryani in town.,2026-05-09
8292,18543,4,Perfect as always.,2025-09-17
8293,14521,4,Best biryani in town.,2026-06-26
8294,16423,4,Value for money.,2025-08-07
8295,1634,5,Food was cold on arrival.,2026-06-28
8296,7102,4,Would not recommend.,2025-02-11
8297,1624,4,Packaging could be better.,2024-05-04
8298,8897,5,Average experience.,2025-05-09
8299,18630,5,Order was missing an item.,2026-01-19
8300,21777,3,Rider was polite and quick.,2025-03-03
8301,4434,3,Value for money.,2025-09-10
8302,2392,4,Best biryani in town.,2025-06-06
8303,16476,4,Packaging could be better.,2025-10-10
8304,4561,4,Fresh and tasty.,2025-04-16
8305,2207,5,Portion size was small.,2025-08-15
8306,23735,4,Fresh and tasty.,2025-12-05
8307,20233,3,Delivery was late but food was good.,2024-12-23
8308,5650,2,Best biryani in town.,2024-06-04
8309,10530,5,Rider was polite and quick.,2026-05-13
8310,15860,4,Perfect as always.,2026-03-01
8311,12013,4,Food was cold on arrival.,2024-12-08
8312,7063,3,Absolutely delicious.,2025-08-01
8313,10169,5,"Loved it, will order again.",2024-06-07
8314,8179,4,Rider was polite and quick.,2025-04-30
8315,19644,5,Packaging could be better.,2024-08-24
8316,6702,5,Delivery was late but food was good.,2025-10-07
8317,21301,4,Fresh and tasty.,2025-05-31
8318,19543,5,Would not recommend.,2025-07-15
8319,19821,3,Best biryani in town.,2026-05-20
8320,2394,4,Absolutely delicious.,2026-02-22
8321,15437,5,Best biryani in town.,2026-06-27
8322,16479,4,"Loved it, will order again.",2025-11-17
8323,6014,5,Value for money.,2026-03-19
8324,19076,5,Delivery was late but food was good.,2025-05-25
8325,11356,4,Best biryani in town.,2025-11-21
8326,22291,4,"Great food, arrived hot!",2026-01-06
8327,11078,4,Value for money.,2025-03-29
8328,6688,5,Value for money.,2025-02-02
8329,1468,4,Fresh and tasty.,2025-03-09
8330,23112,5,Rider was polite and quick.,2025-12-15
8331,246,4,"Loved it, will order again.",2026-04-23
8332,12006,5,Portion size was small.,2024-07-17
8333,24024,3,Absolutely delicious.,2025-09-22
8334,19703,3,Order was missing an item.,2025-02-02
8335,9922,3,Portion size was small.,2026-01-10
8336,20508,1,Absolutely delicious.,2025-10-10
8337,2032,5,"Great food, arrived hot!",2025-07-28
8338,8492,3,"Loved it, will order again.",2024-06-16
8339,21134,2,"Great food, arrived hot!",2024-12-11
8340,13175,4,Portion size was small.,2025-07-19
8341,24471,3,Rider was polite and quick.,2024-10-20
8342,12937,5,Delivery was late but food was good.,2026-02-25
8343,9589,3,Absolutely delicious.,2026-02-24
8344,21495,3,Best biryani in town.,2026-05-27
8345,21640,4,Portion size was small.,2026-03-04
8346,21292,4,"Loved it, will order again.",2026-07-06
8347,5997,1,Average experience.,2024-09-03
8348,4586,4,Perfect as always.,2026-05-08
8349,571,5,Perfect as always.,2024-12-26
8350,10220,4,Absolutely delicious.,2026-02-23
8351,651,,Delivery was late but food was good.,2024-03-25
8352,14417,4,Value for money.,2026-06-14
8353,13501,5,Packaging could be better.,2025-03-23
8354,24032,5,Absolutely delicious.,2026-05-17
8355,15743,5,Best biryani in town.,2024-02-12
8356,12640,5,Portion size was small.,2024-06-23
8357,8646,4,Packaging could be better.,2026-01-07
8358,9869,5,Average experience.,2024-11-03
8359,11499,,Portion size was small.,2025-09-30
8360,19164,,"Great food, arrived hot!",2026-06-06
8361,19743,5,Perfect as always.,2025-09-01
8362,2373,2,Would not recommend.,2026-06-11
8363,1797,,Order was missing an item.,2025-11-16
8364,20363,5,Best biryani in town.,2025-09-12
8365,18517,4,Absolutely delicious.,2026-01-02
8366,389,5,Absolutely delicious.,2025-01-01
8367,18510,5,Perfect as always.,2025-09-27
8368,12503,3,"Great food, arrived hot!",2025-11-18
8369,23157,5,Food was cold on arrival.,2025-06-21
8370,12887,5,Order was missing an item.,2026-05-01
8371,18268,2,Food was cold on arrival.,2026-03-08
8372,21492,,Order was missing an item.,2025-11-16
8373,21074,4,Order was missing an item.,2025-10-19
8374,9789,5,Order was missing an item.,2025-09-17
8375,3599,3,Food was cold on arrival.,2026-04-16
8376,2765,4,Packaging could be better.,2025-10-18
8377,2562,5,Would not recommend.,2026-05-27
8378,1100,3,Rider was polite and quick.,2024-06-28
8379,12263,,Best biryani in town.,2026-03-15
8380,1902,5,Portion size was small.,2025-10-06
8381,21393,5,Food was cold on arrival.,2026-04-19
8382,14040,4,Best biryani in town.,2024-12-30
8383,10780,5,Fresh and tasty.,2025-10-12
8384,17962,4,Would not recommend.,2025-01-21
8385,793,3,Food was cold on arrival.,2025-07-27
8386,8399,4,Order was missing an item.,2025-05-20
8387,6790,4,Best biryani in town.,2026-05-17
8388,24004,5,Fresh and tasty.,2026-04-27
8389,22492,3,Packaging could be better.,2025-06-15
8390,18384,3,Perfect as always.,2026-03-04
8391,3730,4,"Loved it, will order again.",2025-11-29
8392,6012,5,Absolutely delicious.,2026-05-07
8393,14896,4,Best biryani in town.,2025-09-28
8394,12862,4,Food was cold on arrival.,2026-06-12
8395,4932,3,Rider was polite and quick.,2025-12-20
8396,1282,2,Food was cold on arrival.,2025-09-25
8397,23533,5,Value for money.,2026-02-07
8398,15717,4,Rider was polite and quick.,2025-09-21
8399,20267,3,Rider was polite and quick.,2025-11-20
8400,13324,1,Value for money.,2026-04-21
8401,22650,5,Average experience.,2026-04-25
8402,22846,,Delivery was late but food was good.,2026-06-15
8403,17288,,Packaging could be better.,2026-05-10
8404,2044,,Food was cold on arrival.,2025-12-24
8405,2695,5,Perfect as always.,2025-12-17
8406,16965,5,Fresh and tasty.,2024-11-11
8407,271,5,"Great food, arrived hot!",2025-03-17
8408,12910,3,Value for money.,2025-08-14
8409,10332,5,"Great food, arrived hot!",2025-07-17
8410,15317,5,Best biryani in town.,2025-09-06
8411,19752,4,Order was missing an item.,2026-04-28
8412,14163,4,Rider was polite and quick.,2026-01-17
8413,3321,4,Value for money.,2025-06-27
8414,5193,3,Perfect as always.,2025-03-18
8415,20440,5,Absolutely delicious.,2024-06-11
8416,4432,4,Perfect as always.,2026-04-06
8417,12573,4,Fresh and tasty.,2025-11-06
8418,3079,5,Portion size was small.,2026-03-10
8419,6520,5,Delivery was late but food was good.,2025-11-09
8420,1438,,Perfect as always.,2025-09-23
8421,8994,5,Packaging could be better.,2025-02-12
8422,5553,5,Best biryani in town.,2026-04-13
8423,18213,5,Absolutely delicious.,2025-05-23
8424,19742,4,Order was missing an item.,2026-06-28
8425,20907,5,Order was missing an item.,2024-02-29
8426,4426,1,Portion size was small.,2025-02-26
8427,4104,5,Fresh and tasty.,2025-07-31
8428,662,5,Average experience.,2025-04-09
8429,9151,4,Rider was polite and quick.,2026-04-23
8430,24980,4,Rider was polite and quick.,2026-02-21
8431,1429,5,"Great food, arrived hot!",2025-12-23
8432,17092,5,Perfect as always.,2025-12-12
8433,24907,1,"Great food, arrived hot!",2026-03-22
8434,18706,,"Loved it, will order again.",06/27/2026
8435,9629,4,Best biryani in town.,2024-07-25
8436,17853,4,"Loved it, will order again.",2026-06-30
8437,19016,4,Value for money.,2024-04-01
8438,21700,5,Perfect as always.,2026-05-04
8439,1796,3,"Loved it, will order again.",2025-04-17
8440,6204,5,Would not recommend.,2025-08-26
8441,19820,,Fresh and tasty.,2026-04-30
8442,3154,3,Delivery was late but food was good.,2026-03-19
8443,18504,5,Portion size was small.,2026-02-03
8444,17939,3,Average experience.,2025-07-08
8445,22517,5,Fresh and tasty.,2026-03-10
8446,12050,4,"Loved it, will order again.",2026-02-13
8447,7068,4,Portion size was small.,2024-12-09
8448,7132,5,Food was cold on arrival.,2026-06-27
8449,9246,5,Average experience.,2026-03-05
8450,6216,2,Order was missing an item.,2026-05-25
8451,6067,3,Portion size was small.,09/06/2026
8452,21000,5,"Great food, arrived hot!",2026-06-28
8453,18616,2,Would not recommend.,2025-11-30
8454,19277,5,Value for money.,2025-05-27
8455,21095,4,Rider was polite and quick.,2025-03-02
8456,3328,2,Best biryani in town.,2024-11-07
8457,5552,4,Delivery was late but food was good.,2025-11-23
8458,2745,1,Delivery was late but food was good.,2025-09-17
8459,2004,2,Order was missing an item.,2026-05-20
8460,14653,4,Absolutely delicious.,2026-04-06
8461,5797,1,"Loved it, will order again.",2025-07-30
8462,13847,4,Portion size was small.,2025-07-14
8463,20013,3,"Loved it, will order again.",2026-05-26
8464,2109,4,Average experience.,2026-03-08
8465,10200,2,Order was missing an item.,2025-05-29
8466,13635,5,Fresh and tasty.,2026-01-30
8467,968,5,Food was cold on arrival.,2026-01-12
8468,7446,5,Rider was polite and quick.,2026-05-03
8469,5843,4,Fresh and tasty.,2025-06-07
8470,17135,1,"Great food, arrived hot!",2025-03-05
8471,1610,3,Food was cold on arrival.,2024-10-06
8472,7938,3,Order was missing an item.,2024-08-01
8473,24228,4,Perfect as always.,2025-07-13
8474,23263,4,"Great food, arrived hot!",12/24/2024
8475,8165,4,Delivery was late but food was good.,2026-05-23
8476,11024,4,Absolutely delicious.,2026-05-15
8477,24958,5,Perfect as always.,2026-04-29
8478,19595,4,Delivery was late but food was good.,2026-03-30
8479,11527,2,Best biryani in town.,2024-08-11
8480,12295,5,"Great food, arrived hot!",2025-11-30
8481,10206,2,Value for money.,2025-01-18
8482,22994,4,Average experience.,2026-03-22
8483,11219,4,Order was missing an item.,2026-03-11
8484,12130,,Average experience.,2026-01-11
8485,10691,4,Packaging could be better.,2025-07-14
8486,24446,4,Food was cold on arrival.,2024-05-28
8487,14512,2,Delivery was late but food was good.,2025-10-23
8488,22573,4,Perfect as always.,2024-01-22
8489,21983,4,Would not recommend.,2025-05-26
8490,11391,5,Rider was polite and quick.,2026-02-13
8491,9710,5,Value for money.,2026-01-21
8492,11566,,Average experience.,03/13/2026
8493,12388,2,Portion size was small.,2025-04-14
8494,4235,3,Average experience.,2025-12-04
8495,21589,3,Best biryani in town.,2025-08-12
8496,18492,5,Would not recommend.,2026-04-09
8497,22477,3,Packaging could be better.,2025-09-26
8498,12636,3,Fresh and tasty.,2025-09-09
8499,5813,2,Order was missing an item.,2025-01-22
8500,19503,5,Rider was polite and quick.,2026-01-10
8501,13667,5,"Great food, arrived hot!",2026-03-09
8502,13650,2,Packaging could be better.,2025-09-30
8503,11948,5,Perfect as always.,2025-12-15
8504,16214,5,"Loved it, will order again.",2024-09-06
8505,8197,5,"Great food, arrived hot!",2025-05-12
8506,16424,5,Best biryani in town.,2026-06-28
8507,4796,5,"Loved it, will order again.",2024-01-12
8508,5949,,Packaging could be better.,2025-02-16
8509,16327,5,Rider was polite and quick.,2025-04-15
8510,2598,3,Portion size was small.,2025-07-12
8511,10100,4,"Loved it, will order again.",2026-04-12
8512,19068,,Portion size was small.,2024-11-14
8513,20888,5,Portion size was small.,2025-03-03
8514,5201,,Delivery was late but food was good.,2026-02-26
8515,4843,4,Absolutely delicious.,2025-07-24
8516,19916,2,Fresh and tasty.,2026-04-13
8517,23819,4,Best biryani in town.,2025-03-20
8518,2888,4,Portion size was small.,2025-10-22
8519,19558,4,Order was missing an item.,2026-05-18
8520,6343,4,Rider was polite and quick.,2026-02-11
8521,2629,5,Fresh and tasty.,2026-03-05
8522,11388,5,"Loved it, will order again.",2025-01-04
8523,23508,4,Rider was polite and quick.,2025-10-03
8524,14121,2,Value for money.,2026-06-24
8525,24906,5,Best biryani in town.,2024-04-06
8526,16312,1,Average experience.,2026-06-29
8527,4347,4,Rider was polite and quick.,2025-06-01
8528,4588,5,Average experience.,2025-04-09
8529,11493,4,Portion size was small.,2025-05-06
8530,3356,5,Portion size was small.,2026-05-07
8531,5920,1,Average experience.,2026-04-28
8532,11384,2,"Great food, arrived hot!",2024-01-21
8533,16358,5,Value for money.,2025-04-14
8534,1243,3,Packaging could be better.,2026-04-10
8535,6146,5,"Loved it, will order again.",2026-06-03
8536,10497,5,Would not recommend.,2026-06-23
8537,20177,5,Would not recommend.,2026-04-24
8538,5464,4,Portion size was small.,2026-04-23
8539,6488,4,Order was missing an item.,2026-04-11
8540,2190,4,Order was missing an item.,2026-01-11
8541,18424,3,"Great food, arrived hot!",2025-07-24
8542,4209,4,Average experience.,2026-06-19
8543,17693,1,"Loved it, will order again.",2025-06-24
8544,23892,4,Portion size was small.,2026-04-22
8545,596,3,"Great food, arrived hot!",2025-10-08
8546,13013,1,Value for money.,2025-02-04
8547,24368,5,Portion size was small.,2026-06-24
8548,19943,5,Fresh and tasty.,2025-11-20
8549,20234,4,Absolutely delicious.,2026-02-25
8550,14776,5,"Great food, arrived hot!",2025-03-24
8551,10354,5,Absolutely delicious.,2026-06-05
8552,8037,5,Fresh and tasty.,2026-06-03
8553,14058,4,Value for money.,2024-02-16
8554,7785,5,Perfect as always.,2025-01-17
8555,18880,5,Packaging could be better.,2026-05-11
8556,24355,5,Absolutely delicious.,2026-04-06
8557,9476,,Food was cold on arrival.,2026-06-20
8558,10441,5,Would not recommend.,2025-11-28
8559,24556,4,Perfect as always.,2026-05-31
8560,21212,2,Would not recommend.,2026-03-10
8561,12074,4,Value for money.,2025-12-10
8562,7643,4,"Great food, arrived hot!",2025-06-28
8563,14706,5,Food was cold on arrival.,2026-02-15
8564,10548,2,Absolutely delicious.,2026-04-07
8565,865,4,Average experience.,2026-06-04
8566,16153,2,Packaging could be better.,2026-06-05
8567,20860,3,Rider was polite and quick.,2024-02-07
8568,1369,4,Rider was polite and quick.,2026-07-04
8569,23863,,Order was missing an item.,2026-02-28
8570,7169,5,Would not recommend.,2026-01-24
8571,21158,1,Rider was polite and quick.,2025-10-11
8572,18030,3,"Loved it, will order again.",2024-05-07
8573,7702,4,Fresh and tasty.,2024-09-22
8574,17464,5,Average experience.,2026-03-14
8575,22349,4,Delivery was late but food was good.,2026-03-01
8576,16966,4,Perfect as always.,2024-09-12
8577,10091,4,Packaging could be better.,2026-06-02
8578,18711,5,"Great food, arrived hot!",2026-04-15
8579,21759,4,"Great food, arrived hot!",2025-12-02
8580,6857,3,Value for money.,2024-01-07
8581,14305,4,Order was missing an item.,2025-04-19
8582,3684,5,Perfect as always.,2026-04-25
8583,2337,5,Packaging could be better.,2025-07-10
8584,3560,4,Absolutely delicious.,2025-12-23
8585,24221,1,Best biryani in town.,2025-09-14
8586,20697,5,Packaging could be better.,2025-08-11
8587,24414,5,Food was cold on arrival.,2026-05-24
8588,1366,4,Best biryani in town.,2025-11-15
8589,1795,2,Packaging could be better.,2026-05-27
8590,769,2,"Loved it, will order again.",2025-11-06
8591,491,1,Value for money.,2026-02-22
8592,8989,5,Fresh and tasty.,2025-09-14
8593,19223,3,"Loved it, will order again.",2025-01-19
8594,7219,5,Delivery was late but food was good.,2025-11-21
8595,21939,2,Packaging could be better.,2025-11-16
8596,22025,4,Delivery was late but food was good.,2026-01-20
8597,23895,3,Absolutely delicious.,2025-06-21
8598,16087,5,"Great food, arrived hot!",2025-10-06
8599,7098,1,Portion size was small.,2025-08-30
8600,6554,5,Average experience.,2025-08-26
8601,10621,4,Value for money.,2025-10-02
8602,4409,2,Rider was polite and quick.,2025-12-07
8603,10328,3,Packaging could be better.,2026-03-30
8604,17633,2,Perfect as always.,2026-03-10
8605,8121,4,Value for money.,2026-06-16
8606,12638,5,Portion size was small.,2025-12-26
8607,21962,3,Absolutely delicious.,2025-02-04
8608,2315,5,Food was cold on arrival.,2026-02-16
8609,2681,4,Portion size was small.,2025-06-08
8610,24246,3,"Great food, arrived hot!",2025-12-27
8611,13797,4,Portion size was small.,2025-11-29
8612,22881,2,Average experience.,2026-06-09
8613,17922,5,Best biryani in town.,2025-09-08
8614,3516,3,Average experience.,2025-11-07
8615,16749,5,Perfect as always.,2026-06-29
8616,13534,4,Fresh and tasty.,2024-08-31
8617,6850,3,Would not recommend.,2024-09-18
8618,7089,4,Best biryani in town.,2026-02-05
8619,7849,3,Best biryani in town.,2026-03-13
8620,24153,5,Value for money.,2024-11-24
8621,19816,4,Fresh and tasty.,2025-03-17
8622,17778,4,"Loved it, will order again.",2024-09-20
8623,7072,4,Best biryani in town.,2025-04-13
8624,4405,4,Absolutely delicious.,2026-02-03
8625,24529,5,Food was cold on arrival.,2025-08-07
8626,2530,3,Average experience.,2026-06-13
8627,2489,5,Food was cold on arrival.,2025-07-26
8628,10205,5,Best biryani in town.,2026-06-29
8629,298,3,Average experience.,2024-08-30
8630,11487,4,Fresh and tasty.,2024-12-02
8631,3837,5,"Loved it, will order again.",2026-02-21
8632,6648,2,Perfect as always.,2024-07-25
8633,954,4,Perfect as always.,2025-12-26
8634,11972,3,Fresh and tasty.,2026-03-30
8635,11909,4,Packaging could be better.,2025-01-21
8636,20214,4,Delivery was late but food was good.,2026-04-26
8637,22281,4,Best biryani in town.,2026-02-18
8638,17280,5,Value for money.,2026-06-30
8639,2456,5,Rider was polite and quick.,2025-10-25
8640,3924,4,Best biryani in town.,2024-08-24
8641,14650,4,Order was missing an item.,2025-10-11
8642,18260,2,Value for money.,2026-02-09
8643,1303,5,Fresh and tasty.,2024-11-10
8644,9725,4,"Great food, arrived hot!",05/28/2026
8645,19331,4,Would not recommend.,2025-12-08
8646,6255,4,Absolutely delicious.,2026-05-22
8647,19657,5,Average experience.,2026-03-29
8648,21997,4,Value for money.,2025-09-12
8649,2858,,Would not recommend.,2026-03-23
8650,23710,5,Food was cold on arrival.,2026-02-04
8651,325,3,Food was cold on arrival.,2024-11-13
8652,5643,4,Packaging could be better.,2026-04-14
8653,9069,5,Portion size was small.,2026-05-23
8654,13969,5,Average experience.,2026-04-26
8655,21065,4,"Great food, arrived hot!",2026-02-01
8656,7362,3,Portion size was small.,2026-02-19
8657,20766,5,Portion size was small.,2024-12-23
8658,2081,4,Packaging could be better.,2026-06-29
8659,21177,3,Best biryani in town.,2024-05-21
8660,5554,5,Perfect as always.,2026-06-18
8661,8464,3,Order was missing an item.,2026-05-23
8662,5722,5,Best biryani in town.,2026-05-10
8663,8622,2,Value for money.,2025-03-17
8664,8185,5,Would not recommend.,2026-03-18
8665,22833,4,Food was cold on arrival.,2026-02-11
8666,9059,5,Portion size was small.,2026-05-13
8667,21150,3,Portion size was small.,2026-03-20
8668,6620,4,Order was missing an item.,2026-05-13
8669,2418,4,Perfect as always.,2025-10-29
8670,14149,5,Rider was polite and quick.,2025-12-23
8671,5993,5,Order was missing an item.,2026-06-20
8672,18930,3,Packaging could be better.,2026-04-25
8673,18270,4,Fresh and tasty.,2026-05-31
8674,9920,4,"Great food, arrived hot!",2025-08-31
8675,6650,5,"Loved it, will order again.",2026-05-12
8676,1428,2,Fresh and tasty.,2026-03-20
8677,9688,1,Delivery was late but food was good.,2026-01-27
8678,5010,5,Perfect as always.,2025-02-13
8679,13907,5,Average experience.,2026-02-14
8680,18316,5,Best biryani in town.,2026-06-20
8681,6418,1,Perfect as always.,2026-04-30
8682,5486,4,Delivery was late but food was good.,2026-06-10
8683,18836,2,Food was cold on arrival.,2026-05-15
8684,12018,5,"Great food, arrived hot!",2026-02-04
8685,7067,4,Would not recommend.,2026-05-26
8686,15757,4,Packaging could be better.,2024-07-03
8687,3808,3,Packaging could be better.,2026-02-23
8688,23647,4,Fresh and tasty.,2026-04-20
8689,23716,1,Best biryani in town.,2025-04-04
8690,6912,4,"Loved it, will order again.",2026-01-20
8691,5940,5,Perfect as always.,2026-05-01
8692,16280,5,Food was cold on arrival.,2024-10-07
8693,14039,5,Average experience.,2026-02-14
8694,10605,4,Absolutely delicious.,2026-05-12
8695,14914,5,Best biryani in town.,2026-04-22
8696,10970,5,Perfect as always.,2025-11-23
8697,13428,4,Fresh and tasty.,2026-01-09
8698,23792,5,Packaging could be better.,2025-04-18
8699,9275,5,Absolutely delicious.,2026-01-23
8700,3252,4,Absolutely delicious.,2025-06-25
8701,20928,5,Value for money.,2026-03-19
8702,22436,4,Rider was polite and quick.,2025-12-10
8703,22592,4,Food was cold on arrival.,2025-12-02
8704,15478,4,Perfect as always.,2026-03-10
8705,2318,5,Absolutely delicious.,06/15/2025
8706,1497,4,Value for money.,2026-06-25
8707,21289,3,Delivery was late but food was good.,2026-06-10
8708,12176,4,Value for money.,2026-03-09
8709,23193,3,Perfect as always.,2025-10-21
8710,1274,2,Portion size was small.,2026-03-10
8711,24718,4,Order was missing an item.,2025-07-30
8712,7489,2,Delivery was late but food was good.,2025-12-23
8713,9418,3,Value for money.,2024-08-17
8714,18884,4,Delivery was late but food was good.,2024-12-29
8715,6085,2,Fresh and tasty.,2025-08-21
8716,3492,5,"Great food, arrived hot!",2025-11-10
8717,5128,5,Delivery was late but food was good.,2025-03-31
8718,21467,5,Absolutely delicious.,2025-01-07
8719,20652,1,Absolutely delicious.,2025-04-12
8720,19040,2,Food was cold on arrival.,2026-06-16
8721,15054,5,Value for money.,2026-02-19
8722,22486,5,Food was cold on arrival.,2025-09-17
8723,16764,4,Portion size was small.,2025-06-30
8724,19023,5,Best biryani in town.,2025-03-05
8725,4103,5,Rider was polite and quick.,2026-03-24
8726,9093,,Order was missing an item.,2025-11-27
8727,12155,4,Portion size was small.,2026-06-21
8728,2033,4,Perfect as always.,2026-01-26
8729,3831,4,Portion size was small.,2024-02-12
8730,21497,4,Average experience.,2026-01-19
8731,2086,4,"Great food, arrived hot!",2024-02-20
8732,15714,4,Packaging could be better.,2025-11-16
8733,880,5,Portion size was small.,2025-05-17
8734,16439,4,Order was missing an item.,2025-10-28
8735,23896,3,Best biryani in town.,2025-08-03
8736,22548,2,Fresh and tasty.,2025-11-28
8737,5896,5,Best biryani in town.,2024-08-28
8738,10988,5,Absolutely delicious.,02/13/2024
8739,18883,4,Food was cold on arrival.,2025-08-20
8740,17592,3,"Loved it, will order again.",2024-11-03
8741,18527,4,Would not recommend.,2026-05-15
8742,8414,5,Food was cold on arrival.,2026-02-16
8743,11512,5,Packaging could be better.,2025-11-16
8744,15024,4,Rider was polite and quick.,2026-01-23
8745,857,5,Food was cold on arrival.,2026-03-29
8746,12198,4,Rider was polite and quick.,2024-07-17
8747,19131,4,"Great food, arrived hot!",2026-04-18
8748,20414,4,Average experience.,2026-06-24
8749,12124,1,Value for money.,2026-03-06
8750,17538,3,Absolutely delicious.,2025-09-09
8751,7610,2,Rider was polite and quick.,2025-04-11
8752,14047,2,Rider was polite and quick.,2025-01-13
8753,15991,4,Food was cold on arrival.,2026-05-11
8754,59,,Average experience.,2026-02-26
8755,16178,1,Fresh and tasty.,2026-06-30
8756,23746,5,"Great food, arrived hot!",2025-10-19
8757,21157,1,Food was cold on arrival.,2026-07-02
8758,2771,1,Best biryani in town.,2024-03-31
8759,1864,4,"Great food, arrived hot!",2024-06-14
8760,4618,,Packaging could be better.,2026-04-13
8761,10260,5,Portion size was small.,2025-08-20
8762,21745,4,Food was cold on arrival.,2024-09-27
8763,974,4,Value for money.,2026-01-31
8764,5534,4,Average experience.,2024-08-25
8765,21642,,Absolutely delicious.,2026-05-17
8766,3973,5,Delivery was late but food was good.,2026-06-27
8767,3374,4,Fresh and tasty.,2025-10-04
8768,9118,4,Value for money.,2026-06-12
8769,4895,4,"Loved it, will order again.",2025-03-11
8770,23742,5,Would not recommend.,2026-03-08
8771,19259,1,Absolutely delicious.,2025-10-15
8772,17512,3,Average experience.,2026-02-09
8773,13898,5,Packaging could be better.,2026-06-22
8774,12171,5,Would not recommend.,2025-10-27
8775,10522,3,Portion size was small.,2025-10-04
8776,11294,5,Would not recommend.,2025-04-28
8777,3277,,Delivery was late but food was good.,2025-03-27
8778,23482,2,"Loved it, will order again.",2025-11-06
8779,22245,4,Average experience.,2026-03-27
8780,14280,4,Fresh and tasty.,2025-08-17
8781,17561,5,Food was cold on arrival.,2026-06-09
8782,7231,5,"Loved it, will order again.",2025-11-13
8783,11941,4,Value for money.,2025-06-22
8784,23942,5,Would not recommend.,2025-01-11
8785,10928,2,Delivery was late but food was good.,2026-03-13
8786,16226,5,"Great food, arrived hot!",2026-06-16
8787,15053,2,Best biryani in town.,2026-02-26
8788,14622,4,Portion size was small.,2024-03-09
8789,4573,5,"Loved it, will order again.",2026-04-21
8790,17206,5,Average experience.,2026-03-12
8791,13920,,"Loved it, will order again.",2025-06-20
8792,12975,1,Perfect as always.,2025-07-01
8793,321,5,Food was cold on arrival.,2026-01-23
8794,7057,5,"Loved it, will order again.",2026-03-28
8795,5468,2,Value for money.,2026-01-03
8796,1931,4,Portion size was small.,2026-02-20
8797,5932,5,Perfect as always.,2026-01-12
8798,23682,4,Food was cold on arrival.,2026-02-24
8799,8284,4,Average experience.,2026-06-11
8800,21170,4,Would not recommend.,2025-04-26
8801,7259,2,Perfect as always.,08/07/2025
8802,2828,5,Rider was polite and quick.,2025-03-24
8803,21372,4,Would not recommend.,2025-07-30
8804,467,5,Best biryani in town.,2025-04-26
8805,3670,5,Perfect as always.,2024-07-22
8806,23076,2,Would not recommend.,2025-11-13
8807,1050,,"Loved it, will order again.",2025-07-08
8808,3020,5,Packaging could be better.,2026-06-13
8809,7104,3,"Loved it, will order again.",2026-06-15
8810,14964,5,Perfect as always.,2024-10-22
8811,1352,5,Delivery was late but food was good.,2026-05-18
8812,23462,5,Food was cold on arrival.,2025-08-24
8813,17948,5,Order was missing an item.,2026-06-30
8814,12894,3,"Great food, arrived hot!",2024-04-26
8815,21799,4,Order was missing an item.,2025-05-29
8816,13234,1,Delivery was late but food was good.,2026-02-07
8817,1976,3,Order was missing an item.,04/21/2025
8818,7855,5,"Loved it, will order again.",31/05/2025
8819,7144,4,Absolutely delicious.,2025-01-30
8820,3528,4,"Great food, arrived hot!",2024-08-30
8821,3704,4,Food was cold on arrival.,2025-11-09
8822,8795,4,Delivery was late but food was good.,2025-04-26
8823,11515,,"Loved it, will order again.",2024-01-22
8824,16943,5,Rider was polite and quick.,2025-12-18
8825,7420,5,Rider was polite and quick.,2025-11-18
8826,11996,4,Perfect as always.,2024-08-26
8827,1291,5,Delivery was late but food was good.,2024-09-25
8828,13829,5,Order was missing an item.,2026-01-12
8829,14196,5,Value for money.,2025-05-18
8830,591,5,Best biryani in town.,2026-02-16
8831,20588,5,Value for money.,2026-04-27
8832,3772,1,Portion size was small.,2025-10-15
8833,2944,5,Absolutely delicious.,2025-07-25
8834,22815,5,"Loved it, will order again.",2025-02-04
8835,23530,3,"Loved it, will order again.",2025-12-17
8836,11179,5,Order was missing an item.,2026-03-13
8837,13742,5,Fresh and tasty.,2025-11-14
8838,4115,5,Value for money.,2026-06-15
8839,12658,4,"Loved it, will order again.",2026-05-21
8840,3061,3,Best biryani in town.,2025-06-15
8841,9760,5,Would not recommend.,2025-05-19
8842,19300,5,Portion size was small.,2025-08-17
8843,24790,5,"Great food, arrived hot!",2025-01-04
8844,17676,4,Best biryani in town.,2025-12-09
8845,19972,5,Packaging could be better.,2025-08-27
8846,4939,4,Would not recommend.,2026-05-23
8847,4379,4,Value for money.,2026-02-06
8848,3669,5,Average experience.,2025-03-02
8849,9109,5,Packaging could be better.,2026-05-24
8850,9673,2,Delivery was late but food was good.,2026-03-26
8851,18361,2,Perfect as always.,2026-05-13
8852,12773,5,Order was missing an item.,2025-08-22
8853,23577,5,Rider was polite and quick.,2024-01-31
8854,23562,4,"Loved it, will order again.",2025-08-08
8855,5141,5,Delivery was late but food was good.,2026-05-27
8856,3933,5,Fresh and tasty.,2026-02-20
8857,17223,3,Perfect as always.,2026-04-03
8858,11893,1,"Great food, arrived hot!",2025-12-21
8859,6143,4,Food was cold on arrival.,2025-12-18
8860,9685,4,Fresh and tasty.,2026-04-08
8861,23875,5,Portion size was small.,2024-12-01
8862,5225,4,"Great food, arrived hot!",2025-08-25
8863,16131,3,Rider was polite and quick.,2026-06-01
8864,9427,2,Packaging could be better.,2026-03-22
8865,24477,4,Best biryani in town.,2025-11-04
8866,11031,5,Portion size was small.,2026-02-03
8867,14031,4,Rider was polite and quick.,2026-06-10
8868,22068,4,Food was cold on arrival.,2025-07-14
8869,1840,5,Average experience.,2024-08-08
8870,8335,,"Loved it, will order again.",2026-07-07
8871,19538,5,"Loved it, will order again.",2026-04-02
8872,11451,2,"Great food, arrived hot!",2025-07-27
8873,14277,5,Food was cold on arrival.,2024-11-16
8874,11014,5,Value for money.,2025-07-02
8875,17543,5,Fresh and tasty.,2024-08-10
8876,2270,5,Delivery was late but food was good.,2025-03-20
8877,604,5,Average experience.,2026-01-17
8878,14959,5,Packaging could be better.,2025-04-07
8879,22991,3,Delivery was late but food was good.,2026-06-19
8880,14601,4,"Great food, arrived hot!",2026-04-03
8881,16176,5,"Loved it, will order again.",2026-03-02
8882,20781,3,Packaging could be better.,2024-07-25
8883,19498,5,Packaging could be better.,2024-12-13
8884,15065,5,Packaging could be better.,2025-12-05
8885,19148,5,Food was cold on arrival.,2026-06-08
8886,7989,5,Rider was polite and quick.,2026-06-03
8887,20901,4,Best biryani in town.,2025-11-23
8888,23331,5,Perfect as always.,2026-02-23
8889,24504,4,"Great food, arrived hot!",2025-01-26
8890,22213,5,Value for money.,2026-04-02
8891,11560,5,Delivery was late but food was good.,2026-06-29
8892,8610,5,Order was missing an item.,2024-10-12
8893,17899,5,Value for money.,2026-06-20
8894,13550,,Fresh and tasty.,2026-02-06
8895,23427,5,Absolutely delicious.,2026-01-22
8896,22749,4,Value for money.,2026-02-01
8897,1236,,Order was missing an item.,2024-07-05
8898,16566,3,Food was cold on arrival.,2025-10-20
8899,4506,4,"Great food, arrived hot!",2026-04-06
8900,9930,5,Food was cold on arrival.,2025-08-08
8901,11258,4,Value for money.,2025-11-19
8902,5838,4,"Loved it, will order again.",2026-02-09
8903,2470,5,Portion size was small.,2026-06-18
8904,16067,5,Would not recommend.,2025-11-17
8905,1654,5,"Great food, arrived hot!",2025-05-17
8906,4632,5,Best biryani in town.,06/18/2026
8907,5701,4,Food was cold on arrival.,2026-01-24
8908,8371,4,"Great food, arrived hot!",2026-06-03
8909,8688,5,Would not recommend.,2025-12-02
8910,20220,,Average experience.,2024-04-11
8911,13603,5,Fresh and tasty.,2026-01-22
8912,24972,4,Best biryani in town.,2026-03-21
8913,23264,2,Would not recommend.,2025-03-31
8914,22483,5,Perfect as always.,2025-05-22
8915,3809,4,Delivery was late but food was good.,2025-10-11
8916,10038,4,Perfect as always.,2026-03-05
8917,2202,,Portion size was small.,2025-09-07
8918,9993,3,Would not recommend.,2025-02-10
8919,23199,3,"Great food, arrived hot!",2024-11-22
8920,1863,4,Perfect as always.,2024-12-10
8921,17012,,Absolutely delicious.,2025-09-13
8922,13257,4,Average experience.,2025-03-12
8923,14621,4,Delivery was late but food was good.,2026-04-27
8924,3664,4,Perfect as always.,2026-01-08
8925,11554,2,Perfect as always.,2025-09-13
8926,16483,4,Absolutely delicious.,2025-05-04
8927,4346,4,Best biryani in town.,2024-02-01
8928,23640,5,Portion size was small.,2025-12-26
8929,19454,3,Food was cold on arrival.,2025-03-08
8930,21861,1,Value for money.,2025-10-30
8931,3371,4,Rider was polite and quick.,2024-02-29
8932,21965,4,Best biryani in town.,2025-06-06
8933,5336,4,Packaging could be better.,2026-04-01
8934,18356,4,Would not recommend.,2024-02-25
8935,20622,4,Order was missing an item.,2026-02-01
8936,14737,4,"Loved it, will order again.",2025-12-12
8937,18619,4,Value for money.,2026-04-28
8938,1541,4,"Loved it, will order again.",2026-05-12
8939,21895,4,Food was cold on arrival.,2026-04-08
8940,10228,5,Would not recommend.,2024-12-21
8941,14760,1,"Great food, arrived hot!",2024-02-08
8942,4776,5,Absolutely delicious.,2025-04-10
8943,4151,4,Rider was polite and quick.,2024-05-24
8944,1771,4,"Great food, arrived hot!",2025-03-05
8945,22799,4,Perfect as always.,2026-01-06
8946,15855,1,Would not recommend.,2025-08-22
8947,4962,,Packaging could be better.,2026-02-13
8948,11592,5,Rider was polite and quick.,2025-10-30
8949,5068,5,Delivery was late but food was good.,2026-04-20
8950,15252,,Best biryani in town.,2024-04-01
8951,5391,4,Best biryani in town.,2024-03-30
8952,18087,3,Fresh and tasty.,2026-03-16
8953,21327,1,"Loved it, will order again.",2026-05-30
8954,23292,5,Perfect as always.,2024-11-08
8955,5606,1,Portion size was small.,2025-08-10
8956,14816,4,Best biryani in town.,2025-01-06
8957,18990,4,Delivery was late but food was good.,2026-03-17
8958,11772,3,Portion size was small.,2026-06-04
8959,24390,5,"Great food, arrived hot!",2026-01-08
8960,5316,5,Best biryani in town.,2026-02-02
8961,16815,4,Value for money.,2024-09-15
8962,8543,3,Average experience.,2026-06-27
8963,14840,4,Packaging could be better.,2026-01-15
8964,3745,3,Absolutely delicious.,2024-04-24
8965,89,4,Fresh and tasty.,2026-04-22
8966,11732,4,"Great food, arrived hot!",2024-08-13
8967,15836,4,"Great food, arrived hot!",2025-01-25
8968,22540,5,"Great food, arrived hot!",2026-02-10
8969,5344,4,Best biryani in town.,2024-11-23
8970,24885,5,Packaging could be better.,2025-02-18
8971,22482,3,Perfect as always.,2026-06-02
8972,23375,5,Perfect as always.,2026-01-26
8973,14560,5,Perfect as always.,2025-09-26
8974,16915,2,Absolutely delicious.,2024-10-06
8975,12756,2,Best biryani in town.,2025-08-29
8976,15829,4,Average experience.,2026-06-29
8977,10076,3,"Loved it, will order again.",2024-06-12
8978,5792,3,"Loved it, will order again.",2024-06-23
8979,20466,3,Food was cold on arrival.,2025-09-03
8980,21256,5,Perfect as always.,2026-06-01
8981,2949,4,Would not recommend.,2025-09-10
8982,12898,4,Average experience.,2026-01-18
8983,1859,5,"Great food, arrived hot!",2025-07-10
8984,24832,3,Order was missing an item.,2024-09-05
8985,18229,3,Fresh and tasty.,2025-08-29
8986,15859,4,"Loved it, will order again.",2025-08-07
8987,1876,4,Average experience.,2025-03-23
8988,8932,4,Food was cold on arrival.,2024-09-10
8989,6544,5,Portion size was small.,2026-05-31
8990,17327,4,Food was cold on arrival.,2026-02-10
8991,6372,4,Packaging could be better.,2024-08-23
8992,21902,5,Delivery was late but food was good.,2025-06-03
8993,3641,5,Rider was polite and quick.,2026-06-26
8994,8778,2,Portion size was small.,2026-05-26
8995,12033,5,Fresh and tasty.,2025-04-01
8996,4483,4,"Great food, arrived hot!",2026-06-18
8997,6018,5,Best biryani in town.,2026-03-25
8998,21992,4,Rider was polite and quick.,2024-12-04
8999,21755,2,Absolutely delicious.,2026-06-17
9000,23389,5,Rider was polite and quick.,2025-10-30
9001,15647,5,Delivery was late but food was good.,2026-01-12
9002,8968,5,"Great food, arrived hot!",2025-07-16
9003,4377,4,Best biryani in town.,2026-05-18
9004,6300,3,Average experience.,2025-11-16
9005,18971,5,Would not recommend.,2026-03-24
9006,9908,2,Packaging could be better.,2025-10-08
9007,19586,,Rider was polite and quick.,2026-01-31
9008,5416,5,Portion size was small.,2025-11-13
9009,3504,5,"Loved it, will order again.",2025-10-12
9010,1858,5,Portion size was small.,2025-10-24
9011,8472,4,"Loved it, will order again.",2026-06-11
9012,1046,4,Rider was polite and quick.,2026-03-16
9013,234,3,Portion size was small.,2026-04-12
9014,19402,5,Order was missing an item.,2026-01-26
9015,1373,1,Perfect as always.,2024-03-20
9016,1564,5,Food was cold on arrival.,2024-08-08
9017,5236,3,Perfect as always.,2026-03-23
9018,5156,3,Would not recommend.,2025-11-06
9019,15239,2,Best biryani in town.,2026-02-19
9020,7153,3,Would not recommend.,2025-06-08
9021,24369,5,"Great food, arrived hot!",2024-08-29
9022,6561,2,Perfect as always.,2026-07-04
9023,6941,3,Order was missing an item.,2025-07-06
9024,9008,5,Packaging could be better.,2024-11-03
9025,14234,1,Best biryani in town.,2024-12-25
9026,18852,5,Value for money.,2026-04-30
9027,5640,,"Loved it, will order again.",2025-08-08
9028,3606,3,Fresh and tasty.,2025-04-23
9029,7240,5,Fresh and tasty.,2024-11-02
9030,15025,5,Best biryani in town.,2026-03-19
9031,18628,3,"Great food, arrived hot!",2025-12-20
9032,6728,3,"Loved it, will order again.",2026-01-20
9033,11005,,Delivery was late but food was good.,2025-10-08
9034,799,,Value for money.,2026-06-15
9035,20619,5,Order was missing an item.,2025-04-03
9036,18414,3,"Loved it, will order again.",2025-07-14
9037,20386,4,Delivery was late but food was good.,2026-04-15
9038,6808,5,Rider was polite and quick.,2025-09-19
9039,2791,3,Would not recommend.,2025-06-20
9040,22454,4,Value for money.,2026-02-09
9041,21341,5,Fresh and tasty.,2025-02-16
9042,22616,2,"Great food, arrived hot!",2026-05-03
9043,4449,5,Delivery was late but food was good.,2025-09-25
9044,16361,4,Fresh and tasty.,2025-05-02
9045,5376,3,Food was cold on arrival.,2026-01-15
9046,5296,4,Value for money.,2026-01-18
9047,22706,5,Fresh and tasty.,2026-04-14
9048,10086,5,Average experience.,2024-03-02
9049,4982,4,Perfect as always.,2026-06-01
9050,13063,5,Absolutely delicious.,2026-04-21
9051,8784,4,Average experience.,2026-01-18
9052,3244,3,Would not recommend.,2026-06-07
9053,13231,4,Rider was polite and quick.,2025-06-23
9054,6355,2,Order was missing an item.,2024-12-19
9055,10235,3,Food was cold on arrival.,2025-11-04
9056,14397,4,"Loved it, will order again.",2026-02-27
9057,16308,4,Value for money.,2026-06-22
9058,1031,5,Absolutely delicious.,2025-11-28
9059,18907,3,"Loved it, will order again.",2024-02-21
9060,23658,2,Delivery was late but food was good.,2025-03-08
9061,24690,,"Loved it, will order again.",2025-06-22
9062,13160,4,Portion size was small.,2026-03-23
9063,3243,4,Portion size was small.,2025-06-22
9064,8876,4,Rider was polite and quick.,2025-12-28
9065,22779,4,Rider was polite and quick.,2026-03-29
9066,24751,3,Absolutely delicious.,2024-05-25
9067,7931,2,"Loved it, will order again.",2025-08-15
9068,1670,,Fresh and tasty.,2024-05-28
9069,17503,3,Average experience.,2024-04-28
9070,1675,4,Would not recommend.,2026-07-01
9071,7659,4,"Great food, arrived hot!",2025-05-08
9072,4211,5,Portion size was small.,2025-01-26
9073,20976,4,Would not recommend.,12/10/2025
9074,14179,4,Value for money.,2025-08-15
9075,8053,5,Perfect as always.,2026-02-01
9076,22964,1,"Great food, arrived hot!",2026-05-30
9077,24729,1,Fresh and tasty.,2025-10-21
9078,3279,4,Packaging could be better.,2025-07-13
9079,21644,1,Packaging could be better.,2025-08-13
9080,22145,4,Average experience.,2025-04-07
9081,15007,4,"Loved it, will order again.",2024-02-14
9082,23811,4,Absolutely delicious.,2025-10-02
9083,15664,5,Fresh and tasty.,2026-01-17
9084,14077,5,Delivery was late but food was good.,2025-11-22
9085,8947,3,Packaging could be better.,2026-03-15
9086,11146,3,Food was cold on arrival.,2024-11-21
9087,2994,4,Absolutely delicious.,2024-06-23
9088,14373,5,"Great food, arrived hot!",2026-06-18
9089,12673,2,"Loved it, will order again.",2024-11-21
9090,11283,3,Packaging could be better.,2025-11-19
9091,20712,2,Average experience.,2025-12-11
9092,10479,4,Best biryani in town.,2025-05-24
9093,7360,5,Order was missing an item.,2025-04-02
9094,10216,1,Delivery was late but food was good.,2025-10-21
9095,9961,4,Fresh and tasty.,2026-03-19
9096,5799,5,Average experience.,2025-07-30
9097,7783,3,Rider was polite and quick.,2025-07-24
9098,18635,5,"Great food, arrived hot!",2025-05-27
9099,24617,3,Average experience.,2026-05-14
9100,2617,5,Fresh and tasty.,2026-02-23
9101,1573,3,Would not recommend.,2025-07-27
9102,9273,2,Fresh and tasty.,2025-03-02
9103,18714,5,Value for money.,2026-05-23
9104,24325,3,Food was cold on arrival.,2024-12-12
9105,15611,5,Food was cold on arrival.,06/07/2026
9106,23591,2,Packaging could be better.,2025-05-12
9107,16840,4,Delivery was late but food was good.,2026-03-01
9108,21786,5,Average experience.,2026-04-14
9109,22357,3,Portion size was small.,2026-06-21
9110,22587,2,Fresh and tasty.,2025-10-26
9111,23670,2,"Great food, arrived hot!",2025-11-14
9112,16995,4,Absolutely delicious.,2026-03-23
9113,14227,4,Best biryani in town.,2025-08-16
9114,6377,5,Value for money.,2026-02-22
9115,20825,5,Delivery was late but food was good.,2025-09-21
9116,689,5,"Great food, arrived hot!",02/10/2026
9117,20970,1,Packaging could be better.,2025-12-22
9118,7238,5,"Loved it, will order again.",2025-08-29
9119,10512,4,Absolutely delicious.,2025-10-25
9120,2452,5,Absolutely delicious.,2026-04-20
9121,14514,4,"Great food, arrived hot!",2025-11-09
9122,2647,2,Food was cold on arrival.,2026-04-24
9123,4105,5,Would not recommend.,2025-08-16
9124,7243,4,Food was cold on arrival.,2025-03-13
9125,13637,1,Rider was polite and quick.,2026-01-17
9126,24185,3,"Great food, arrived hot!",2025-06-25
9127,6686,,"Loved it, will order again.",2024-07-31
9128,21414,5,Food was cold on arrival.,2025-03-28
9129,8957,,Value for money.,2024-12-29
9130,16520,5,Rider was polite and quick.,2026-04-06
9131,19876,5,Packaging could be better.,2025-01-24
9132,9931,5,Packaging could be better.,2025-09-22
9133,22776,4,Would not recommend.,2026-03-02
9134,4951,4,Rider was polite and quick.,2024-07-15
9135,24097,2,Best biryani in town.,2024-04-20
9136,15533,5,Perfect as always.,2026-01-26
9137,7611,5,"Great food, arrived hot!",2026-05-01
9138,4551,3,Fresh and tasty.,2025-10-08
9139,14571,4,Absolutely delicious.,2025-11-11
9140,5036,4,Food was cold on arrival.,2025-07-14
9141,21187,5,Average experience.,2026-06-29
9142,2049,5,Absolutely delicious.,2024-02-11
9143,11368,4,Value for money.,2026-06-20
9144,20813,3,Fresh and tasty.,2025-03-03
9145,2808,2,"Loved it, will order again.",2026-03-22
9146,3161,5,"Great food, arrived hot!",2025-04-28
9147,14392,5,Fresh and tasty.,2026-06-16
9148,14684,4,Absolutely delicious.,2025-05-08
9149,14258,2,Absolutely delicious.,2024-06-16
9150,23711,5,Value for money.,2026-01-28
9151,1268,4,Average experience.,2025-11-07
9152,3901,3,Best biryani in town.,2025-06-19
9153,1454,5,Packaging could be better.,2025-10-30
9154,12386,5,Would not recommend.,2024-09-18
9155,15008,1,Value for money.,2025-05-04
9156,19900,4,Absolutely delicious.,2025-08-10
9157,6798,5,Absolutely delicious.,2025-03-06
9158,17320,4,Value for money.,2024-07-26
9159,20942,4,Order was missing an item.,2024-09-28
9160,5062,4,Value for money.,2026-06-05
9161,17053,2,Would not recommend.,2025-04-20
9162,10242,3,Portion size was small.,2025-10-23
9163,3741,4,Rider was polite and quick.,2026-03-31
9164,10733,5,Portion size was small.,2025-08-10
9165,15178,3,Portion size was small.,2026-02-26
9166,12895,5,Value for money.,2025-10-19
9167,13992,5,Rider was polite and quick.,2026-05-05
9168,3035,4,Order was missing an item.,2026-03-23
9169,15211,4,Food was cold on arrival.,2024-12-13
9170,3708,4,Food was cold on arrival.,2024-05-12
9171,19772,1,Would not recommend.,2026-05-07
9172,11222,4,Average experience.,2024-12-04
9173,2092,4,Perfect as always.,2024-03-13
9174,13182,4,Would not recommend.,2024-08-21
9175,1440,3,Absolutely delicious.,2025-02-10
9176,24884,4,Best biryani in town.,2025-04-04
9177,8571,1,Packaging could be better.,2025-06-30
9178,6771,4,Rider was polite and quick.,2025-11-09
9179,20992,,Order was missing an item.,2024-07-06
9180,24518,5,Portion size was small.,2025-07-28
9181,11710,4,Delivery was late but food was good.,2025-09-20
9182,3913,4,Rider was polite and quick.,2026-01-25
9183,6479,5,"Loved it, will order again.",2025-07-20
9184,3681,1,"Loved it, will order again.",2025-03-17
9185,9584,5,Would not recommend.,2025-05-15
9186,23319,3,Order was missing an item.,2025-06-15
9187,1490,5,"Great food, arrived hot!",2026-01-06
9188,23783,4,Packaging could be better.,2026-04-03
9189,9512,,Packaging could be better.,2026-04-29
9190,17319,4,Value for money.,2025-11-10
9191,18462,2,Absolutely delicious.,2025-03-05
9192,16175,3,Average experience.,2025-12-12
9193,9385,5,Fresh and tasty.,2026-01-11
9194,18167,4,Average experience.,2025-02-10
9195,19705,,Perfect as always.,2025-02-10
9196,21853,3,Fresh and tasty.,2025-08-12
9197,16776,5,Best biryani in town.,2025-12-30
9198,18142,4,Absolutely delicious.,2024-04-12
9199,17004,4,Food was cold on arrival.,2026-05-18
9200,15464,3,Value for money.,2026-05-05
9201,9719,5,"Great food, arrived hot!",2025-09-07
9202,9852,3,Food was cold on arrival.,2026-01-16
9203,16174,3,Delivery was late but food was good.,2024-09-19
9204,7462,3,Value for money.,2024-04-28
9205,3273,5,Portion size was small.,2026-01-12
9206,13195,4,Order was missing an item.,2026-01-07
9207,9394,2,Best biryani in town.,2025-10-03
9208,23558,5,Delivery was late but food was good.,2025-02-01
9209,14168,1,Food was cold on arrival.,2026-02-06
9210,14888,5,Portion size was small.,2026-07-05
9211,1823,5,Rider was polite and quick.,2025-04-06
9212,7344,5,"Loved it, will order again.",2026-07-08
9213,13891,5,Absolutely delicious.,2024-06-12
9214,13674,4,"Great food, arrived hot!",2025-12-09
9215,15783,,Average experience.,2026-04-10
9216,15161,2,Best biryani in town.,2026-06-23
9217,18856,5,Absolutely delicious.,2026-05-29
9218,19340,5,"Loved it, will order again.",2026-02-09
9219,13028,5,Delivery was late but food was good.,2025-08-05
9220,6442,,Value for money.,2025-03-05
9221,6669,1,Best biryani in town.,2026-02-18
9222,20106,3,Would not recommend.,2026-03-31
9223,16444,5,Absolutely delicious.,2025-10-26
9224,19640,1,Perfect as always.,2025-05-14
9225,22381,4,Rider was polite and quick.,2025-01-21
9226,2687,4,Portion size was small.,2025-05-11
9227,2706,4,Portion size was small.,2026-05-18
9228,14314,5,Packaging could be better.,2026-06-13
9229,9567,5,Food was cold on arrival.,2024-01-14
9230,1007,2,Food was cold on arrival.,2025-10-03
9231,7310,3,Absolutely delicious.,2026-06-04
9232,13896,5,Would not recommend.,2025-01-13
9233,11464,4,Perfect as always.,2025-06-20
9234,16866,3,Best biryani in town.,2025-12-01
9235,24595,4,"Great food, arrived hot!",2025-06-09
9236,12027,4,Value for money.,2024-07-19
9237,364,4,"Loved it, will order again.",2026-04-02
9238,20411,5,Fresh and tasty.,2024-03-29
9239,10542,5,Packaging could be better.,2026-06-19
9240,2714,4,Portion size was small.,2025-03-24
9241,3863,5,Value for money.,2025-09-07
9242,10032,5,Best biryani in town.,2025-06-05
9243,9609,5,Delivery was late but food was good.,2026-01-09
9244,21450,5,Order was missing an item.,2026-06-16
9245,1370,5,Order was missing an item.,2025-09-07
9246,5107,5,Rider was polite and quick.,2025-03-18
9247,8149,,Order was missing an item.,2024-06-13
9248,13173,5,Order was missing an item.,2026-04-05
9249,22929,4,Delivery was late but food was good.,2026-04-05
9250,24787,5,Order was missing an item.,2024-10-02
9251,24135,5,Average experience.,2025-01-06
9252,2576,1,Would not recommend.,2025-03-07
9253,6814,5,Value for money.,2025-10-29
9254,20100,4,Order was missing an item.,2025-04-25
9255,1515,3,Order was missing an item.,2025-12-16
9256,24742,3,Average experience.,2025-12-03
9257,10085,5,Average experience.,2026-03-25
9258,7798,2,Portion size was small.,2025-02-12
9259,9145,5,Best biryani in town.,2025-11-14
9260,7123,5,Packaging could be better.,2025-01-23
9261,6251,4,Best biryani in town.,2026-05-26
9262,7046,5,Packaging could be better.,2026-02-12
9263,18474,5,"Loved it, will order again.",2025-11-28
9264,5773,,Would not recommend.,2025-09-11
9265,8632,5,"Great food, arrived hot!",2026-02-25
9266,17271,4,Food was cold on arrival.,2026-06-02
9267,21038,5,Packaging could be better.,2026-03-19
9268,19279,,Best biryani in town.,2025-09-02
9269,1351,4,Value for money.,2026-06-25
9270,20000,4,Would not recommend.,2026-05-17
9271,10258,5,Perfect as always.,02/07/2026
9272,5631,2,Packaging could be better.,2025-06-27
9273,8331,4,Portion size was small.,2024-04-10
9274,21324,4,Packaging could be better.,2025-01-22
9275,20819,5,Absolutely delicious.,2026-03-05
9276,8883,3,Rider was polite and quick.,12/11/2025
9277,4481,4,"Great food, arrived hot!",2025-09-17
9278,9834,5,Order was missing an item.,2026-02-19
9279,21357,5,Fresh and tasty.,2026-06-19
9280,7086,5,"Loved it, will order again.",2026-06-12
9281,23467,5,Would not recommend.,2026-06-10
9282,1192,5,Order was missing an item.,2026-05-06
9283,108,1,Absolutely delicious.,2026-03-29
9284,24083,5,Food was cold on arrival.,2026-02-06
9285,12643,3,Food was cold on arrival.,2025-03-28
9286,15245,4,Packaging could be better.,2024-05-06
9287,17832,5,Would not recommend.,2026-07-05
9288,2296,2,Perfect as always.,2026-02-19
9289,6438,4,Rider was polite and quick.,2026-05-16
9290,4359,5,Portion size was small.,2025-01-31
9291,24077,5,Portion size was small.,2026-01-06
9292,10641,2,Food was cold on arrival.,2026-04-14
9293,650,3,Perfect as always.,2026-04-27
9294,15544,4,Portion size was small.,2026-04-06
9295,19969,3,Best biryani in town.,2026-02-09
9296,16798,5,Order was missing an item.,2025-07-06
9297,14572,4,Portion size was small.,2025-12-27
9298,2479,4,Value for money.,2025-07-29
9299,10221,4,Best biryani in town.,2025-07-16
9300,9995,3,Value for money.,2025-06-23
9301,3885,4,Average experience.,2024-12-25
9302,9763,5,Fresh and tasty.,2025-10-13
9303,9598,5,Order was missing an item.,2025-09-13
9304,24744,5,Would not recommend.,2025-07-10
9305,14578,5,Value for money.,2025-09-26
9306,4199,4,Average experience.,2025-01-28
9307,22408,,"Great food, arrived hot!",2026-04-29
9308,5180,5,Would not recommend.,2026-04-01
9309,24039,5,"Loved it, will order again.",2026-06-19
9310,12146,4,"Great food, arrived hot!",2026-06-28
9311,7867,2,Average experience.,2026-03-30
9312,20829,4,Best biryani in town.,2025-10-02
9313,7823,4,Value for money.,2025-09-28
9314,3511,3,Absolutely delicious.,2025-11-03
9315,14691,1,Rider was polite and quick.,2025-08-21
9316,15741,5,Perfect as always.,2026-05-30
9317,22132,,Delivery was late but food was good.,12/11/2025
9318,20107,4,Average experience.,2026-02-24
9319,18681,4,Portion size was small.,10/06/2025
9320,14372,3,Average experience.,2024-01-18
9321,7065,4,"Great food, arrived hot!",2026-02-23
9322,6589,2,Perfect as always.,2025-03-03
9323,16375,5,Would not recommend.,2025-11-29
9324,8467,4,Portion size was small.,2025-06-23
9325,10762,5,Portion size was small.,2026-06-20
9326,8593,5,Delivery was late but food was good.,2024-10-18
9327,11495,4,Packaging could be better.,2026-05-01
9328,1162,2,Portion size was small.,2026-03-25
9329,14013,,"Loved it, will order again.",2026-03-10
9330,10025,3,Delivery was late but food was good.,2025-11-26
9331,11608,5,"Loved it, will order again.",2026-05-03
9332,19289,5,Delivery was late but food was good.,2025-06-13
9333,11492,4,Delivery was late but food was good.,2026-05-13
9334,20600,1,Portion size was small.,2026-01-18
9335,18800,3,Rider was polite and quick.,2026-06-06
9336,19356,4,Would not recommend.,2026-04-24
9337,24945,5,Fresh and tasty.,2024-11-19
9338,12744,5,"Loved it, will order again.",2025-12-07
9339,6854,2,Would not recommend.,2026-03-02
9340,6167,4,Value for money.,2025-07-18
9341,15160,5,Would not recommend.,2025-02-25
9342,10888,5,Food was cold on arrival.,2026-06-21
9343,17357,,Delivery was late but food was good.,2026-01-07
9344,12329,4,"Great food, arrived hot!",2024-03-02
9345,7998,5,Average experience.,2026-05-01
9346,6902,4,Absolutely delicious.,2025-12-03
9347,4455,,Value for money.,2025-02-24
9348,440,3,Packaging could be better.,2025-04-21
9349,5706,5,"Loved it, will order again.",2025-09-12
9350,6579,5,Order was missing an item.,2026-05-11
9351,18877,3,Absolutely delicious.,2026-05-20
9352,17818,5,Order was missing an item.,2025-01-30
9353,13041,,"Loved it, will order again.",2025-08-28
9354,13706,5,Fresh and tasty.,2026-06-10
9355,23769,4,Order was missing an item.,2024-03-11
9356,760,3,Portion size was small.,2025-10-03
9357,16818,5,"Loved it, will order again.",2025-10-17
9358,2177,5,"Great food, arrived hot!",2026-05-26
9359,20391,5,"Great food, arrived hot!",2026-04-12
9360,21175,5,Rider was polite and quick.,2024-07-30
9361,8029,5,Value for money.,2026-03-13
9362,13866,4,Best biryani in town.,2026-06-25
9363,15846,2,"Great food, arrived hot!",2024-10-12
9364,8328,1,Fresh and tasty.,2025-01-09
9365,15812,5,Portion size was small.,2025-12-30
9366,1218,4,Would not recommend.,2026-03-22
9367,11920,5,Food was cold on arrival.,2025-08-27
9368,20796,1,Food was cold on arrival.,2025-03-31
9369,18923,4,Absolutely delicious.,2025-05-04
9370,6025,1,Absolutely delicious.,2026-03-01
9371,94,4,Average experience.,2026-03-27
9372,20251,,Would not recommend.,05/17/2026
9373,6269,5,Food was cold on arrival.,2025-03-05
9374,18459,3,"Loved it, will order again.",2026-06-17
9375,20566,4,Packaging could be better.,2024-03-21
9376,9291,4,Would not recommend.,2026-05-20
9377,3867,4,Delivery was late but food was good.,2024-11-11
9378,5188,5,Packaging could be better.,2026-03-10
9379,15427,4,Would not recommend.,2026-06-23
9380,17651,4,Would not recommend.,2026-02-07
9381,16366,5,"Great food, arrived hot!",2025-10-13
9382,1332,5,Perfect as always.,2025-08-11
9383,2515,5,"Great food, arrived hot!",2026-05-07
9384,19578,5,Absolutely delicious.,2025-02-10
9385,12796,5,Best biryani in town.,2025-07-11
9386,8841,5,Absolutely delicious.,2026-03-25
9387,11228,3,Perfect as always.,2025-10-10
9388,15271,4,Perfect as always.,2024-11-16
9389,20605,5,Rider was polite and quick.,2025-05-25
9390,3718,5,Packaging could be better.,2025-08-08
9391,16881,5,Average experience.,2025-10-26
9392,13420,5,Average experience.,2026-06-16
9393,12907,3,Order was missing an item.,2025-06-01
9394,101,4,Portion size was small.,2026-06-19
9395,17261,4,Order was missing an item.,2026-06-06
9396,23749,3,Portion size was small.,2026-04-08
9397,2599,5,Absolutely delicious.,2025-07-06
9398,9992,5,Best biryani in town.,2026-02-15
9399,4879,5,Perfect as always.,2026-06-12
9400,6745,3,Absolutely delicious.,2024-11-14
9401,24531,4,Perfect as always.,2025-10-21
9402,6564,5,"Loved it, will order again.",2026-03-11
9403,7189,5,Delivery was late but food was good.,2026-04-14
9404,13313,3,Packaging could be better.,2026-06-26
9405,11157,4,Average experience.,2025-10-03
9406,21217,1,Would not recommend.,2024-10-02
9407,22938,,Average experience.,2026-06-24
9408,19871,5,Rider was polite and quick.,2026-05-14
9409,485,4,Would not recommend.,2025-10-17
9410,4777,5,Portion size was small.,2026-06-12
9411,18293,5,Would not recommend.,2026-03-05
9412,7987,5,Value for money.,2025-01-01
9413,496,3,Perfect as always.,2025-04-12
9414,1960,2,Perfect as always.,2024-06-21
9415,22841,3,Packaging could be better.,2024-02-28
9416,16747,3,Perfect as always.,2025-10-15
9417,1642,5,"Loved it, will order again.",2026-04-17
9418,16612,2,Food was cold on arrival.,2024-02-06
9419,21610,,"Great food, arrived hot!",2024-09-07
9420,12857,4,Packaging could be better.,2026-01-02
9421,16267,3,Packaging could be better.,2025-07-15
9422,20523,4,Absolutely delicious.,2025-08-29
9423,3856,3,Average experience.,2025-11-13
9424,7137,4,Order was missing an item.,2025-10-21
9425,3829,2,Delivery was late but food was good.,2026-06-27
9426,21097,4,Portion size was small.,2024-07-26
9427,4814,3,Value for money.,2024-04-24
9428,10993,2,Value for money.,2024-10-28
9429,691,4,Average experience.,2026-02-04
9430,7421,4,Best biryani in town.,2026-01-03
9431,21234,5,Delivery was late but food was good.,2026-06-15
9432,24059,1,Food was cold on arrival.,2026-06-25
9433,17817,3,Order was missing an item.,2026-04-15
9434,8166,4,Packaging could be better.,2024-09-06
9435,836,5,Best biryani in town.,2026-06-18
9436,15806,2,Food was cold on arrival.,2025-11-18
9437,16594,,Food was cold on arrival.,2025-09-12
9438,23827,5,Would not recommend.,2024-02-22
9439,11047,4,Delivery was late but food was good.,2024-08-02
9440,10771,5,"Great food, arrived hot!",28/01/2026
9441,18133,4,Average experience.,2025-05-21
9442,15554,2,Rider was polite and quick.,2025-09-21
9443,11381,4,Rider was polite and quick.,2026-01-13
9444,3823,5,Average experience.,2026-05-20
9445,11705,3,Absolutely delicious.,2024-04-19
9446,10627,4,Rider was polite and quick.,06/28/2026
9447,4825,4,Absolutely delicious.,2025-12-05
9448,4141,3,"Great food, arrived hot!",2026-06-17
9449,9562,4,"Great food, arrived hot!",2025-02-16
9450,180,5,Best biryani in town.,2026-01-01
9451,8056,5,Best biryani in town.,2024-07-23
9452,1540,,Delivery was late but food was good.,2026-06-02
9453,12552,5,Portion size was small.,2025-03-06
9454,13237,4,Packaging could be better.,2025-07-08
9455,7391,5,Order was missing an item.,2024-12-21
9456,11990,5,Average experience.,2024-11-12
9457,8984,5,Portion size was small.,2024-11-28
9458,23110,4,"Loved it, will order again.",2025-03-14
9459,9672,3,Average experience.,2025-07-04
9460,537,2,Fresh and tasty.,2025-02-03
9461,24981,3,"Loved it, will order again.",2024-09-30
9462,3668,5,Delivery was late but food was good.,2025-10-05
9463,17506,5,Best biryani in town.,2024-11-12
9464,5456,5,Food was cold on arrival.,2025-10-06
9465,14922,5,Packaging could be better.,2025-08-02
9466,15763,5,Perfect as always.,2025-07-09
9467,20620,1,Packaging could be better.,2026-05-07
9468,23873,2,"Loved it, will order again.",2025-11-14
9469,16044,5,Food was cold on arrival.,2026-06-28
9470,21413,4,Delivery was late but food was good.,2026-01-19
9471,2703,2,Rider was polite and quick.,2025-07-16
9472,5599,5,Portion size was small.,2025-01-06
9473,23429,5,Best biryani in town.,2025-12-17
9474,11132,3,Fresh and tasty.,2024-03-25
9475,3609,4,Fresh and tasty.,2025-07-01
9476,5264,4,Rider was polite and quick.,2026-06-06
9477,533,5,Perfect as always.,2026-03-09
9478,20912,4,"Loved it, will order again.",2025-05-02
9479,14134,5,Perfect as always.,2025-12-25
9480,16426,3,Value for money.,2025-08-30
9481,7854,5,Order was missing an item.,2025-10-20
9482,15691,4,Delivery was late but food was good.,30/08/2025
9483,6239,4,Order was missing an item.,2024-10-09
9484,7569,5,"Loved it, will order again.",2026-02-25
9485,13051,4,Portion size was small.,2025-05-16
9486,8710,5,Delivery was late but food was good.,2025-12-01
9487,6468,4,Packaging could be better.,2024-07-03
9488,9954,4,Portion size was small.,2025-03-16
9489,18230,2,"Loved it, will order again.",2025-12-04
9490,22099,5,Average experience.,2026-06-09
9491,13912,5,Average experience.,2026-05-29
9492,22343,5,"Great food, arrived hot!",2025-09-30
9493,9480,5,"Great food, arrived hot!",2024-08-10
9494,13888,5,Average experience.,2024-11-22
9495,4926,4,"Loved it, will order again.",2025-12-04
9496,24287,3,Perfect as always.,2024-03-28
9497,891,5,Absolutely delicious.,2025-01-25
9498,8298,5,Fresh and tasty.,2025-12-29
9499,14992,1,Portion size was small.,2026-05-31
9500,10795,1,Delivery was late but food was good.,2025-06-22
9501,16857,5,Absolutely delicious.,2026-06-10
9502,4345,4,Value for money.,2025-05-12
9503,21573,4,Best biryani in town.,2024-10-16
9504,20135,4,Perfect as always.,2024-02-04
9505,14416,5,Delivery was late but food was good.,2025-07-28
9506,22466,4,Food was cold on arrival.,2025-11-08
9507,2126,4,Order was missing an item.,2026-04-21
9508,20959,2,Portion size was small.,2026-05-21
9509,495,4,Best biryani in town.,2026-03-05
9510,12507,2,"Great food, arrived hot!",2025-09-08
9511,11912,1,Best biryani in town.,2026-03-10
9512,19601,5,Absolutely delicious.,2026-04-13
9513,15392,5,Best biryani in town.,2024-11-12
9514,4388,3,Food was cold on arrival.,2025-05-28
9515,4956,4,Average experience.,2024-01-05
9516,5801,4,Portion size was small.,2024-05-27
9517,6883,4,"Loved it, will order again.",2026-02-15
9518,16540,5,Best biryani in town.,2026-02-18
9519,24254,2,"Great food, arrived hot!",2024-06-29
9520,23489,4,Food was cold on arrival.,2025-02-05
9521,24954,4,Rider was polite and quick.,2025-09-30
9522,15311,3,"Great food, arrived hot!",2026-05-23
9523,16400,5,"Great food, arrived hot!",2024-04-17
9524,16301,3,Absolutely delicious.,20/03/2026
9525,8138,5,Value for money.,2025-05-30
9526,3940,5,Portion size was small.,2024-11-01
9527,19155,5,Would not recommend.,2025-09-05
9528,1571,4,Average experience.,2025-09-18
9529,20758,4,Packaging could be better.,2025-06-10
9530,18115,5,"Loved it, will order again.",2026-05-12
9531,7564,4,Delivery was late but food was good.,2026-05-06
9532,17137,,Portion size was small.,2025-02-05
9533,20527,4,Fresh and tasty.,2024-11-12
9534,7348,5,Food was cold on arrival.,2025-09-21
9535,15184,3,Order was missing an item.,2026-05-23
9536,16408,5,Average experience.,2025-11-13
9537,2734,5,Best biryani in town.,2025-10-06
9538,3435,3,Delivery was late but food was good.,2026-04-17
9539,11209,5,Packaging could be better.,2024-10-12
9540,12002,2,Food was cold on arrival.,2026-03-06
9541,12059,4,"Great food, arrived hot!",2026-01-21
9542,8054,3,Fresh and tasty.,2026-04-20
9543,173,5,Packaging could be better.,2026-04-30
9544,10785,4,Fresh and tasty.,2024-11-16
9545,21517,4,Would not recommend.,2025-11-18
9546,750,3,Would not recommend.,2026-07-02
9547,7164,3,Best biryani in town.,2026-02-20
9548,20890,3,Portion size was small.,2026-06-26
9549,3440,1,Rider was polite and quick.,2024-08-06
9550,18012,3,Fresh and tasty.,2026-06-09
9551,12568,4,Order was missing an item.,2026-02-26
9552,6996,5,Packaging could be better.,2025-08-02
9553,15124,4,Fresh and tasty.,2025-07-30
9554,24955,5,Absolutely delicious.,2025-04-17
9555,12054,5,Packaging could be better.,2025-01-15
9556,12576,5,Delivery was late but food was good.,2025-04-09
9557,12731,5,Packaging could be better.,2025-12-14
9558,9457,5,Would not recommend.,2025-10-26
9559,21830,4,Absolutely delicious.,2025-10-26
9560,10322,5,Fresh and tasty.,2025-08-11
9561,6243,3,Would not recommend.,2025-07-15
9562,16727,4,Delivery was late but food was good.,2025-07-04
9563,4072,4,Order was missing an item.,2026-01-12
9564,13413,1,Delivery was late but food was good.,2025-08-16
9565,12240,4,"Loved it, will order again.",2025-11-17
9566,6230,4,Average experience.,2024-12-18
9567,19520,3,Average experience.,2025-10-04
9568,8524,2,"Great food, arrived hot!",2024-10-12
9569,24740,2,Food was cold on arrival.,2025-04-13
9570,791,5,"Great food, arrived hot!",2025-02-08
9571,7101,4,Rider was polite and quick.,2025-11-26
9572,15168,4,Food was cold on arrival.,2026-05-18
9573,13190,3,Packaging could be better.,2026-04-03
9574,2450,4,Portion size was small.,2024-10-13
9575,20662,5,Perfect as always.,2026-02-25
9576,1151,4,Average experience.,2026-06-20
9577,19514,4,Packaging could be better.,2025-02-16
9578,4840,5,Value for money.,2026-01-24
9579,14469,4,Value for money.,2026-07-09
9580,14963,3,Perfect as always.,2024-08-30
9581,5991,2,Absolutely delicious.,2026-03-20
9582,18586,4,Order was missing an item.,2024-09-10
9583,20178,1,Fresh and tasty.,2025-06-10
9584,5567,5,Fresh and tasty.,2026-01-01
9585,21160,5,Value for money.,2025-08-13
9586,13263,1,Order was missing an item.,2025-07-08
9587,14428,3,"Great food, arrived hot!",2026-06-17
9588,801,5,Order was missing an item.,2025-11-09
9589,2672,4,Would not recommend.,2025-05-28
9590,22062,3,Best biryani in town.,2025-03-07
9591,18822,5,"Loved it, will order again.",2025-07-05
9592,10215,2,Delivery was late but food was good.,2024-12-13
9593,7469,4,"Loved it, will order again.",2025-04-13
9594,7566,5,Rider was polite and quick.,2026-02-02
9595,24362,3,Fresh and tasty.,2025-10-17
9596,21748,4,Food was cold on arrival.,2026-06-23
9597,5798,3,Packaging could be better.,2025-11-24
9598,15454,5,Food was cold on arrival.,2024-03-21
9599,7096,4,"Loved it, will order again.",2025-12-17
9600,6210,2,Rider was polite and quick.,2025-06-06
9601,17981,2,Value for money.,2025-06-04
9602,12789,5,Would not recommend.,2025-09-15
9603,2890,4,"Great food, arrived hot!",2026-06-11
9604,2111,5,Order was missing an item.,2025-11-06
9605,15023,3,Order was missing an item.,2026-03-29
9606,2104,5,Would not recommend.,2025-01-25
9607,9402,4,Would not recommend.,2025-03-26
9608,12909,4,Perfect as always.,2026-03-20
9609,5060,5,Fresh and tasty.,2026-04-08
9610,18352,4,"Great food, arrived hot!",2026-01-24
9611,6720,3,Portion size was small.,2026-05-27
9612,4367,3,"Great food, arrived hot!",2024-04-09
9613,942,2,Food was cold on arrival.,2026-04-05
9614,17972,4,"Great food, arrived hot!",2026-05-29
9615,16233,2,Rider was polite and quick.,2026-01-11
9616,7214,,Would not recommend.,2026-02-25
9617,22141,3,Rider was polite and quick.,2025-10-24
9618,1643,5,Packaging could be better.,2025-02-10
9619,11473,4,Portion size was small.,2025-12-14
9620,23340,3,Absolutely delicious.,2025-12-07
9621,1683,4,Fresh and tasty.,2024-12-20
9622,24898,4,Perfect as always.,2026-06-13
9623,1672,5,Delivery was late but food was good.,2026-03-30
9624,11143,1,"Loved it, will order again.",2024-07-04
9625,16190,5,Fresh and tasty.,2025-10-19
9626,6799,1,Delivery was late but food was good.,2025-01-02
9627,14186,3,Value for money.,2026-02-22
9628,17549,4,Average experience.,2025-09-17
9629,24126,4,Rider was polite and quick.,2025-11-19
9630,13740,5,"Loved it, will order again.",2026-03-31
9631,4242,5,Value for money.,2026-05-05
9632,23791,4,Portion size was small.,2026-07-02
9633,3985,3,Food was cold on arrival.,2026-04-04
9634,4168,,Absolutely delicious.,2025-12-24
9635,24007,5,Delivery was late but food was good.,2025-10-20
9636,16465,4,"Loved it, will order again.",2026-01-11
9637,4227,5,Fresh and tasty.,2026-03-18
9638,24387,2,Absolutely delicious.,2026-04-24
9639,14357,5,Value for money.,2026-05-22
9640,19837,4,Value for money.,2026-06-30
9641,8961,5,Perfect as always.,2025-08-18
9642,6104,5,Average experience.,2026-05-30
9643,7319,5,"Loved it, will order again.",2026-03-30
9644,1599,4,Value for money.,2025-12-05
9645,13240,5,Food was cold on arrival.,2024-11-18
9646,16116,5,Delivery was late but food was good.,2025-11-03
9647,14581,3,Value for money.,2026-03-30
9648,18878,4,Would not recommend.,2026-02-20
9649,20336,,Absolutely delicious.,2026-01-04
9650,15285,3,Portion size was small.,2026-01-15
9651,1064,4,Packaging could be better.,2025-03-04
9652,4794,5,"Loved it, will order again.",2026-05-24
9653,5543,5,Perfect as always.,2024-11-15
9654,9699,4,Average experience.,2025-08-10
9655,1419,3,"Loved it, will order again.",2024-08-24
9656,204,5,"Loved it, will order again.",2026-05-22
9657,216,3,Perfect as always.,2026-05-06
9658,18629,4,Portion size was small.,2026-06-29
9659,17509,1,Best biryani in town.,2026-05-17
9660,10782,4,Best biryani in town.,2025-12-20
9661,4599,3,Rider was polite and quick.,2025-06-23
9662,19411,5,Portion size was small.,2026-06-16
9663,22729,3,Portion size was small.,2025-08-14
9664,2376,5,Value for money.,2026-06-24
9665,23083,3,"Loved it, will order again.",2024-11-23
9666,1518,5,Packaging could be better.,2026-06-13
9667,2574,5,Fresh and tasty.,2024-12-04
9668,24174,4,Absolutely delicious.,2026-06-28
9669,5708,1,Best biryani in town.,2025-09-30
9670,12642,2,Food was cold on arrival.,2025-07-13
9671,9717,4,"Great food, arrived hot!",2024-03-07
9672,22299,3,Best biryani in town.,2025-06-14
9673,15368,5,Delivery was late but food was good.,24/01/2026
9674,2951,4,Perfect as always.,2026-04-17
9675,17626,5,Food was cold on arrival.,2026-05-18
9676,6185,5,Delivery was late but food was good.,2025-01-12
9677,3882,4,Portion size was small.,2026-06-12
9678,12320,,"Great food, arrived hot!",2026-03-02
9679,22350,4,Portion size was small.,2026-02-20
9680,1340,4,Packaging could be better.,2025-09-16
9681,10835,4,"Great food, arrived hot!",2025-06-04
9682,20771,,Food was cold on arrival.,2026-04-03
9683,19541,5,Best biryani in town.,2025-11-19
9684,4112,5,Food was cold on arrival.,2025-04-20
9685,18598,3,Fresh and tasty.,2024-12-04
9686,288,4,Rider was polite and quick.,2025-06-16
9687,19318,4,Portion size was small.,2025-03-17
9688,16360,5,Perfect as always.,2026-05-06
9689,5995,5,Delivery was late but food was good.,2025-03-29
9690,2091,4,Order was missing an item.,2024-12-23
9691,20338,1,Portion size was small.,2026-06-13
9692,2082,3,Would not recommend.,2026-06-05
9693,8789,4,"Great food, arrived hot!",2025-04-22
9694,6102,3,Rider was polite and quick.,2024-07-22
9695,13343,5,Delivery was late but food was good.,2025-06-05
9696,5748,3,Rider was polite and quick.,2024-10-08
9697,20609,5,Absolutely delicious.,2026-05-02
9698,17714,4,Best biryani in town.,2026-04-15
9699,13770,1,Order was missing an item.,2025-08-07
9700,23343,5,Perfect as always.,2026-06-21
9701,16704,2,Best biryani in town.,2024-05-24
9702,9865,5,Delivery was late but food was good.,2026-03-24
9703,7314,4,Fresh and tasty.,2025-08-26
9704,13746,2,Would not recommend.,2026-05-08
9705,2809,2,Best biryani in town.,2026-05-01
9706,23486,5,Food was cold on arrival.,2025-04-01
9707,18663,4,Food was cold on arrival.,2026-02-06
9708,15086,5,Fresh and tasty.,2025-04-05
9709,20557,4,Portion size was small.,2026-02-07
9710,19267,5,Food was cold on arrival.,2025-08-25
9711,14551,4,Best biryani in town.,2025-10-18
9712,20648,5,Perfect as always.,2025-09-12
9713,10549,1,"Great food, arrived hot!",2024-09-30
9714,11310,1,Portion size was small.,2026-05-05
9715,1563,5,Rider was polite and quick.,2025-04-09
9716,10380,5,Rider was polite and quick.,2025-05-28
9717,9773,4,Delivery was late but food was good.,2026-04-08
9718,13748,4,Fresh and tasty.,2025-05-24
9719,3408,4,Value for money.,2026-06-28
9720,23386,5,Order was missing an item.,2026-02-15
9721,14210,2,Value for money.,2025-07-09
9722,17150,4,Food was cold on arrival.,2026-03-26
9723,6679,3,Portion size was small.,2024-03-08
9724,18507,5,Food was cold on arrival.,2026-03-14
9725,17765,4,Value for money.,2026-03-17
9726,19854,5,Absolutely delicious.,2025-10-26
9727,24956,,Absolutely delicious.,2026-05-13
9728,15645,2,Fresh and tasty.,2024-08-13
9729,8654,5,Best biryani in town.,2026-06-18
9730,22154,4,Packaging could be better.,2025-06-17
9731,18578,5,Packaging could be better.,2024-10-17
9732,14956,4,Rider was polite and quick.,2026-07-06
9733,1341,4,Best biryani in town.,2026-04-21
9734,17180,5,Perfect as always.,2026-06-20
9735,20999,2,Perfect as always.,2025-05-20
9736,13249,3,Absolutely delicious.,2024-10-11
9737,12865,5,Food was cold on arrival.,2026-01-09
9738,4458,4,Average experience.,2025-11-13
9739,1484,3,Delivery was late but food was good.,2025-03-15
9740,24878,5,Rider was polite and quick.,2025-07-31
9741,22917,,Delivery was late but food was good.,2025-03-18
9742,11348,5,Perfect as always.,2025-04-16
9743,8818,5,Packaging could be better.,2026-03-27
9744,18292,2,Average experience.,2025-04-01
9745,17272,4,Average experience.,2025-09-24
9746,20529,5,Best biryani in town.,2025-07-28
9747,20902,4,Value for money.,2024-02-28
9748,9428,4,Perfect as always.,2026-03-22
9749,24082,2,Average experience.,2026-04-07
9750,23700,2,Value for money.,2026-01-26
9751,4887,5,Rider was polite and quick.,2026-05-02
9752,7191,3,Best biryani in town.,2026-04-15
9753,6573,1,"Great food, arrived hot!",2025-02-07
9754,11968,5,Fresh and tasty.,2026-06-07
9755,3413,4,Would not recommend.,2026-04-19
9756,7972,3,Value for money.,2024-02-04
9757,3914,3,Fresh and tasty.,2026-04-02
9758,15712,5,Portion size was small.,2025-10-10
9759,4135,1,"Great food, arrived hot!",2025-07-02
9760,2388,4,Food was cold on arrival.,2026-01-13
9761,8280,3,Best biryani in town.,2025-10-26
9762,4477,1,Best biryani in town.,2026-05-23
9763,18201,3,"Great food, arrived hot!",2026-05-12
9764,1001,5,Best biryani in town.,2026-07-01
9765,10664,4,Absolutely delicious.,2025-01-25
9766,19151,4,"Loved it, will order again.",2026-01-16
9767,5840,4,Best biryani in town.,2026-05-09
9768,2698,2,"Loved it, will order again.",2026-01-05
9769,7696,2,Value for money.,2025-12-15
9770,20611,4,Best biryani in town.,2026-03-19
9771,14743,3,Delivery was late but food was good.,2025-05-11
9772,17891,5,Would not recommend.,2025-10-20
9773,13719,5,Delivery was late but food was good.,2025-05-19
9774,17735,4,Rider was polite and quick.,2026-04-21
9775,24212,,Best biryani in town.,2026-06-27
9776,11148,5,Average experience.,2026-03-05
9777,20204,4,Portion size was small.,2026-03-02
9778,5909,4,Average experience.,2026-03-09
9779,1112,4,Value for money.,2026-05-14
9780,5583,3,Would not recommend.,2025-10-16
9781,20071,4,Delivery was late but food was good.,2026-06-13
9782,1320,5,Absolutely delicious.,2024-03-18
9783,1867,4,"Great food, arrived hot!",2026-04-14
9784,21238,5,Value for money.,2025-11-29
9785,12336,4,Would not recommend.,2026-02-23
9786,19560,,Would not recommend.,2026-07-07
9787,1316,5,"Loved it, will order again.",2026-02-16
9788,6237,1,Food was cold on arrival.,2026-02-08
9789,21765,5,Food was cold on arrival.,2026-05-29
9790,23963,3,Packaging could be better.,2024-06-16
9791,15630,4,Value for money.,2026-01-22
9792,14111,5,Best biryani in town.,2025-07-19
9793,15756,3,Average experience.,2026-05-21
9794,11706,1,Absolutely delicious.,2025-04-13
9795,15329,4,Would not recommend.,2025-07-17
9796,16399,3,Value for money.,2026-02-14
9797,7932,5,Perfect as always.,2025-03-04
9798,22571,3,Average experience.,2025-11-05
9799,23707,5,Average experience.,2026-01-11
9800,4906,5,Best biryani in town.,2026-04-14
9801,3191,4,Packaging could be better.,2025-08-02
9802,8613,5,Would not recommend.,2025-02-01
9803,23990,,Packaging could be better.,2025-02-22
9804,2685,4,"Great food, arrived hot!",2025-08-06
9805,20868,1,Would not recommend.,2024-09-12
9806,14667,2,Packaging could be better.,2024-11-18
9807,3073,4,Order was missing an item.,2025-07-04
9808,694,,Perfect as always.,2025-12-17
9809,15609,5,Perfect as always.,2024-09-16
9810,21613,3,Delivery was late but food was good.,2025-09-15
9811,201,5,Would not recommend.,2026-04-14
9812,17011,,Best biryani in town.,2026-06-18
9813,8238,5,Perfect as always.,2025-09-22
9814,7476,3,"Loved it, will order again.",01/05/2026
9815,6703,1,Order was missing an item.,2026-06-28
9816,5924,3,Delivery was late but food was good.,2024-10-08
9817,8078,5,Packaging could be better.,2025-04-24
9818,671,4,"Loved it, will order again.",2026-04-27
9819,11570,5,Delivery was late but food was good.,2026-02-04
9820,16194,5,Fresh and tasty.,2026-02-07
9821,6273,5,Perfect as always.,2025-01-07
9822,15429,3,Perfect as always.,2024-12-09
9823,22346,5,Perfect as always.,2025-06-16
9824,7896,4,Rider was polite and quick.,2025-03-05
9825,18027,5,Order was missing an item.,2025-03-11
9826,13137,2,Perfect as always.,2026-05-21
9827,23730,5,"Great food, arrived hot!",2026-05-06
9828,4929,5,Best biryani in town.,2026-03-22
9829,10618,3,Absolutely delicious.,05/28/2026
9830,4064,4,Absolutely delicious.,2026-01-21
9831,7369,2,Value for money.,2025-06-08
9832,2741,4,Perfect as always.,2026-06-14
9833,8232,5,Would not recommend.,2025-11-17
9834,6160,,"Great food, arrived hot!",2025-08-11
9835,13981,3,"Loved it, will order again.",2026-04-05
9836,8884,4,Rider was polite and quick.,2026-03-28
9837,14425,3,Packaging could be better.,2026-05-13
9838,19893,5,"Great food, arrived hot!",2024-04-09
9839,14589,5,Absolutely delicious.,2025-12-18
9840,18780,4,Absolutely delicious.,2025-10-26
9841,21314,4,Order was missing an item.,2025-06-26
9842,13837,2,Portion size was small.,2026-02-05
9843,22765,5,Delivery was late but food was good.,2025-06-28
9844,20212,4,Portion size was small.,2024-05-04
9845,22110,4,Average experience.,2025-04-30
9846,13227,4,"Great food, arrived hot!",2025-06-19
9847,4438,,Portion size was small.,2026-05-22
9848,16888,4,Absolutely delicious.,2026-04-16
9849,14097,5,Packaging could be better.,2026-06-10
9850,4232,4,Best biryani in town.,2025-03-28
9851,21689,5,Would not recommend.,2024-10-09
9852,16796,5,Perfect as always.,2025-02-27
9853,17770,,Perfect as always.,2025-10-05
9854,3534,5,Value for money.,2025-08-10
9855,16716,2,"Loved it, will order again.",2024-07-05
9856,1785,4,Absolutely delicious.,2026-06-02
9857,5207,1,Perfect as always.,2026-06-16
9858,17117,,Best biryani in town.,2025-07-03
9859,21730,2,Packaging could be better.,2025-07-21
9860,23160,3,Rider was polite and quick.,2025-09-05
9861,18932,,Rider was polite and quick.,2026-05-28
9862,23406,3,Packaging could be better.,2026-05-29
9863,23723,,Rider was polite and quick.,2026-01-27
9864,20889,3,Packaging could be better.,2025-12-26
9865,16009,4,Food was cold on arrival.,2026-01-12
9866,22178,5,Food was cold on arrival.,2025-10-29
9867,14364,,Order was missing an item.,2026-04-10
9868,23491,5,Portion size was small.,2026-03-19
9869,13426,4,Order was missing an item.,2025-10-16
9870,21499,5,Average experience.,2025-07-11
9871,4771,4,Packaging could be better.,2024-12-19
9872,12432,4,Absolutely delicious.,31/05/2026
9873,16088,4,Food was cold on arrival.,06/12/2025
9874,13461,4,Portion size was small.,2024-02-03
9875,9635,3,Would not recommend.,2025-08-03
9876,19008,4,Fresh and tasty.,2025-09-27
9877,2862,5,Packaging could be better.,2026-04-26
9878,19508,5,Fresh and tasty.,2026-05-26
9879,20473,,Order was missing an item.,2024-11-15
9880,12755,5,Absolutely delicious.,2025-06-06
9881,8972,4,Food was cold on arrival.,2026-01-18
9882,23310,5,Packaging could be better.,2025-05-27
9883,6831,5,"Loved it, will order again.",2025-01-01
9884,17168,5,Order was missing an item.,2025-11-28
9885,3506,4,Packaging could be better.,2025-05-02
9886,13348,3,Order was missing an item.,2026-05-27
9887,6833,5,"Great food, arrived hot!",2026-06-17
9888,12814,5,Fresh and tasty.,2025-10-31
9889,13551,4,"Loved it, will order again.",2026-01-08
9890,13463,3,Best biryani in town.,2025-12-30
9891,7834,4,Absolutely delicious.,2025-08-14
9892,16521,5,Perfect as always.,2026-01-04
9893,12680,5,Value for money.,2026-01-26
9894,23376,5,Best biryani in town.,2026-02-26
9895,8620,4,Perfect as always.,2024-02-03
9896,21443,4,Rider was polite and quick.,2025-07-19
9897,1456,4,"Great food, arrived hot!",2025-05-10
9898,7507,4,Food was cold on arrival.,2026-03-28
9899,8565,4,"Loved it, will order again.",2026-05-13
9900,23550,5,Perfect as always.,2026-06-30
9901,7956,1,Packaging could be better.,2026-06-09
9902,10942,5,Packaging could be better.,2025-12-05
9903,4531,4,Food was cold on arrival.,2024-04-05
9904,3908,5,Food was cold on arrival.,2025-11-08
9905,8674,5,Perfect as always.,2025-04-12
9906,11731,4,Delivery was late but food was good.,2026-05-05
9907,13747,,Order was missing an item.,2026-02-28
9908,17971,2,Perfect as always.,2026-06-15
9909,10551,5,Fresh and tasty.,2025-10-14
9910,1427,2,"Great food, arrived hot!",2025-07-29
9911,13188,5,Perfect as always.,2026-06-16
9912,18439,5,Value for money.,2026-03-30
9913,7632,4,"Great food, arrived hot!",2026-06-21
9914,3410,4,Packaging could be better.,2025-02-11
9915,9295,5,Packaging could be better.,2024-10-17
9916,3049,3,Value for money.,2025-07-26
9917,20321,3,Packaging could be better.,2026-06-01
9918,2378,2,Food was cold on arrival.,2024-11-24
9919,12304,4,Packaging could be better.,2025-12-27
9920,12298,4,Packaging could be better.,2026-06-10
9921,4108,3,Fresh and tasty.,2025-01-18
9922,18036,5,Value for money.,2025-11-14
9923,17058,5,Rider was polite and quick.,2026-07-09
9924,19387,5,Order was missing an item.,2026-02-02
9925,22184,3,Portion size was small.,2026-06-18
9926,10978,4,Delivery was late but food was good.,2026-02-27
9927,7885,5,Perfect as always.,2026-01-22
9928,22352,3,Average experience.,2026-02-21
9929,7781,5,Perfect as always.,2024-03-12
9930,13943,3,Average experience.,2026-06-29
9931,7342,5,Packaging could be better.,2025-08-29
9932,10184,3,Average experience.,2026-06-10
9933,24714,3,Rider was polite and quick.,2026-06-03
9934,16894,5,Best biryani in town.,2026-06-06
9935,12661,4,Perfect as always.,2024-07-25
9936,18406,5,Average experience.,2026-05-06
9937,7627,5,Portion size was small.,2026-04-23
9938,24304,,"Loved it, will order again.",2026-04-25
9939,15420,3,"Great food, arrived hot!",2026-01-27
9940,972,4,Perfect as always.,2026-06-09
9941,15262,,Food was cold on arrival.,2024-12-03
9942,13919,4,Order was missing an item.,2024-05-02
9943,15487,3,Would not recommend.,2026-05-08
9944,581,3,Fresh and tasty.,2026-01-22
9945,2753,5,Perfect as always.,2026-02-21
9946,3056,4,Packaging could be better.,2025-10-27
9947,3738,4,Best biryani in town.,2026-05-31
9948,24509,4,Absolutely delicious.,2026-06-29
9949,12289,3,Delivery was late but food was good.,2024-12-13
9950,3621,5,Rider was polite and quick.,2026-02-14
9951,4238,4,Food was cold on arrival.,2026-06-16
9952,3613,5,Packaging could be better.,2026-06-15
9953,12430,5,Value for money.,13/05/2025
9954,3740,3,Portion size was small.,2026-03-20
9955,8910,3,Food was cold on arrival.,2025-02-25
9956,11475,1,Portion size was small.,2026-02-23
9957,10579,3,Food was cold on arrival.,2026-05-20
9958,22912,5,Order was missing an item.,2024-10-02
9959,701,4,Fresh and tasty.,2025-07-15
9960,12709,4,Order was missing an item.,2025-03-24
9961,9034,5,Value for money.,2025-12-30
9962,14413,4,"Loved it, will order again.",2025-03-26
9963,18839,3,Value for money.,2026-02-06
9964,542,3,Value for money.,2026-02-14
9965,22541,3,Value for money.,2026-04-29
9966,17715,4,Food was cold on arrival.,2024-08-21
9967,19549,1,Perfect as always.,2025-11-23
9968,19118,5,Portion size was small.,2026-06-05
9969,6033,2,Fresh and tasty.,2026-06-15
9970,7811,4,Would not recommend.,2026-06-12
9971,19831,4,Perfect as always.,2025-12-09
9972,2454,1,Fresh and tasty.,2026-06-18
9973,14480,3,Delivery was late but food was good.,2026-02-18
9974,22190,4,Packaging could be better.,2026-05-27
9975,19833,,Average experience.,2024-12-12
9976,15895,2,Rider was polite and quick.,2026-06-19
9977,2097,3,Would not recommend.,2026-07-02
9978,16438,4,Rider was polite and quick.,2024-07-10
9979,17085,5,Perfect as always.,2026-04-23
9980,6810,5,"Loved it, will order again.",2026-06-15
9981,10933,3,Delivery was late but food was good.,2026-04-13
9982,20182,4,Fresh and tasty.,2025-03-28
9983,2879,4,Value for money.,2026-01-10
9984,20742,5,"Great food, arrived hot!",2025-09-10
9985,14455,2,Portion size was small.,2025-10-08
9986,12368,3,Fresh and tasty.,2026-02-07
9987,11399,5,Absolutely delicious.,2025-12-13
9988,19835,4,Average experience.,2024-11-01
9989,18819,5,Fresh and tasty.,2025-02-19
9990,13792,4,Delivery was late but food was good.,2024-05-08
9991,7017,5,Food was cold on arrival.,2025-10-18
9992,18235,4,Order was missing an item.,2024-08-17
9993,8327,5,Best biryani in town.,2026-05-30
9994,7518,5,Best biryani in town.,2024-08-15
9995,1081,4,Would not recommend.,2026-05-19
9996,24970,5,Would not recommend.,2024-11-19
9997,3800,5,Best biryani in town.,2026-06-28
9998,18582,5,Perfect as always.,2026-06-05
9999,19852,1,Portion size was small.,2025-09-10
10000,11207,4,Best biryani in town.,2025-09-15
10001,3537,5,Absolutely delicious.,2026-05-11
10002,1622,3,Food was cold on arrival.,2026-05-07
10003,5917,4,Portion size was small.,2025-08-10
10004,19349,4,Value for money.,2025-12-13
10005,22376,5,Order was missing an item.,2026-06-25
10006,24430,4,Food was cold on arrival.,2026-01-25
10007,8827,4,Packaging could be better.,2025-05-22
10008,9572,4,Food was cold on arrival.,2026-06-18
10009,24769,5,Would not recommend.,2024-10-13
10010,12831,4,Value for money.,2025-11-10
10011,12112,5,"Great food, arrived hot!",2025-12-22
10012,5789,4,Best biryani in town.,2025-08-22
10013,13875,4,Best biryani in town.,2026-06-28
10014,11108,4,Best biryani in town.,2025-06-23
10015,8811,,Average experience.,2026-01-10
10016,4529,5,Fresh and tasty.,2024-12-05
10017,4081,,Fresh and tasty.,2025-09-01
10018,13112,5,Packaging could be better.,2026-05-22
10019,11919,3,Food was cold on arrival.,2026-02-25
10020,17394,5,Value for money.,2025-12-15
10021,24162,4,Best biryani in town.,2025-06-29
10022,18967,4,Rider was polite and quick.,2026-01-17
10023,7928,5,Rider was polite and quick.,2026-06-13
10024,6578,5,"Loved it, will order again.",2026-05-28
10025,4418,4,Fresh and tasty.,2024-02-03
10026,9154,4,Fresh and tasty.,2026-03-31
10027,17855,3,Perfect as always.,2026-03-05
10028,7375,3,"Loved it, will order again.",2025-06-20
10029,23946,4,Fresh and tasty.,06/29/2025
10030,24698,5,Delivery was late but food was good.,2026-03-31
10031,22484,3,Average experience.,2024-08-18
10032,24842,4,Perfect as always.,2026-06-06
10033,20654,5,Best biryani in town.,2025-09-19
10034,8862,4,Best biryani in town.,2026-03-11
10035,20512,4,Best biryani in town.,2025-01-01
10036,3791,5,Value for money.,2024-09-25
10037,5927,4,Portion size was small.,2026-05-08
10038,1578,1,Packaging could be better.,2026-01-23
10039,24188,2,Order was missing an item.,2025-02-24
10040,22252,5,Order was missing an item.,2026-06-05
10041,4623,,Best biryani in town.,2024-08-17
10042,14141,4,Fresh and tasty.,2026-02-19
10043,8720,,Value for money.,2025-04-15
10044,21334,3,"Loved it, will order again.",2026-03-04
10045,22300,4,Rider was polite and quick.,2025-01-24
10046,18767,5,Fresh and tasty.,2025-10-12
10047,24709,5,Order was missing an item.,2025-08-08
10048,15343,2,"Loved it, will order again.",2025-05-24
10049,7290,3,Packaging could be better.,2025-12-04
10050,410,5,Rider was polite and quick.,2026-06-15
10051,16136,3,Best biryani in town.,2026-04-30
10052,549,5,Perfect as always.,2025-06-23
10053,14044,5,Delivery was late but food was good.,2026-05-25
10054,24094,4,Rider was polite and quick.,2026-04-05
10055,14498,3,Absolutely delicious.,2025-03-15
10056,6249,1,Would not recommend.,2025-12-25
10057,19272,5,Food was cold on arrival.,2026-02-22
10058,5905,1,Food was cold on arrival.,2026-03-13
10059,23215,4,Value for money.,2025-10-04
10060,23490,5,Perfect as always.,2026-05-23
10061,10159,4,Packaging could be better.,2026-06-15
10062,15633,4,Best biryani in town.,2025-03-11
10063,13910,2,Average experience.,2026-05-12
10064,18791,4,Packaging could be better.,2026-05-19
10065,16458,5,Rider was polite and quick.,2024-05-06
10066,10384,5,Food was cold on arrival.,2025-09-13
10067,15354,5,Fresh and tasty.,2026-02-15
10068,363,5,Would not recommend.,2024-05-06
10069,17557,1,Perfect as always.,2026-01-15
10070,8066,2,"Great food, arrived hot!",2026-03-21
10071,9819,3,Portion size was small.,2026-05-26
10072,7523,4,Absolutely delicious.,2026-06-12
10073,22854,2,Value for money.,2025-10-30
10074,13330,4,Average experience.,2025-12-28
10075,589,4,Fresh and tasty.,2025-07-21
10076,9660,5,"Loved it, will order again.",2026-06-28
10077,22904,3,Value for money.,2025-09-07
10078,7981,4,"Loved it, will order again.",2026-02-23
10079,6424,,Delivery was late but food was good.,2024-03-18
10080,1866,2,"Loved it, will order again.",2025-11-14
10081,717,4,Value for money.,2026-04-11
10082,15527,1,"Loved it, will order again.",2025-03-03
10083,23871,5,Perfect as always.,2024-09-05
10084,15177,5,Food was cold on arrival.,2025-08-30
10085,997,5,Delivery was late but food was good.,2026-03-11
10086,5334,5,Food was cold on arrival.,2026-05-18
10087,909,4,Fresh and tasty.,05/15/2026
10088,4758,5,Portion size was small.,2026-05-15
10089,13887,3,Food was cold on arrival.,2026-04-08
10090,17473,5,Absolutely delicious.,2026-04-02
10091,15243,5,Best biryani in town.,2025-06-16
10092,2978,5,Absolutely delicious.,2025-12-17
10093,12730,5,Absolutely delicious.,2025-05-07
10094,12825,4,Average experience.,2026-03-13
10095,9745,4,Order was missing an item.,2026-04-12
10096,5910,4,Portion size was small.,2025-05-23
10097,3833,3,Best biryani in town.,2024-06-21
10098,6459,4,Food was cold on arrival.,2025-07-04
10099,903,1,Packaging could be better.,2025-05-27
10100,2191,4,Best biryani in town.,2025-11-26
10101,21507,,Food was cold on arrival.,2025-12-19
10102,7682,2,"Loved it, will order again.",2026-04-06
10103,7128,4,Packaging could be better.,2024-11-18
10104,13776,2,Best biryani in town.,2025-09-02
10105,20241,4,Food was cold on arrival.,2025-01-20
10106,6531,5,Value for money.,2026-01-10
10107,1656,4,"Great food, arrived hot!",2025-10-18
10108,15224,5,Average experience.,2026-01-05
10109,10181,4,Absolutely delicious.,2026-05-08
10110,8139,5,Would not recommend.,2026-01-03
10111,2675,4,Portion size was small.,2026-05-25
10112,15215,5,"Great food, arrived hot!",2025-12-02
10113,19947,5,Fresh and tasty.,2026-05-23
10114,14053,5,Packaging could be better.,2025-05-11
10115,13471,5,Best biryani in town.,2025-04-29
10116,9247,5,Order was missing an item.,2025-12-11
10117,6614,4,"Loved it, will order again.",2026-06-25
10118,9236,5,Food was cold on arrival.,2026-03-04
10119,24967,4,Portion size was small.,2026-04-13
10120,11656,5,Order was missing an item.,2026-04-29
10121,14695,4,Would not recommend.,2024-04-17
10122,23754,4,"Great food, arrived hot!",2026-06-06
10123,15031,5,Perfect as always.,2025-07-06
10124,18332,5,Rider was polite and quick.,2025-10-07
10125,5977,4,Delivery was late but food was good.,2024-06-07
10126,3639,4,Absolutely delicious.,2026-04-02
10127,19525,,Delivery was late but food was good.,2024-10-22
10128,23853,4,"Loved it, will order again.",2025-10-27
10129,5824,2,Absolutely delicious.,2026-07-06
10130,13230,3,Delivery was late but food was good.,2024-08-16
10131,16305,5,Packaging could be better.,2025-01-18
10132,766,3,Rider was polite and quick.,2026-01-19
10133,3763,5,"Great food, arrived hot!",2026-03-31
10134,14856,5,Order was missing an item.,2026-04-24
10135,12821,5,Value for money.,2024-06-07
10136,23980,3,"Loved it, will order again.",2024-12-07
10137,20221,4,Portion size was small.,2026-04-21
10138,6530,4,"Great food, arrived hot!",2025-03-13
10139,9469,5,Rider was polite and quick.,2025-04-11
10140,23799,4,Best biryani in town.,2026-03-14
10141,22826,4,Best biryani in town.,2025-08-20
10142,16871,5,Would not recommend.,2025-12-02
10143,2892,5,Fresh and tasty.,2026-07-04
10144,13566,,"Great food, arrived hot!",2026-04-16
10145,14746,3,"Great food, arrived hot!",2026-06-08
10146,2989,4,Fresh and tasty.,2024-11-13
10147,17307,3,Portion size was small.,2026-02-23
10148,4809,4,Delivery was late but food was good.,2026-04-04
10149,20850,1,Rider was polite and quick.,2024-03-02
10150,11583,5,Delivery was late but food was good.,2025-11-24
10151,2403,4,Delivery was late but food was good.,2026-03-31
10152,9298,4,Packaging could be better.,2026-05-30
10153,10367,5,Delivery was late but food was good.,2026-05-11
10154,1421,5,Rider was polite and quick.,2026-05-18
10155,20590,5,Delivery was late but food was good.,2025-11-17
10156,19085,4,Fresh and tasty.,2026-02-08
10157,9957,3,Perfect as always.,2026-06-01
10158,21127,5,Fresh and tasty.,25/05/2026
10159,18465,5,Best biryani in town.,2025-08-01
10160,17826,5,Absolutely delicious.,2026-02-03
10161,2717,3,Rider was polite and quick.,2026-05-23
10162,8500,5,Food was cold on arrival.,2026-06-18
10163,13506,2,Fresh and tasty.,2026-04-07
10164,7377,4,Absolutely delicious.,2025-01-19
10165,2815,4,Perfect as always.,2026-07-02
10166,16456,5,Food was cold on arrival.,2026-05-07
10167,6606,5,Portion size was small.,2026-01-21
10168,21518,5,Value for money.,2025-12-07
10169,17211,4,"Loved it, will order again.",2025-04-18
10170,22511,4,Average experience.,2025-03-10
10171,4616,5,Delivery was late but food was good.,2026-03-15
10172,9478,5,"Great food, arrived hot!",2024-04-14
10173,19566,5,Food was cold on arrival.,2025-03-27
10174,5164,4,Portion size was small.,2026-03-08
10175,9794,4,"Great food, arrived hot!",2025-11-10
10176,17264,4,Delivery was late but food was good.,2025-12-06
10177,5653,5,Packaging could be better.,2025-06-14
10178,19258,5,Delivery was late but food was good.,2025-01-26
10179,17132,5,Food was cold on arrival.,2026-06-30
10180,6404,5,Packaging could be better.,2026-06-10
10181,10755,5,Perfect as always.,2026-04-19
10182,4752,5,Packaging could be better.,2026-06-14
10183,15463,4,Average experience.,2025-07-19
10184,2868,4,Delivery was late but food was good.,2026-03-15
10185,16478,2,Packaging could be better.,17/11/2025
10186,10124,4,Would not recommend.,2026-04-25
10187,11374,2,Rider was polite and quick.,2024-08-21
10188,19201,4,Rider was polite and quick.,2026-06-27
10189,3883,3,Value for money.,2026-06-20
10190,16509,5,Packaging could be better.,2026-02-27
10191,9280,5,"Great food, arrived hot!",2024-07-10
10192,8060,1,Absolutely delicious.,2026-05-11
10193,4933,4,Order was missing an item.,2024-06-12
10194,14306,5,"Loved it, will order again.",2026-06-13
10195,3081,5,Rider was polite and quick.,2026-04-17
10196,19621,5,"Loved it, will order again.",2025-01-11
10197,24333,5,Perfect as always.,2024-08-05
10198,16365,,Rider was polite and quick.,2026-05-28
10199,16359,4,Average experience.,2026-04-27
10200,12111,5,Perfect as always.,2026-01-25
10201,6379,,Order was missing an item.,2026-05-30
10202,5692,1,Food was cold on arrival.,2026-03-14
10203,13001,2,Portion size was small.,2026-03-02
10204,12178,5,Order was missing an item.,2026-06-14
10205,16095,2,Would not recommend.,2026-06-24
10206,19231,3,"Loved it, will order again.",2026-04-30
10207,18001,3,Food was cold on arrival.,2025-09-16
10208,6610,5,Absolutely delicious.,2026-05-04
10209,17961,5,"Loved it, will order again.",2026-05-15
10210,24275,5,Rider was polite and quick.,2025-03-26
10211,22119,,Perfect as always.,2026-04-09
10212,6642,4,Order was missing an item.,2025-09-10
10213,3137,4,Would not recommend.,2025-02-27
10214,232,5,Fresh and tasty.,2024-03-09
10215,10372,2,Average experience.,2025-08-01
10216,13612,5,Perfect as always.,2026-05-01
10217,5511,4,Order was missing an item.,2025-11-19
10218,1556,4,Order was missing an item.,2026-06-04
10219,1905,5,Fresh and tasty.,2026-01-12
10220,3225,5,Rider was polite and quick.,2025-06-17
10221,23893,4,Rider was polite and quick.,2026-06-15
10222,18832,,Fresh and tasty.,2026-07-01
10223,23785,5,Average experience.,2024-11-01
10224,21121,4,Best biryani in town.,2026-02-17
10225,4285,4,"Loved it, will order again.",2025-10-13
10226,9755,1,Value for money.,2025-04-12
10227,1075,5,Value for money.,2024-05-03
10228,23689,5,Portion size was small.,06/24/2025
10229,17489,5,Best biryani in town.,2025-09-04
10230,18837,4,Perfect as always.,2026-01-28
10231,24027,5,Delivery was late but food was good.,2024-09-12
10232,23101,5,Fresh and tasty.,2025-07-03
10233,11798,5,Best biryani in town.,2026-03-11
10234,19613,3,Delivery was late but food was good.,2026-03-11
10235,11186,4,Average experience.,2026-06-25
10236,6687,5,Value for money.,2026-01-08
10237,8245,5,Portion size was small.,2026-05-14
10238,8031,4,"Great food, arrived hot!",2025-01-06
10239,22926,,Food was cold on arrival.,2025-11-05
10240,13893,3,Portion size was small.,2026-06-05
10241,2558,2,Delivery was late but food was good.,2025-01-27
10242,10490,,Food was cold on arrival.,2025-05-14
10243,4500,4,Fresh and tasty.,2025-09-02
10244,3696,3,"Loved it, will order again.",2025-11-20
10245,2333,5,Perfect as always.,2025-11-23
10246,2279,4,Absolutely delicious.,2025-11-11
10247,21268,4,Rider was polite and quick.,2024-12-25
10248,22644,3,Absolutely delicious.,2026-02-16
10249,11578,5,Portion size was small.,2026-03-18
10250,15946,,"Loved it, will order again.",2025-05-26
10251,12897,1,Best biryani in town.,08/05/2026
10252,8276,4,Order was missing an item.,2025-03-25
10253,15013,4,Rider was polite and quick.,2025-03-28
10254,5628,2,Fresh and tasty.,2025-09-13
10255,14751,5,Rider was polite and quick.,2026-03-13
10256,14918,1,Portion size was small.,2026-03-25
10257,15022,5,"Loved it, will order again.",2024-11-01
10258,7639,5,Delivery was late but food was good.,2025-07-23
10259,1237,5,Delivery was late but food was good.,2025-02-10
10260,12592,1,Absolutely delicious.,06/05/2024
10261,20228,4,Best biryani in town.,2025-07-15
10262,24601,1,Packaging could be better.,2026-01-11
10263,9989,5,Order was missing an item.,2025-01-08
10264,4356,,Order was missing an item.,2024-12-26
10265,22095,4,Fresh and tasty.,2026-01-21
10266,19089,4,Portion size was small.,2026-05-25
10267,18909,3,Rider was polite and quick.,2026-05-25
10268,4391,2,Perfect as always.,2026-05-07
10269,2043,2,Best biryani in town.,2025-01-06
10270,8761,5,Delivery was late but food was good.,2026-02-05
10271,22091,5,Value for money.,2025-12-12
10272,18521,5,Food was cold on arrival.,2025-09-08
10273,11443,2,Perfect as always.,2026-05-10
10274,23010,5,Rider was polite and quick.,2025-05-27
10275,12344,1,Packaging could be better.,2026-05-08
10276,20822,5,"Great food, arrived hot!",2025-04-26
10277,24051,4,Fresh and tasty.,2025-10-23
10278,10612,5,Packaging could be better.,2025-01-08
10279,21409,1,"Great food, arrived hot!",2026-05-27
10280,8838,3,Would not recommend.,2025-12-18
10281,19141,4,Order was missing an item.,2024-03-21
10282,19504,4,Order was missing an item.,2024-12-04
10283,1153,5,Rider was polite and quick.,2025-05-10
10284,7432,5,Best biryani in town.,2024-10-25
10285,16187,4,Order was missing an item.,2026-06-25
10286,3352,,Average experience.,2026-05-25
10287,3707,3,Value for money.,2024-08-19
10288,24628,2,Average experience.,2026-01-08
10289,15580,5,Would not recommend.,2025-09-23
10290,18233,5,Best biryani in town.,2026-02-28
10291,20201,5,Absolutely delicious.,2026-04-26
10292,11483,2,Best biryani in town.,2024-03-19
10293,15076,2,Order was missing an item.,2026-03-29
10294,16687,4,Best biryani in town.,2026-06-26
10295,874,4,Absolutely delicious.,2026-06-03
10296,7796,4,"Great food, arrived hot!",2025-09-24
10297,20147,4,Would not recommend.,2026-06-26
10298,16621,5,Food was cold on arrival.,2026-04-28
10299,3429,4,Order was missing an item.,2026-04-04
10300,22160,5,Packaging could be better.,2025-04-04
10301,13675,4,Fresh and tasty.,2026-06-27
10302,15045,5,"Loved it, will order again.",2026-02-07
10303,9617,5,Packaging could be better.,2026-01-24
10304,24656,5,Fresh and tasty.,2025-09-15
10305,8668,2,Food was cold on arrival.,2025-02-09
10306,16593,4,Portion size was small.,2024-09-15
10307,12558,5,Best biryani in town.,2025-11-19
10308,10014,5,Portion size was small.,2024-11-18
10309,24052,2,Best biryani in town.,2026-04-27
10310,17453,1,Delivery was late but food was good.,2025-05-14
10311,23802,4,Best biryani in town.,2026-07-01
10312,15939,4,"Great food, arrived hot!",2026-01-20
10313,22116,5,"Loved it, will order again.",2026-06-10
10314,21122,4,Value for money.,2024-04-08
10315,6905,3,Rider was polite and quick.,2025-11-06
10316,3284,5,Best biryani in town.,2026-01-09
10317,18816,4,Food was cold on arrival.,2026-06-07
10318,17177,4,Value for money.,2026-03-19
10319,13628,1,Fresh and tasty.,2026-07-05
10320,6381,3,Food was cold on arrival.,2025-03-15
10321,15150,4,Average experience.,2026-05-28
10322,11976,3,Food was cold on arrival.,2025-04-27
10323,3685,3,Rider was polite and quick.,2024-10-25
10324,6856,5,Best biryani in town.,2026-04-03
10325,5378,5,Fresh and tasty.,2025-07-06
10326,6891,5,Average experience.,2026-05-25
10327,11170,4,"Great food, arrived hot!",2025-08-18
10328,17465,4,Average experience.,2026-04-25
10329,15162,5,Best biryani in town.,2026-06-15
10330,15256,4,"Great food, arrived hot!",2026-03-13
10331,21239,4,Value for money.,2026-02-18
10332,16413,3,Rider was polite and quick.,2025-02-11
10333,14673,4,"Great food, arrived hot!",2025-01-08
10334,9888,5,Order was missing an item.,2026-02-14
10335,18336,5,Value for money.,2025-09-13
10336,16007,2,Absolutely delicious.,2025-10-08
10337,2782,5,Packaging could be better.,2025-11-01
10338,2580,5,Delivery was late but food was good.,2026-04-01
10339,12654,4,Would not recommend.,2025-11-10
10340,3611,5,Absolutely delicious.,2026-06-22
10341,21205,5,Would not recommend.,2025-12-24
10342,195,4,Perfect as always.,2026-06-14
10343,1668,4,Absolutely delicious.,2025-12-02
10344,9530,4,Best biryani in town.,2025-05-26
10345,12039,5,Value for money.,2026-04-04
10346,21664,3,Fresh and tasty.,12/27/2024
10347,5305,3,Perfect as always.,2025-12-25
10348,17491,4,Food was cold on arrival.,2024-04-15
10349,18454,,"Loved it, will order again.",2026-06-01
10350,7341,4,Value for money.,2026-02-10
10351,3505,3,Delivery was late but food was good.,2026-06-03
10352,16579,3,Best biryani in town.,2024-07-12
10353,23840,5,Delivery was late but food was good.,2026-02-13
10354,17278,3,Absolutely delicious.,2025-04-15
10355,7733,2,Best biryani in town.,2026-04-01
10356,20892,4,Packaging could be better.,2025-08-19
10357,17297,,Portion size was small.,2024-12-10
10358,16976,5,"Loved it, will order again.",2026-03-24
10359,15586,4,Value for money.,2026-04-24
10360,22356,4,Value for money.,2025-08-15
10361,23600,4,Packaging could be better.,2026-01-19
10362,4562,4,Perfect as always.,2026-04-04
10363,14106,5,Order was missing an item.,2026-06-10
10364,4946,4,Best biryani in town.,2025-10-15
10365,22750,5,Delivery was late but food was good.,2024-08-30
10366,22429,1,Would not recommend.,2026-06-09
10367,2374,5,"Great food, arrived hot!",2026-06-23
10368,12273,4,Absolutely delicious.,2026-03-07
10369,14785,4,Absolutely delicious.,2024-12-05
10370,10344,5,Order was missing an item.,2025-08-02
10371,17171,5,Perfect as always.,2024-09-25
10372,12044,4,Delivery was late but food was good.,02/06/2026
10373,24668,1,Food was cold on arrival.,2025-09-18
10374,23383,5,Order was missing an item.,2024-12-15
10375,3135,5,Absolutely delicious.,2026-03-27
10376,15346,4,Fresh and tasty.,2026-05-27
10377,20443,4,Portion size was small.,2026-04-20
10378,13939,2,Best biryani in town.,2026-06-25
10379,1897,4,Fresh and tasty.,2026-06-18
10380,3507,5,Perfect as always.,2026-02-08
10381,5435,3,Order was missing an item.,2025-10-13
10382,8177,5,Rider was polite and quick.,2024-05-09
10383,12662,5,Portion size was small.,2026-05-27
10384,6150,3,Portion size was small.,2026-06-08
10385,19187,4,Packaging could be better.,2024-01-11
10386,7179,3,Rider was polite and quick.,2025-11-07
10387,8874,2,Perfect as always.,2026-03-29
10388,17032,5,Delivery was late but food was good.,2024-06-19
10389,957,4,Would not recommend.,2025-07-26
10390,10885,4,Food was cold on arrival.,2026-04-28
10391,11878,4,Portion size was small.,2025-07-02
10392,12823,2,Packaging could be better.,2026-06-23
10393,19087,2,"Loved it, will order again.",2026-03-28
10394,15872,2,Best biryani in town.,2025-03-13
10395,11306,3,Rider was polite and quick.,2026-05-07
10396,23125,2,Average experience.,2026-06-30
10397,17747,5,Packaging could be better.,2025-09-08
10398,15995,4,Average experience.,2026-03-23
10399,64,5,"Great food, arrived hot!",2026-05-13
10400,2609,4,Value for money.,2025-09-30
10401,8735,3,Would not recommend.,2025-11-11
10402,19429,,Perfect as always.,2026-03-08
10403,22187,5,Would not recommend.,2025-10-17
10404,512,4,Absolutely delicious.,2024-09-29
10405,15719,1,Best biryani in town.,2026-06-16
10406,19047,3,Food was cold on arrival.,2025-06-13
10407,23883,5,Absolutely delicious.,10/01/2025
10408,1748,2,Value for money.,2026-05-26
10409,18397,2,"Great food, arrived hot!",2026-03-07
10410,3579,5,Best biryani in town.,2024-07-28
10411,20961,4,Food was cold on arrival.,2026-06-24
10412,7646,5,Fresh and tasty.,2026-07-07
10413,20528,5,Average experience.,2025-02-15
10414,11340,4,Delivery was late but food was good.,2025-09-06
10415,6357,5,Fresh and tasty.,2026-07-06
10416,3510,2,Delivery was late but food was good.,2026-06-02
10417,9664,5,Best biryani in town.,2025-08-14
10418,6278,2,Food was cold on arrival.,2026-06-04
10419,17947,5,"Great food, arrived hot!",2025-12-25
10420,417,4,Delivery was late but food was good.,2026-03-28
10421,7317,2,Would not recommend.,2025-12-30
10422,5822,5,Value for money.,2026-02-05
10423,2363,1,Portion size was small.,2026-06-21
10424,14482,,Best biryani in town.,2025-05-05
10425,19623,5,Packaging could be better.,2025-11-15
10426,2668,4,"Great food, arrived hot!",2025-05-26
10427,2355,4,Fresh and tasty.,2026-01-04
10428,23642,4,Order was missing an item.,2025-01-07
10429,23103,4,Absolutely delicious.,2026-04-08
10430,15476,5,Rider was polite and quick.,2025-11-23
10431,8140,5,Rider was polite and quick.,2026-01-07
10432,24771,,Food was cold on arrival.,2025-10-03
10433,18533,,Order was missing an item.,2025-08-23
10434,3600,4,Delivery was late but food was good.,2025-03-20
10435,2398,4,Average experience.,2025-10-26
10436,21294,5,Absolutely delicious.,2026-01-23
10437,14391,4,Portion size was small.,2025-10-13
10438,4686,1,"Great food, arrived hot!",2026-05-23
10439,14166,5,Absolutely delicious.,2026-01-30
10440,19734,3,Would not recommend.,2026-04-21
10441,16209,1,Best biryani in town.,2025-11-15
10442,23534,4,Packaging could be better.,2025-10-05
10443,3104,1,Average experience.,2025-10-29
10444,22221,4,Absolutely delicious.,2025-09-17
10445,11074,4,Would not recommend.,2025-11-03
10446,10056,4,Perfect as always.,2026-06-03
10447,15884,3,Fresh and tasty.,2024-06-11
10448,19341,5,Order was missing an item.,2026-05-24
10449,18266,4,Order was missing an item.,2025-08-09
10450,11739,4,Portion size was small.,2025-03-09
10451,21725,4,Food was cold on arrival.,2025-10-05
10452,15641,5,Rider was polite and quick.,2025-11-19
10453,5324,5,"Great food, arrived hot!",2026-04-01
10454,16498,3,Average experience.,2026-03-12
10455,12670,2,Perfect as always.,2025-07-24
10456,6005,4,Portion size was small.,05/09/2026
10457,21754,4,Best biryani in town.,2025-11-18
10458,647,5,Fresh and tasty.,2026-05-18
10459,3566,1,"Great food, arrived hot!",2026-06-29
10460,9470,4,Value for money.,2026-01-29
10461,3464,2,Packaging could be better.,2024-04-14
10462,18079,5,Average experience.,2026-01-12
10463,4927,4,Portion size was small.,2024-08-23
10464,11633,4,Delivery was late but food was good.,2026-03-27
10465,3271,3,"Loved it, will order again.",2024-10-04
10466,22481,,Delivery was late but food was good.,2025-06-18
10467,13440,5,Average experience.,2025-06-13
10468,5894,4,Rider was polite and quick.,2026-05-23
10469,14973,3,Perfect as always.,2025-08-23
10470,18935,4,Delivery was late but food was good.,2026-05-16
10471,8388,4,"Loved it, will order again.",2025-06-28
10472,8375,4,Best biryani in town.,2025-04-22
10473,4457,1,Fresh and tasty.,2024-08-27
10474,6797,5,"Great food, arrived hot!",2026-03-03
10475,10584,,Average experience.,2026-05-04
10476,11223,5,Packaging could be better.,2026-06-22
10477,14735,4,Delivery was late but food was good.,2024-01-30
10478,12103,3,"Great food, arrived hot!",2025-07-17
10479,1363,2,Portion size was small.,2026-01-12
10480,15992,5,Perfect as always.,2025-12-08
10481,6425,1,Food was cold on arrival.,2026-05-29
10482,9041,5,Delivery was late but food was good.,2026-05-19
10483,17806,5,"Loved it, will order again.",2025-03-30
10484,2103,4,Rider was polite and quick.,02/06/2026
10485,12040,2,Average experience.,2024-11-19
10486,12676,4,Fresh and tasty.,2026-06-14
10487,5996,5,Value for money.,2024-09-25
10488,22087,2,Value for money.,2025-08-22
10489,3029,5,Average experience.,2025-07-15
10490,20,4,Best biryani in town.,2025-01-18
10491,19105,5,"Loved it, will order again.",2026-06-09
10492,18365,3,Fresh and tasty.,2025-07-06
10493,18155,1,Best biryani in town.,2026-06-06
10494,3401,4,Perfect as always.,2026-06-20
10495,12299,4,Order was missing an item.,2026-01-10
10496,8909,4,Perfect as always.,2026-03-21
10497,13617,2,Value for money.,2024-06-10
10498,20978,1,Packaging could be better.,2024-11-28
10499,1248,1,"Great food, arrived hot!",2026-06-10
10500,24379,1,Absolutely delicious.,2025-06-30
10501,15711,4,"Loved it, will order again.",2025-05-11
10502,20972,4,Portion size was small.,2026-05-20
10503,4311,3,Food was cold on arrival.,2026-06-11
10504,5167,5,Average experience.,2025-06-17
10505,15565,3,Food was cold on arrival.,2024-10-07
10506,16146,4,Would not recommend.,2026-01-09
10507,19815,4,"Great food, arrived hot!",2026-05-15
10508,2752,5,Would not recommend.,05/05/2024
10509,24081,5,Delivery was late but food was good.,2025-07-16
10510,18615,5,Value for money.,2025-03-24
10511,10186,3,Food was cold on arrival.,2026-01-16
10512,7722,4,Rider was polite and quick.,2025-11-21
10513,17642,4,"Loved it, will order again.",2026-06-28
10514,15568,5,Rider was polite and quick.,2025-10-04
10515,17904,5,Value for money.,2025-08-25
10516,3785,4,Would not recommend.,2024-10-28
10517,14680,5,"Loved it, will order again.",2025-05-05
10518,7294,3,Fresh and tasty.,2026-01-14
10519,15191,5,Packaging could be better.,2026-02-25
10520,19372,5,Food was cold on arrival.,2025-06-20
10521,13684,5,Rider was polite and quick.,2025-12-31
10522,3436,1,Average experience.,2026-05-23
10523,7343,4,Portion size was small.,2026-02-18
10524,19358,4,Order was missing an item.,2026-02-19
10525,15588,3,Food was cold on arrival.,2025-06-03
10526,11385,5,Absolutely delicious.,2026-03-16
10527,23885,2,Order was missing an item.,2026-06-15
10528,10062,5,Delivery was late but food was good.,2025-04-23
10529,20493,5,Best biryani in town.,2026-03-15
10530,20162,3,Packaging could be better.,2026-06-15
10531,20350,5,Delivery was late but food was good.,2024-11-29
10532,6879,4,Food was cold on arrival.,2026-05-21
10533,18760,,Absolutely delicious.,2025-10-31
10534,11449,5,"Loved it, will order again.",2025-05-16
10535,13205,3,"Great food, arrived hot!",2026-04-16
10536,20634,3,Packaging could be better.,2025-06-05
10537,20826,3,Value for money.,2025-03-20
10538,7407,,Fresh and tasty.,2025-10-12
10539,21021,5,Perfect as always.,2026-02-25
10540,3565,4,Average experience.,2025-08-27
10541,18034,5,Food was cold on arrival.,2025-05-07
10542,14906,1,Best biryani in town.,2026-03-25
10543,3928,4,Average experience.,2024-11-30
10544,22263,5,Food was cold on arrival.,2026-01-25
10545,22839,4,Delivery was late but food was good.,2025-03-13
10546,10472,2,"Great food, arrived hot!",2025-03-13
10547,16685,5,Average experience.,2025-02-16
10548,8474,,Would not recommend.,2026-06-18
10549,8842,5,Fresh and tasty.,2026-01-06
10550,11394,5,Best biryani in town.,2025-11-01
10551,18710,5,Perfect as always.,2025-05-13
10552,24345,5,Delivery was late but food was good.,2025-09-28
10553,9439,5,Order was missing an item.,2026-04-11
10554,1989,5,Portion size was small.,2026-06-27
10555,5022,5,Value for money.,2024-01-14
10556,16419,3,"Loved it, will order again.",2026-06-19
10557,2356,5,Would not recommend.,2025-11-13
10558,5948,,Packaging could be better.,2026-02-26
10559,1781,,Rider was polite and quick.,2025-09-02
10560,15174,5,"Loved it, will order again.",2026-02-23
10561,17692,5,"Loved it, will order again.",2026-04-05
10562,24794,4,Best biryani in town.,2026-06-19
10563,15561,4,"Loved it, will order again.",2026-03-02
10564,1872,3,Value for money.,2025-09-13
10565,7699,4,Absolutely delicious.,2024-07-07
10566,11812,3,Fresh and tasty.,2026-03-22
10567,23022,4,Delivery was late but food was good.,2026-04-22
10568,6837,3,Value for money.,2024-09-28
10569,10361,5,Food was cold on arrival.,2024-09-28
10570,21680,5,"Loved it, will order again.",2026-05-02
10571,17472,4,Packaging could be better.,2024-08-03
10572,16975,1,"Great food, arrived hot!",2025-12-11
10573,14716,4,Average experience.,2026-02-11
10574,11106,4,Food was cold on arrival.,2026-01-14
10575,18323,2,Portion size was small.,2026-05-26
10576,24686,5,"Great food, arrived hot!",2024-10-01
10577,15264,3,Average experience.,2025-12-28
10578,12871,4,Fresh and tasty.,2026-02-04
10579,13277,4,Food was cold on arrival.,2026-01-03
10580,19988,,Fresh and tasty.,2025-08-20
10581,11863,5,Best biryani in town.,2026-01-20
10582,7601,5,Best biryani in town.,2025-07-17
10583,22042,4,Food was cold on arrival.,2025-06-09
10584,10751,5,Would not recommend.,2025-11-05
10585,17298,4,Average experience.,2026-05-19
10586,23152,4,"Loved it, will order again.",2025-03-06
10587,8050,5,Average experience.,2024-06-19
10588,23748,5,"Great food, arrived hot!",2026-05-31
10589,4934,4,Fresh and tasty.,2024-09-02
10590,16398,5,Food was cold on arrival.,2026-01-20
10591,4070,2,Would not recommend.,2025-12-14
10592,22029,5,"Great food, arrived hot!",2026-01-22
10593,11940,5,Would not recommend.,2026-03-19
10594,7958,,Order was missing an item.,2024-06-05
10595,2377,5,Value for money.,2026-01-29
10596,11482,3,Rider was polite and quick.,2026-03-17
10597,9143,5,Value for money.,2026-04-20
10598,9255,2,Food was cold on arrival.,2025-09-02
10599,2773,4,Value for money.,2026-01-03
10600,8998,4,Order was missing an item.,2026-03-01
10601,14870,5,"Loved it, will order again.",2024-02-13
10602,5953,4,Value for money.,2026-06-26
10603,12765,5,Order was missing an item.,2026-05-19
10604,13410,5,Packaging could be better.,2025-10-02
10605,2455,2,"Great food, arrived hot!",2025-09-11
10606,10503,5,Absolutely delicious.,2026-02-22
10607,411,5,Absolutely delicious.,2026-02-14
10608,13218,5,Average experience.,2026-02-06
10609,9049,1,Value for money.,2026-05-07
10610,11267,4,Portion size was small.,2024-11-29
10611,13097,5,Would not recommend.,2024-06-30
10612,22310,4,Perfect as always.,2026-05-02
10613,23091,4,Fresh and tasty.,2026-01-27
10614,16204,5,Average experience.,2026-06-10
10615,6881,3,Would not recommend.,2026-01-10
10616,17076,4,Order was missing an item.,2025-07-30
10617,19780,3,Food was cold on arrival.,2026-03-07
10618,14239,3,Absolutely delicious.,2026-06-04
10619,13627,3,Perfect as always.,2026-07-01
10620,6069,3,Average experience.,2026-07-04
10621,4910,4,Absolutely delicious.,2026-06-10
10622,19667,3,Fresh and tasty.,2025-10-08
10623,17591,2,Rider was polite and quick.,2026-06-17
10624,6834,4,Absolutely delicious.,2026-04-02
10625,4290,5,Perfect as always.,2025-11-02
10626,2260,5,"Loved it, will order again.",2024-06-04
10627,13372,5,Food was cold on arrival.,2026-01-13
10628,9815,4,"Loved it, will order again.",09/10/2025
10629,14320,4,"Loved it, will order again.",2025-10-21
10630,8770,5,Packaging could be better.,2025-06-03
10631,420,,Packaging could be better.,2025-12-23
10632,15701,1,Food was cold on arrival.,2026-06-18
10633,5320,2,Rider was polite and quick.,2026-06-25
10634,6972,5,Best biryani in town.,2025-10-10
10635,12490,4,Portion size was small.,2025-08-10
10636,22694,4,Average experience.,2026-05-12
10637,8723,5,Order was missing an item.,2026-04-17
10638,12884,4,"Loved it, will order again.",2024-10-30
10639,5617,5,Rider was polite and quick.,2025-04-05
10640,4075,4,Packaging could be better.,2026-05-06
10641,18866,4,Absolutely delicious.,2025-10-31
10642,16534,5,Absolutely delicious.,2026-03-23
10643,3656,4,Average experience.,2025-01-28
10644,8024,5,Perfect as always.,2025-12-20
10645,16695,2,Delivery was late but food was good.,2026-04-03
10646,17640,,Portion size was small.,2026-07-06
10647,1912,5,Order was missing an item.,2024-07-21
10648,3957,3,"Loved it, will order again.",2024-07-02
10649,21433,5,Portion size was small.,2025-02-07
10650,10211,3,Rider was polite and quick.,2025-08-29
10651,11718,3,"Loved it, will order again.",2026-03-04
10652,14874,4,Rider was polite and quick.,2025-03-28
10653,13704,5,Delivery was late but food was good.,2025-09-13
10654,24581,2,"Great food, arrived hot!",2025-04-15
10655,15557,1,Perfect as always.,2025-05-10
10656,3592,4,Perfect as always.,2025-02-08
10657,16940,1,Packaging could be better.,2026-04-27
10658,621,3,Would not recommend.,2025-12-21
10659,14762,5,Delivery was late but food was good.,2025-10-20
10660,11850,5,Average experience.,2026-02-18
10661,8095,5,Food was cold on arrival.,2025-12-27
10662,13111,3,Would not recommend.,2026-06-12
10663,15447,5,Portion size was small.,2025-08-03
10664,660,5,Order was missing an item.,2025-06-18
10665,24429,4,Food was cold on arrival.,2026-04-27
10666,873,,Average experience.,2024-08-05
10667,23401,4,Delivery was late but food was good.,2026-05-23
10668,521,4,Absolutely delicious.,2026-01-21
10669,7568,3,Rider was polite and quick.,2025-08-25
10670,12559,5,Value for money.,2025-06-23
10671,6510,4,Perfect as always.,2026-03-03
10672,5265,4,"Loved it, will order again.",2026-05-03
10673,23404,5,"Great food, arrived hot!",2026-03-13
10674,19968,5,Value for money.,2025-09-12
10675,8849,5,Absolutely delicious.,2025-08-04
10676,10577,5,Food was cold on arrival.,2026-06-29
10677,8150,5,Perfect as always.,2025-11-06
10678,9171,1,Absolutely delicious.,2024-04-22
10679,11097,5,"Loved it, will order again.",05/10/2026
10680,11313,2,Average experience.,2025-11-14
10681,19989,4,"Great food, arrived hot!",2025-08-31
10682,19033,3,"Great food, arrived hot!",2026-06-06
10683,11256,3,Perfect as always.,2026-05-02
10684,6981,3,Absolutely delicious.,2026-05-07
10685,14427,,Would not recommend.,2025-09-14
10686,20252,5,Average experience.,2025-12-27
10687,11145,5,Perfect as always.,2025-10-17
10688,11259,5,Portion size was small.,2026-01-15
10689,15205,4,Best biryani in town.,2026-01-30
10690,8498,5,Fresh and tasty.,2026-04-26
10691,20068,4,Rider was polite and quick.,2025-08-06
10692,3147,2,Value for money.,2025-12-08
10693,10557,4,Portion size was small.,2025-12-12
10694,3485,4,"Great food, arrived hot!",2024-10-31
10695,8900,5,Packaging could be better.,2026-01-14
10696,23142,1,Would not recommend.,2025-07-18
10697,19276,4,Absolutely delicious.,2025-11-15
10698,124,5,Average experience.,2024-07-26
10699,11735,5,"Loved it, will order again.",2025-04-19
10700,2585,5,Fresh and tasty.,2025-06-12
10701,15183,3,"Great food, arrived hot!",2026-01-28
10702,15707,5,Food was cold on arrival.,2026-02-26
10703,16024,1,Packaging could be better.,2026-04-02
10704,2907,4,Best biryani in town.,2025-10-19
10705,1285,5,Portion size was small.,2025-12-22
10706,20354,3,Portion size was small.,2025-12-23
10707,22128,5,Rider was polite and quick.,2025-08-23
10708,19806,5,Order was missing an item.,2026-04-24
10709,17142,5,Food was cold on arrival.,2024-11-27
10710,4914,4,Average experience.,2025-10-30
10711,13217,5,"Loved it, will order again.",2026-06-02
10712,6250,5,Average experience.,2025-05-18
10713,19535,5,Fresh and tasty.,2025-07-12
10714,16577,5,Portion size was small.,2025-09-20
10715,9607,4,Order was missing an item.,2026-02-11
10716,4255,4,Portion size was small.,2024-09-17
10717,7475,5,Would not recommend.,2026-04-11
10718,20344,4,Packaging could be better.,2026-04-12
10719,10929,2,Best biryani in town.,2026-02-08
10720,15550,4,Delivery was late but food was good.,30/04/2026
10721,2911,5,Value for money.,2026-06-16
10722,7952,5,Fresh and tasty.,2026-06-06
10723,13161,4,Rider was polite and quick.,2025-10-31
10724,22363,5,Rider was polite and quick.,2025-12-18
10725,12203,4,Order was missing an item.,2026-05-21
10726,22575,4,Food was cold on arrival.,2025-10-28
10727,3404,3,Delivery was late but food was good.,2026-06-17
10728,12491,5,"Great food, arrived hot!",2024-02-21
10729,1718,3,"Loved it, will order again.",2026-02-12
10730,19434,5,"Great food, arrived hot!",2024-01-15
10731,8958,5,Best biryani in town.,2025-07-14
10732,7492,4,Packaging could be better.,2025-11-18
10733,14194,4,Fresh and tasty.,2025-06-28
10734,23928,5,Value for money.,2025-09-23
10735,21737,4,Fresh and tasty.,2026-03-29
10736,3445,5,Food was cold on arrival.,2025-03-13
10737,2238,2,Rider was polite and quick.,2026-05-20
10738,3119,4,Packaging could be better.,2026-05-10
10739,23701,5,Food was cold on arrival.,2026-02-07
10740,17753,1,Best biryani in town.,2025-07-25
10741,19363,,Perfect as always.,2025-11-30
10742,9286,5,Would not recommend.,2025-12-24
10743,14913,5,Perfect as always.,2024-06-03
10744,5696,5,Order was missing an item.,2026-04-10
10745,18495,4,"Great food, arrived hot!",2026-06-20
10746,21649,4,Portion size was small.,2024-02-08
10747,3050,4,Portion size was small.,2026-05-04
10748,10397,2,Average experience.,2026-06-06
10749,9377,3,Value for money.,2026-06-17
10750,565,5,Packaging could be better.,2025-03-19
10751,19246,5,Average experience.,2026-06-03
10752,12932,5,Perfect as always.,2024-12-29
10753,9944,4,Value for money.,2024-06-04
10754,21102,3,Fresh and tasty.,2026-04-11
10755,9107,2,Absolutely delicious.,2025-09-08
10756,17375,4,Food was cold on arrival.,2025-05-17
10757,13903,4,Would not recommend.,2025-11-03
10758,16692,2,Would not recommend.,2025-03-03
10759,490,5,Best biryani in town.,2026-03-31
10760,8696,4,Best biryani in town.,2024-09-03
10761,17277,4,Portion size was small.,2024-08-02
10762,6223,5,Best biryani in town.,2026-01-10
10763,23151,3,"Great food, arrived hot!",2025-11-27
10764,18259,,Would not recommend.,2024-04-10
10765,20181,5,Average experience.,2026-06-25
10766,19817,3,Order was missing an item.,2025-11-26
10767,22681,,Packaging could be better.,2026-02-13
10768,72,2,Best biryani in town.,2025-08-16
10769,1962,5,Absolutely delicious.,2026-03-31
10770,17802,4,Delivery was late but food was good.,2026-04-02
10771,23005,5,Would not recommend.,2024-05-10
10772,14713,4,Average experience.,2025-11-10
10773,1399,2,Delivery was late but food was good.,2026-05-09
10774,14779,2,Portion size was small.,2026-03-27
10775,16641,5,Packaging could be better.,2026-05-29
10776,15306,5,Food was cold on arrival.,2026-01-14
10777,10575,5,Fresh and tasty.,2026-05-30
10778,5786,4,"Loved it, will order again.",2026-04-27
10779,17777,5,Would not recommend.,2026-04-05
10780,7291,1,Absolutely delicious.,2024-11-27
10781,5738,3,Best biryani in town.,2025-04-02
10782,12869,5,Food was cold on arrival.,2024-03-10
10783,11290,3,Perfect as always.,2026-04-15
10784,1829,5,Fresh and tasty.,2024-12-08
10785,7276,5,Portion size was small.,2025-09-13
10786,21968,3,Would not recommend.,2026-01-16
10787,16663,4,Perfect as always.,2025-03-05
10788,15731,4,Packaging could be better.,2025-05-20
10789,10250,4,"Loved it, will order again.",2025-10-20
10790,18803,4,Packaging could be better.,2026-02-22
10791,2778,4,Delivery was late but food was good.,2026-05-18
10792,23668,4,"Loved it, will order again.",2026-05-19
10793,16548,5,Average experience.,2025-01-27
10794,2441,3,Value for money.,2026-02-17
10795,12079,5,Portion size was small.,2025-12-20
10796,10455,4,Delivery was late but food was good.,2025-12-20
10797,11738,3,Absolutely delicious.,2026-04-18
10798,7595,,Perfect as always.,2025-10-08
10799,5520,5,Perfect as always.,2026-01-25
10800,23318,5,Packaging could be better.,2025-06-19
10801,6429,4,"Great food, arrived hot!",2026-02-14
10802,21915,5,Average experience.,2025-09-25
10803,20415,1,Packaging could be better.,2024-12-19
10804,22179,5,Average experience.,2026-06-14
10805,3666,4,"Great food, arrived hot!",2024-10-28
10806,3455,5,Portion size was small.,2026-02-03
10807,282,4,Average experience.,2026-05-17
10808,14362,3,Rider was polite and quick.,2024-07-04
10809,11831,4,"Loved it, will order again.",2025-10-08
10810,2196,4,Value for money.,2024-06-27
10811,465,3,Fresh and tasty.,2026-04-26
10812,3285,5,Would not recommend.,2026-04-04
10813,18160,5,Absolutely delicious.,2025-08-01
10814,811,1,Perfect as always.,2026-01-12
10815,4571,1,"Great food, arrived hot!",2025-12-14
10816,22236,2,Packaging could be better.,2024-09-07
10817,22721,5,Value for money.,2026-05-28
10818,21620,5,"Great food, arrived hot!",2026-06-18
10819,24244,4,Best biryani in town.,2025-10-19
10820,3905,4,"Great food, arrived hot!",2025-03-16
10821,24735,5,Portion size was small.,2026-04-04
10822,1534,4,Would not recommend.,2026-07-02
10823,17982,4,Perfect as always.,2026-03-16
10824,8377,2,Value for money.,2026-02-04
10825,20025,4,Food was cold on arrival.,2026-06-01
10826,2985,4,Best biryani in town.,2026-07-06
10827,20458,3,Order was missing an item.,2026-02-19
10828,8275,,"Great food, arrived hot!",2024-11-04
10829,2567,5,Rider was polite and quick.,2024-04-19
10830,6447,4,Rider was polite and quick.,2025-02-21
10831,1606,4,Packaging could be better.,2026-03-04
10832,23470,3,Fresh and tasty.,2026-05-21
10833,20077,4,Food was cold on arrival.,2025-09-17
10834,16393,4,Order was missing an item.,2026-02-20
10835,1503,4,Fresh and tasty.,2026-03-09
10836,3475,2,Delivery was late but food was good.,2026-04-03
10837,14019,2,Would not recommend.,2025-02-20
10838,14459,5,Portion size was small.,2025-05-24
10839,17110,5,Best biryani in town.,2026-03-17
10840,23313,5,Best biryani in town.,2026-03-17
10841,964,3,Average experience.,2025-02-22
10842,623,5,Rider was polite and quick.,2026-02-25
10843,13340,5,Average experience.,2025-03-20
10844,11694,3,Fresh and tasty.,2026-01-28
10845,23843,5,Value for money.,2025-06-11
10846,10082,4,Average experience.,2026-06-24
10847,20194,3,"Loved it, will order again.",2025-05-06
10848,20195,4,Order was missing an item.,2026-01-10
10849,1315,4,Food was cold on arrival.,2026-04-10
10850,3955,5,Value for money.,2026-02-03
10851,19396,5,Portion size was small.,2024-10-03
10852,16721,4,Order was missing an item.,2025-11-14
10853,14201,3,Rider was polite and quick.,2025-12-07
10854,15870,4,Best biryani in town.,2026-05-04
10855,22009,4,"Loved it, will order again.",2024-06-06
10856,492,1,Absolutely delicious.,2025-02-23
10857,24564,3,Food was cold on arrival.,2026-06-27
10858,6274,5,Food was cold on arrival.,2025-07-02
10859,20378,5,Portion size was small.,2024-03-28
10860,7794,,Food was cold on arrival.,2026-06-29
10861,9581,5,Value for money.,2026-03-08
10862,2713,5,Rider was polite and quick.,2025-03-21
10863,5380,4,Would not recommend.,2026-01-29
10864,5091,4,Best biryani in town.,2026-05-27
10865,12502,4,Would not recommend.,2026-02-22
10866,13381,5,"Loved it, will order again.",2024-03-31
10867,5723,5,Portion size was small.,2026-05-17
10868,16387,4,Best biryani in town.,2026-03-28
10869,11141,4,Packaging could be better.,2025-12-28
10870,18577,3,Portion size was small.,2025-11-13
10871,16132,5,Delivery was late but food was good.,2025-01-24
10872,14231,3,Portion size was small.,2026-06-16
10873,13162,4,Delivery was late but food was good.,2026-05-02
10874,22525,5,Would not recommend.,2025-06-21
10875,16297,2,Delivery was late but food was good.,2026-02-17
10876,8172,5,Fresh and tasty.,2025-12-25
10877,11253,3,Absolutely delicious.,2026-06-17
10878,20179,4,Portion size was small.,2026-05-16
10879,18770,3,Absolutely delicious.,2026-06-19
10880,1924,3,Perfect as always.,2026-03-09
10881,16102,5,Fresh and tasty.,2025-11-22
10882,10202,1,Order was missing an item.,2025-10-21
10883,18912,5,"Great food, arrived hot!",2026-06-15
10884,5009,5,Perfect as always.,2026-05-20
10885,8641,2,Perfect as always.,2026-05-14
10886,1713,5,Value for money.,2026-05-13
10887,5255,4,Best biryani in town.,2025-04-23
10888,215,4,"Great food, arrived hot!",2026-01-03
10889,14971,1,"Loved it, will order again.",2026-02-19
10890,11208,3,Value for money.,2026-04-29
10891,24514,5,Best biryani in town.,2026-07-05
10892,19456,4,"Great food, arrived hot!",2024-11-07
10893,7380,4,Portion size was small.,2025-11-04
10894,5671,5,Average experience.,05/04/2025
10895,3547,4,Packaging could be better.,2024-06-28
10896,12279,4,Rider was polite and quick.,2024-12-21
10897,4366,5,Rider was polite and quick.,2026-03-17
10898,12665,4,Order was missing an item.,2026-06-14
10899,18532,5,Rider was polite and quick.,2025-05-22
10900,9522,4,Best biryani in town.,2025-04-07
10901,12625,4,Food was cold on arrival.,2025-01-05
10902,20367,4,Packaging could be better.,2025-11-07
10903,14116,,Rider was polite and quick.,2025-10-15
10904,11393,5,Rider was polite and quick.,2025-06-20
10905,20063,2,Best biryani in town.,2025-07-14
10906,12834,3,Best biryani in town.,2026-05-16
10907,19009,3,Best biryani in town.,2025-08-29
10908,6106,5,Delivery was late but food was good.,2026-01-27
10909,23398,5,Portion size was small.,2024-12-25
10910,23443,4,Delivery was late but food was good.,2026-06-10
10911,9718,5,Absolutely delicious.,2025-03-29
10912,382,4,Value for money.,2025-05-27
10913,20816,4,Absolutely delicious.,2026-02-15
10914,419,5,Best biryani in town.,2025-11-15
10915,15518,5,"Loved it, will order again.",2026-05-17
10916,12156,4,Absolutely delicious.,2025-05-11
10917,16936,4,Perfect as always.,2025-06-04
10918,8435,4,Delivery was late but food was good.,2026-06-13
10919,11921,5,Absolutely delicious.,2026-06-17
10920,18902,1,Value for money.,2025-05-15
10921,12220,5,Food was cold on arrival.,2026-06-08
10922,3753,5,Average experience.,2025-01-31
10923,13703,2,Portion size was small.,2025-12-15
10924,6955,4,Packaging could be better.,2025-08-13
10925,13497,5,Order was missing an item.,2025-11-10
10926,18853,4,Average experience.,2026-04-01
10927,21375,3,Would not recommend.,2026-06-22
10928,3878,5,Value for money.,2026-04-03
10929,22272,5,Value for money.,2025-11-10
10930,9217,2,Packaging could be better.,2026-06-09
10931,3535,4,Packaging could be better.,2026-01-05
10932,15698,4,Perfect as always.,2026-04-29
10933,23938,3,Rider was polite and quick.,2025-07-09
10934,15839,5,Would not recommend.,2025-11-12
10935,5800,5,"Loved it, will order again.",2025-08-15
10936,24758,4,Food was cold on arrival.,2026-02-11
10937,24113,4,Food was cold on arrival.,2025-06-19
10938,21063,3,Absolutely delicious.,2026-02-08
10939,8562,5,Rider was polite and quick.,2025-03-07
10940,24111,5,Delivery was late but food was good.,2026-02-12
10941,15618,5,"Loved it, will order again.",2025-08-21
10942,11737,3,Best biryani in town.,2025-08-13
10943,15976,4,Absolutely delicious.,2025-06-21
10944,3875,3,Order was missing an item.,2025-02-09
10945,6058,5,Average experience.,2025-05-18
10946,9821,2,Average experience.,2025-03-24
10947,14007,2,Absolutely delicious.,2026-03-06
10948,4330,4,"Loved it, will order again.",2026-05-18
10949,5726,5,Order was missing an item.,2026-06-17
10950,17034,,Food was cold on arrival.,04/06/2026
10951,22360,5,"Loved it, will order again.",2026-04-04
10952,19722,5,Rider was polite and quick.,2025-02-19
10953,2986,3,Best biryani in town.,14/12/2025
10954,20803,2,Food was cold on arrival.,2025-05-24
10955,9080,3,Best biryani in town.,2025-12-19
10956,9044,5,Packaging could be better.,2026-05-06
10957,6593,5,Rider was polite and quick.,2024-05-30
10958,16591,4,Fresh and tasty.,2026-02-03
10959,10492,4,Food was cold on arrival.,2025-12-08
10960,18919,3,Absolutely delicious.,2026-04-22
10961,3288,5,Food was cold on arrival.,2025-11-25
10962,18882,5,Order was missing an item.,2025-02-04
10963,10427,4,Portion size was small.,2026-02-19
10964,10708,3,Delivery was late but food was good.,2026-05-21
10965,15983,3,Packaging could be better.,2026-02-04
10966,12235,4,Fresh and tasty.,2025-07-15
10967,19781,3,Perfect as always.,2026-03-18
10968,8647,5,Packaging could be better.,2025-01-26
10969,144,4,Rider was polite and quick.,2026-07-02
10970,18272,5,Perfect as always.,2025-05-06
10971,4442,2,"Loved it, will order again.",2025-11-04
10972,9817,5,Delivery was late but food was good.,2025-08-11
10973,21569,5,Value for money.,2026-01-19
10974,18409,4,Delivery was late but food was good.,2025-09-14
10975,21678,4,Delivery was late but food was good.,2025-08-04
10976,2305,3,Would not recommend.,2025-08-06
10977,11037,4,Would not recommend.,2025-03-01
10978,13084,4,Value for money.,2025-02-08
10979,23759,4,"Great food, arrived hot!",2026-03-04
10980,22895,4,Average experience.,2026-05-14
10981,24442,5,Absolutely delicious.,2024-11-22
10982,81,4,Best biryani in town.,2026-02-06
10983,17825,5,Delivery was late but food was good.,2026-02-26
10984,6169,5,Value for money.,2025-05-31
10985,11548,5,Rider was polite and quick.,2026-02-18
10986,10183,2,Absolutely delicious.,2024-12-26
10987,13157,4,Would not recommend.,2026-01-29
10988,21073,,Fresh and tasty.,2025-01-22
10989,11193,3,Perfect as always.,2026-06-20
10990,24849,4,Perfect as always.,2024-12-09
10991,10603,1,Portion size was small.,2026-02-22
10992,24464,5,Food was cold on arrival.,2024-10-23
10993,6535,5,Packaging could be better.,2026-01-12
10994,9215,3,Absolutely delicious.,2026-01-12
10995,23570,5,"Great food, arrived hot!",2025-09-26
10996,20604,3,Delivery was late but food was good.,2026-03-29
10997,6039,4,Perfect as always.,2026-05-31
10998,13358,5,Value for money.,2026-03-12
10999,5431,5,Average experience.,2025-10-22
11000,18596,5,Delivery was late but food was good.,2026-06-01
11001,5465,4,"Great food, arrived hot!",2024-11-06
11002,917,2,Packaging could be better.,2026-04-06
11003,5512,5,Value for money.,2024-03-22
11004,18067,,Value for money.,2025-05-07
11005,16528,5,Fresh and tasty.,2024-02-02
11006,23631,1,Packaging could be better.,2024-09-06
11007,14599,4,Delivery was late but food was good.,2025-10-07
11008,22325,4,Order was missing an item.,2025-09-29
11009,2159,5,Delivery was late but food was good.,2025-02-01
11010,17161,5,Best biryani in town.,2026-01-01
11011,3304,4,Absolutely delicious.,2025-11-18
11012,17220,5,Delivery was late but food was good.,2026-04-01
11013,24394,4,Value for money.,2024-06-24
11014,14390,5,Delivery was late but food was good.,2025-08-30
11015,7368,3,Perfect as always.,2026-01-11
11016,22613,3,Food was cold on arrival.,2025-01-26
11017,2469,4,Would not recommend.,2026-06-27
11018,3978,5,Best biryani in town.,2024-12-22
11019,13101,4,Best biryani in town.,2026-05-28
11020,4672,4,Absolutely delicious.,2025-11-14
11021,18676,2,Absolutely delicious.,2026-03-03
11022,24671,5,Rider was polite and quick.,2026-03-22
11023,21320,4,Order was missing an item.,2026-03-29
11024,19291,2,Best biryani in town.,2026-02-28
11025,10110,3,Fresh and tasty.,2024-06-02
11026,8545,5,Portion size was small.,2025-10-26
11027,15116,5,Average experience.,2025-05-31
11028,16318,2,"Great food, arrived hot!",2025-04-10
11029,15479,5,Rider was polite and quick.,2024-05-15
11030,1602,3,Packaging could be better.,2025-09-27
11031,21436,4,Would not recommend.,2026-01-10
11032,513,5,Portion size was small.,2026-02-10
11033,23831,3,Order was missing an item.,2025-08-29
11034,474,4,"Loved it, will order again.",2025-10-02
11035,13251,5,Absolutely delicious.,2025-12-27
11036,18128,5,Order was missing an item.,2025-11-19
11037,20259,4,Fresh and tasty.,2025-01-29
11038,23972,4,"Loved it, will order again.",2024-09-02
11039,3281,2,Food was cold on arrival.,2025-12-05
11040,20477,3,Fresh and tasty.,2025-08-22
11041,10666,4,Best biryani in town.,2025-03-03
11042,19539,4,Best biryani in town.,2026-04-26
11043,19532,4,Delivery was late but food was good.,2026-02-20
11044,2161,5,Best biryani in town.,2025-09-26
11045,4510,4,Fresh and tasty.,2025-11-10
11046,21557,,Order was missing an item.,2026-04-04
11047,15149,4,Absolutely delicious.,2025-11-13
11048,16700,2,Food was cold on arrival.,2026-01-26
11049,5118,4,Value for money.,2026-04-25
11050,22032,4,Portion size was small.,2025-06-20
11051,23347,4,Best biryani in town.,2026-04-13
11052,9583,4,Delivery was late but food was good.,2024-12-15
11053,8285,5,Absolutely delicious.,2025-07-06
11054,23493,5,"Loved it, will order again.",2024-06-21
11055,3912,1,Would not recommend.,2026-05-03
11056,15621,4,Order was missing an item.,2026-05-27
11057,12534,3,Rider was polite and quick.,2024-08-11
11058,9712,4,Packaging could be better.,2025-04-23
11059,17185,3,Value for money.,2025-05-25
11060,14026,4,Portion size was small.,2024-05-30
11061,7026,4,Order was missing an item.,2026-06-15
11062,11835,4,Food was cold on arrival.,2026-02-20
11063,10877,4,"Great food, arrived hot!",2024-01-12
11064,12597,5,"Great food, arrived hot!",2025-11-24
11065,11652,4,Food was cold on arrival.,2026-04-21
11066,20462,4,Would not recommend.,2026-04-25
11067,21741,4,Best biryani in town.,2025-02-12
11068,18815,3,Value for money.,2026-02-21
11069,1877,1,"Loved it, will order again.",2026-01-06
11070,810,5,Rider was polite and quick.,2025-02-05
11071,19364,5,Absolutely delicious.,2025-11-15
11072,20519,5,"Great food, arrived hot!",2025-03-31
11073,13865,4,Fresh and tasty.,2024-03-02
11074,23362,5,Best biryani in town.,2026-06-13
11075,14145,4,Order was missing an item.,2025-05-06
11076,8203,2,"Loved it, will order again.",2026-03-24
11077,12085,5,Average experience.,2026-01-01
11078,1219,4,Perfect as always.,2026-04-28
11079,15868,5,Average experience.,2026-04-02
11080,16746,4,Delivery was late but food was good.,2026-03-14
11081,11154,5,Portion size was small.,2025-02-25
11082,24766,4,Value for money.,2025-12-23
11083,7793,4,Food was cold on arrival.,2024-03-10
11084,22209,4,Packaging could be better.,2026-06-10
11085,7647,4,"Great food, arrived hot!",2025-07-08
11086,11260,3,Rider was polite and quick.,2024-07-30
11087,18823,5,Value for money.,2025-03-13
11088,17886,4,Rider was polite and quick.,2025-10-01
11089,23994,,"Loved it, will order again.",2026-05-20
11090,10365,,Portion size was small.,2025-12-09
11091,13220,5,Rider was polite and quick.,2025-01-28
11092,13482,,Absolutely delicious.,2025-05-14
11093,24899,5,Food was cold on arrival.,2026-06-19
11094,8446,5,Average experience.,2026-06-14
11095,11760,4,Packaging could be better.,2024-06-13
11096,710,1,Absolutely delicious.,2026-01-23
11097,15985,5,Perfect as always.,2026-03-10
11098,4848,5,Order was missing an item.,2025-05-30
11099,13467,5,Delivery was late but food was good.,2025-12-08
11100,14310,5,Perfect as always.,2026-01-27
11101,24058,4,Delivery was late but food was good.,2024-12-21
11102,11922,4,Rider was polite and quick.,2026-02-27
11103,18179,4,Portion size was small.,2025-05-04
11104,3752,5,Order was missing an item.,2026-03-21
11105,3449,4,Food was cold on arrival.,2026-05-17
11106,16491,4,Delivery was late but food was good.,2026-05-19
11107,14766,3,Fresh and tasty.,2025-04-03
11108,6931,2,Average experience.,2026-06-03
11109,22862,5,Absolutely delicious.,2025-08-15
11110,6308,5,"Loved it, will order again.",2025-09-15
11111,14219,4,Perfect as always.,2026-06-07
11112,23537,4,Order was missing an item.,2025-10-16
11113,870,5,Packaging could be better.,2026-03-12
11114,14747,5,Delivery was late but food was good.,2026-01-24
11115,524,3,Best biryani in town.,2026-01-13
11116,22415,3,Food was cold on arrival.,2025-09-14
11117,9967,5,Fresh and tasty.,2026-04-19
11118,18953,4,Would not recommend.,2026-04-29
11119,10127,2,"Loved it, will order again.",2025-09-07
11120,9180,2,Best biryani in town.,2025-11-18
11121,1907,5,"Great food, arrived hot!",2026-05-05
11122,1696,5,Absolutely delicious.,2026-02-20
11123,7090,4,Packaging could be better.,2026-04-07
11124,18445,4,Food was cold on arrival.,2024-02-14
11125,18936,4,Delivery was late but food was good.,2026-03-02
11126,5377,5,Portion size was small.,2026-06-27
11127,12967,5,Packaging could be better.,2025-09-27
11128,20166,5,"Great food, arrived hot!",2026-06-30
11129,18367,5,Order was missing an item.,2026-07-02
11130,20753,5,Absolutely delicious.,2026-06-21
11131,2066,5,Food was cold on arrival.,2025-09-26
11132,17673,,Average experience.,2026-02-27
11133,10620,5,Average experience.,2025-11-21
11134,22072,4,Order was missing an item.,2026-02-12
11135,610,3,Packaging could be better.,2024-06-13
11136,5033,5,Average experience.,2024-10-11
11137,17019,5,Best biryani in town.,2025-12-17
11138,10586,5,Rider was polite and quick.,2024-09-29
11139,10334,5,Food was cold on arrival.,2026-04-02
11140,14036,3,Food was cold on arrival.,2025-12-21
11141,10573,5,Absolutely delicious.,2025-10-12
11142,13739,,"Loved it, will order again.",2026-05-07
11143,24773,4,"Great food, arrived hot!",2026-06-03
11144,17425,5,Fresh and tasty.,2025-11-09
11145,10742,2,Food was cold on arrival.,2026-06-13
11146,5386,4,Value for money.,2024-09-22
11147,138,1,Delivery was late but food was good.,2024-10-23
11148,8950,4,Delivery was late but food was good.,2025-08-29
11149,18158,5,"Great food, arrived hot!",2024-08-15
11150,9313,3,Fresh and tasty.,2026-06-18
11151,17979,5,"Loved it, will order again.",2025-04-22
11152,16834,5,Order was missing an item.,2026-04-13
11153,17311,5,Fresh and tasty.,2025-06-17
11154,24292,2,Portion size was small.,2026-05-31
11155,2554,4,Delivery was late but food was good.,2024-05-27
11156,10247,4,Delivery was late but food was good.,2026-06-08
11157,9001,5,Fresh and tasty.,2026-03-13
11158,13069,5,Order was missing an item.,2026-05-30
11159,23692,5,Packaging could be better.,2025-12-08
11160,7493,5,Delivery was late but food was good.,2026-05-13
11161,15767,5,Rider was polite and quick.,2025-06-04
11162,10144,5,Perfect as always.,2025-08-04
11163,16494,4,Delivery was late but food was good.,2025-06-23
11164,15123,5,Order was missing an item.,2026-02-18
11165,19662,5,Fresh and tasty.,2026-05-03
11166,9447,4,Value for money.,2026-05-30
11167,7161,5,Best biryani in town.,2026-04-28
11168,14236,5,Perfect as always.,2025-06-01
11169,2510,3,"Loved it, will order again.",2026-03-25
11170,5326,4,Rider was polite and quick.,2025-07-07
11171,6547,4,Value for money.,2025-03-14
11172,14546,5,Would not recommend.,2025-11-11
11173,16292,4,Portion size was small.,2026-04-23
11174,6925,4,Rider was polite and quick.,2025-10-07
11175,21188,3,Rider was polite and quick.,2026-03-03
11176,19066,5,Value for money.,2025-10-20
11177,22463,5,Average experience.,2024-02-29
11178,14848,4,Packaging could be better.,2026-03-30
11179,15165,5,Food was cold on arrival.,2025-10-14
11180,23284,5,"Great food, arrived hot!",2026-02-09
11181,20225,5,Fresh and tasty.,2026-01-08
11182,10338,5,Would not recommend.,2025-07-03
11183,5439,4,Packaging could be better.,2026-04-10
11184,12998,3,Order was missing an item.,2025-07-19
11185,16222,3,Delivery was late but food was good.,2025-09-03
11186,4061,3,Food was cold on arrival.,2025-07-04
11187,15098,3,"Loved it, will order again.",2026-01-25
11188,12207,2,"Loved it, will order again.",2025-01-13
11189,19822,5,Delivery was late but food was good.,2025-12-09
11190,3009,2,Order was missing an item.,2026-06-26
11191,21144,1,Fresh and tasty.,2024-08-28
11192,17784,5,Would not recommend.,2024-11-17
11193,12466,4,Average experience.,2026-01-17
11194,17560,2,Best biryani in town.,2025-12-20
11195,13999,5,Average experience.,2026-06-01
11196,251,1,Perfect as always.,2025-07-19
11197,5921,3,Packaging could be better.,2026-04-25
11198,7754,5,Food was cold on arrival.,2025-05-17
11199,3047,4,Food was cold on arrival.,2026-03-26
11200,17482,4,"Loved it, will order again.",2026-04-05
11201,1939,4,Food was cold on arrival.,2024-05-24
11202,16049,5,Best biryani in town.,2025-12-13
11203,8595,2,Absolutely delicious.,2026-02-17
11204,14553,5,Food was cold on arrival.,2026-02-15
11205,18261,3,Packaging could be better.,2026-05-22
11206,9878,5,Portion size was small.,2025-04-19
11207,19849,5,Absolutely delicious.,2025-09-09
11208,2528,5,Would not recommend.,02/06/2026
11209,5325,4,Absolutely delicious.,2026-03-11
11210,7483,4,Absolutely delicious.,2025-10-26
11211,17061,5,Would not recommend.,2025-10-10
11212,4467,1,"Loved it, will order again.",2026-04-04
11213,11117,5,Rider was polite and quick.,2025-08-27
11214,9254,5,Rider was polite and quick.,2026-03-05
11215,1201,3,Would not recommend.,2026-04-27
11216,23835,2,Fresh and tasty.,2026-05-04
11217,20056,5,Would not recommend.,2026-04-05
11218,14102,4,Perfect as always.,2025-03-15
11219,128,5,Delivery was late but food was good.,2025-04-17
11220,1585,4,Portion size was small.,2024-07-18
11221,22685,5,Absolutely delicious.,2026-03-05
11222,1420,2,Best biryani in town.,2025-10-07
11223,813,5,"Great food, arrived hot!",2024-11-28
11224,11162,4,Value for money.,2026-01-29
11225,20817,2,Portion size was small.,2025-05-02
11226,21977,4,"Great food, arrived hot!",2025-04-21
11227,11304,4,"Great food, arrived hot!",2026-06-26
11228,11131,1,"Loved it, will order again.",2026-03-22
11229,24293,3,"Great food, arrived hot!",2026-01-01
11230,9198,,Rider was polite and quick.,2024-06-03
11231,2421,4,"Loved it, will order again.",2025-06-04
11232,17309,4,Delivery was late but food was good.,2024-09-22
11233,10048,3,Best biryani in town.,2024-02-16
11234,14970,4,Fresh and tasty.,2024-05-18
11235,346,5,"Loved it, will order again.",2025-05-26
11236,23720,1,Perfect as always.,2025-06-13
11237,17790,5,"Great food, arrived hot!",2025-05-07
11238,7991,3,Order was missing an item.,2025-01-22
11239,11189,2,Delivery was late but food was good.,2026-03-12
11240,22105,5,Absolutely delicious.,2026-06-23
11241,11191,5,Perfect as always.,2026-04-12
11242,15498,2,Rider was polite and quick.,2026-04-24
11243,5444,4,Absolutely delicious.,2026-05-21
11244,23381,4,Rider was polite and quick.,2024-07-13
11245,2694,5,"Loved it, will order again.",2026-01-24
11246,21030,3,Would not recommend.,2025-08-12
11247,1376,5,Delivery was late but food was good.,2024-12-05
11248,6565,5,Value for money.,2026-04-07
11249,10011,3,Absolutely delicious.,2026-05-19
11250,10681,5,Order was missing an item.,2026-06-18
11251,9288,2,"Loved it, will order again.",2025-01-02
11252,19369,5,Portion size was small.,2026-06-28
11253,23957,5,Food was cold on arrival.,2025-08-21
11254,4451,5,Fresh and tasty.,2026-04-20
11255,14104,5,Value for money.,2024-04-17
11256,14259,5,Fresh and tasty.,2025-11-16
11257,17553,4,Absolutely delicious.,2025-06-04
11258,1466,5,Order was missing an item.,2025-05-09
11259,538,3,Average experience.,2026-04-28
11260,20175,2,Perfect as always.,2026-06-21
11261,2526,2,Best biryani in town.,2026-05-19
11262,22792,4,Value for money.,2025-11-09
11263,1717,3,Fresh and tasty.,2026-06-29
11264,22423,2,"Great food, arrived hot!",2026-04-05
11265,24746,1,Absolutely delicious.,2026-04-16
11266,17148,,Perfect as always.,2026-02-17
11267,16698,4,Average experience.,2026-06-29
11268,12750,1,Value for money.,2025-09-26
11269,21423,3,Average experience.,2026-05-23
11270,23545,2,"Great food, arrived hot!",2025-10-24
11271,22555,5,Best biryani in town.,2026-06-01
11272,17467,3,Delivery was late but food was good.,2025-09-02
11273,16163,4,"Loved it, will order again.",2024-10-06
11274,20292,5,Rider was polite and quick.,2026-05-03
11275,16139,3,Average experience.,2026-04-23
11276,12373,5,Perfect as always.,2025-08-17
11277,3025,3,Fresh and tasty.,2025-01-19
11278,240,5,Value for money.,2024-08-23
11279,13129,5,Average experience.,2024-02-07
11280,24680,5,Would not recommend.,2025-02-15
11281,12093,4,Would not recommend.,2025-05-09
11282,9179,5,Perfect as always.,2026-04-21
11283,20094,4,Perfect as always.,2025-06-11
11284,15700,3,Would not recommend.,2026-03-19
11285,24667,4,Best biryani in town.,2025-05-17
11286,24642,2,Absolutely delicious.,2026-01-29
11287,24108,5,Average experience.,2024-07-13
11288,8391,4,Value for money.,2026-04-17
11289,15213,2,Best biryani in town.,2025-12-31
11290,7241,2,Rider was polite and quick.,2024-10-30
11291,12733,5,Average experience.,2026-01-19
11292,20284,4,Best biryani in town.,2024-07-17
11293,9847,5,Perfect as always.,2025-07-02
11294,433,5,Delivery was late but food was good.,2026-03-12
11295,3747,4,"Great food, arrived hot!",2026-05-09
11296,10426,5,"Great food, arrived hot!",2026-07-05
11297,17729,4,Food was cold on arrival.,2026-06-09
11298,13842,5,Fresh and tasty.,2026-01-26
11299,6271,5,Best biryani in town.,2026-04-14
11300,9290,2,Perfect as always.,2026-02-14
11301,16199,4,Order was missing an item.,2026-02-03
11302,12161,4,Average experience.,02/02/2026
11303,13266,5,Fresh and tasty.,2026-01-19
11304,15851,5,Delivery was late but food was good.,2026-05-25
11305,8431,5,Order was missing an item.,2026-06-20
11306,14777,4,Average experience.,08/06/2025
11307,8667,3,Average experience.,2026-02-21
11308,6588,3,Order was missing an item.,2026-04-02
11309,10063,5,Portion size was small.,2026-05-01
11310,24157,4,"Great food, arrived hot!",2025-10-10
11311,13974,,Fresh and tasty.,2026-01-22
11312,18411,5,Perfect as always.,2026-02-04
11313,23648,4,Perfect as always.,2025-05-26
11314,18123,5,Order was missing an item.,2026-02-15
11315,21459,5,Perfect as always.,2026-05-16
11316,5749,3,Best biryani in town.,2026-04-27
11317,11720,2,Value for money.,2024-09-26
11318,1334,3,Absolutely delicious.,2024-04-21
11319,3647,4,Value for money.,2026-03-19
11320,6913,3,"Loved it, will order again.",2025-04-21
11321,13723,5,"Great food, arrived hot!",2025-09-20
11322,4430,3,Food was cold on arrival.,2026-05-24
11323,23290,1,"Loved it, will order again.",2026-03-16
11324,6727,,Portion size was small.,2026-02-04
11325,6543,4,Best biryani in town.,2025-07-27
11326,16484,4,Absolutely delicious.,2025-03-30
11327,3632,3,Delivery was late but food was good.,2024-12-27
11328,14071,5,Perfect as always.,2024-03-26
11329,14756,4,Packaging could be better.,2025-08-15
11330,1266,5,Would not recommend.,2024-04-10
11331,16914,4,Order was missing an item.,2026-05-30
11332,259,5,Best biryani in town.,2025-01-15
11333,1433,2,Average experience.,2024-05-29
11334,5063,4,Best biryani in town.,2026-02-05
11335,22223,3,"Loved it, will order again.",2025-09-16
11336,2854,2,Portion size was small.,2025-10-11
11337,19347,2,Food was cold on arrival.,2026-02-26
11338,12986,3,Packaging could be better.,2024-07-07
11339,17016,3,Packaging could be better.,2026-04-28
11340,7538,5,Portion size was small.,2026-05-11
11341,21483,3,Portion size was small.,2025-12-12
11342,17243,4,Food was cold on arrival.,2026-06-10
11343,16643,1,Delivery was late but food was good.,2026-01-26
11344,21081,4,Fresh and tasty.,2026-04-18
11345,17178,4,"Great food, arrived hot!",06/14/2026
11346,8315,,Packaging could be better.,2026-04-13
11347,10624,2,Delivery was late but food was good.,2025-10-17
11348,10474,5,"Loved it, will order again.",2024-11-26
11349,15760,3,Fresh and tasty.,2026-02-04
11350,7887,4,Fresh and tasty.,2026-03-17
11351,20603,5,Food was cold on arrival.,2024-10-07
11352,4060,5,Packaging could be better.,2025-11-30
11353,10927,2,Portion size was small.,2026-05-06
11354,8378,5,Fresh and tasty.,2025-06-18
11355,13339,4,Fresh and tasty.,2025-06-26
11356,10635,,"Loved it, will order again.",2025-08-06
11357,15842,5,Rider was polite and quick.,2025-06-11
11358,15515,4,Delivery was late but food was good.,2026-01-13
11359,24090,5,Delivery was late but food was good.,2025-12-18
11360,7355,1,Food was cold on arrival.,2024-12-23
11361,19484,3,"Loved it, will order again.",2024-06-05
11362,484,4,"Loved it, will order again.",2026-04-26
11363,5679,3,Portion size was small.,2025-06-23
11364,15110,2,Order was missing an item.,2026-05-05
11365,7037,3,Would not recommend.,2024-12-15
11366,10164,3,Delivery was late but food was good.,01/29/2025
11367,20936,5,Rider was polite and quick.,2026-05-31
11368,24049,3,Portion size was small.,2026-05-06
11369,16065,4,Food was cold on arrival.,2024-11-24
11370,23094,5,Average experience.,2026-06-02
11371,15861,5,Rider was polite and quick.,2025-10-02
11372,7311,3,Value for money.,2026-06-18
11373,16961,4,Fresh and tasty.,2026-03-13
11374,754,4,Value for money.,2025-05-30
11375,23626,2,Value for money.,2026-05-29
11376,6801,3,"Loved it, will order again.",2026-05-31
11377,14251,4,Fresh and tasty.,2026-06-12
11378,18949,5,Packaging could be better.,2026-01-20
11379,12579,4,Food was cold on arrival.,2025-01-16
11380,23787,5,"Loved it, will order again.",2025-11-24
11381,10238,1,Absolutely delicious.,2026-04-18
11382,3041,4,Packaging could be better.,2026-03-05
11383,14359,5,Delivery was late but food was good.,2026-05-17
11384,8350,4,Would not recommend.,2026-06-14
11385,24323,3,Average experience.,2024-07-24
11386,7705,4,Absolutely delicious.,2025-06-09
11387,22775,5,Food was cold on arrival.,2026-06-27
11388,12411,5,Absolutely delicious.,2026-01-29
11389,6908,3,Packaging could be better.,2025-06-28
11390,21881,5,Order was missing an item.,2024-11-11
11391,13446,4,Rider was polite and quick.,2025-02-04
11392,13814,2,Food was cold on arrival.,2026-01-09
11393,23140,3,Portion size was small.,2025-10-07
11394,522,2,Absolutely delicious.,2025-09-13
11395,21293,5,Would not recommend.,2024-07-26
11396,1914,5,Order was missing an item.,2024-12-27
11397,21148,5,Perfect as always.,2024-11-25
11398,5605,5,Delivery was late but food was good.,2026-05-08
11399,2504,5,Perfect as always.,2026-01-31
11400,14720,2,"Great food, arrived hot!",2025-05-13
11401,7551,1,Rider was polite and quick.,2025-01-13
11402,21760,5,Rider was polite and quick.,2025-09-28
11403,23944,5,Order was missing an item.,2025-02-15
11404,5263,5,Order was missing an item.,2026-02-21
11405,14819,,Order was missing an item.,2025-11-14
11406,3920,5,Value for money.,2024-11-10
11407,206,4,Value for money.,2025-08-02
11408,4525,4,Perfect as always.,2026-01-28
11409,22971,3,Rider was polite and quick.,2024-10-24
11410,16377,5,Food was cold on arrival.,2025-12-21
11411,14688,1,Would not recommend.,2026-02-26
11412,22748,5,Delivery was late but food was good.,2024-01-14
11413,19301,5,Value for money.,2026-05-23
11414,15810,3,Perfect as always.,2026-01-19
11415,23719,5,Order was missing an item.,2025-01-08
11416,2077,5,Order was missing an item.,2025-10-31
11417,1155,5,Absolutely delicious.,2025-01-07
11418,19995,5,Rider was polite and quick.,2026-06-11
11419,7181,3,Rider was polite and quick.,2024-07-30
11420,23993,4,Best biryani in town.,2026-03-25
11421,22967,5,Best biryani in town.,2026-02-19
11422,3057,4,Rider was polite and quick.,2026-05-01
11423,23413,5,Would not recommend.,2025-02-17
11424,3010,2,Packaging could be better.,2025-05-15
11425,7109,1,Fresh and tasty.,2025-03-11
11426,17182,5,Rider was polite and quick.,2026-05-24
11427,21622,3,Absolutely delicious.,2026-06-28
11428,19655,5,"Great food, arrived hot!",2025-09-05
11429,18732,1,Value for money.,2025-03-06
11430,7543,4,Delivery was late but food was good.,2024-06-13
11431,8920,3,Rider was polite and quick.,2026-01-14
11432,20409,4,Order was missing an item.,2025-09-14
11433,24330,3,Value for money.,2025-12-02
11434,15278,4,Delivery was late but food was good.,2025-06-02
11435,15583,,"Great food, arrived hot!",2026-02-26
11436,21263,5,Best biryani in town.,2026-02-21
11437,985,4,"Great food, arrived hot!",2025-11-18
11438,23395,5,Rider was polite and quick.,2026-06-20
11439,22835,5,"Great food, arrived hot!",2025-07-10
11440,3133,4,"Great food, arrived hot!",2025-03-09
11441,24255,1,Perfect as always.,2026-01-18
11442,23995,2,Would not recommend.,2025-07-20
11443,21485,4,Perfect as always.,2025-12-01
11444,24727,5,Rider was polite and quick.,2025-11-15
11445,24971,1,Best biryani in town.,2025-12-28
11446,19130,5,Perfect as always.,02/01/2026
11447,24232,4,"Great food, arrived hot!",2025-08-09
11448,2400,4,"Great food, arrived hot!",2025-07-03
11449,22369,2,Fresh and tasty.,2024-06-06
11450,19828,5,Best biryani in town.,2026-04-20
11451,22078,4,Fresh and tasty.,2025-04-08
11452,11936,3,Portion size was small.,2025-09-06
11453,12904,1,Packaging could be better.,2026-04-21
11454,23454,5,Packaging could be better.,2026-04-25
11455,18701,5,"Great food, arrived hot!",2025-07-08
11456,19753,3,"Loved it, will order again.",2026-02-22
11457,8181,5,Value for money.,2026-01-07
11458,22303,,Perfect as always.,2025-10-07
11459,12741,5,Packaging could be better.,2026-05-21
11460,9543,3,Absolutely delicious.,2026-06-11
11461,16334,4,Best biryani in town.,2025-01-23
11462,10583,5,Fresh and tasty.,2026-06-24
11463,6887,4,Absolutely delicious.,2026-02-15
11464,10585,4,Food was cold on arrival.,2025-12-22
11465,23042,5,Packaging could be better.,2026-02-11
11466,1242,5,Value for money.,2025-11-10
11467,516,3,Portion size was small.,2025-11-24
11468,21805,4,Order was missing an item.,2024-02-10
11469,24657,4,Food was cold on arrival.,2025-12-18
11470,16015,1,Would not recommend.,2026-06-04
11471,15896,5,"Great food, arrived hot!",2026-03-17
11472,14676,5,Delivery was late but food was good.,2026-06-21
11473,12335,3,Packaging could be better.,2025-09-30
11474,16825,4,Average experience.,2025-06-21
11475,21043,4,Would not recommend.,2026-01-14
11476,4553,5,Value for money.,2026-03-05
11477,19450,4,Fresh and tasty.,2024-12-07
11478,19991,5,Perfect as always.,2025-04-27
11479,23913,5,Would not recommend.,2025-08-01
11480,21477,5,Would not recommend.,2025-09-05
11481,16637,5,Would not recommend.,2026-04-17
11482,21790,5,Value for money.,2025-11-09
11483,12107,2,Best biryani in town.,2026-03-31
11484,4998,4,Food was cold on arrival.,2024-09-21
11485,15182,5,Value for money.,2025-11-13
11486,8965,4,Food was cold on arrival.,2026-05-14
11487,8930,5,Fresh and tasty.,2025-10-27
11488,2931,4,Portion size was small.,2025-06-22
11489,8000,3,Average experience.,2026-06-26
11490,11736,2,Delivery was late but food was good.,2026-04-12
11491,10416,4,Would not recommend.,2026-02-10
11492,10895,4,Value for money.,2025-04-09
11493,18945,5,Food was cold on arrival.,2025-12-02
11494,6413,4,Best biryani in town.,2026-07-02
11495,9127,3,Delivery was late but food was good.,2026-05-22
11496,24050,5,"Great food, arrived hot!",2025-11-28
11497,24810,5,Portion size was small.,2026-04-26
11498,15773,5,Best biryani in town.,2026-02-20
11499,15412,4,Fresh and tasty.,2026-01-19
11500,10662,3,"Great food, arrived hot!",2025-03-21
11501,1471,5,Portion size was small.,2026-04-11
11502,2498,5,Perfect as always.,2025-12-18
11503,18145,2,Value for money.,2024-07-04
11504,3662,4,Value for money.,2025-01-13
11505,4134,1,"Loved it, will order again.",2026-05-24
11506,5964,4,Value for money.,2025-10-26
11507,20596,5,Best biryani in town.,2026-06-02
11508,8626,5,Delivery was late but food was good.,2025-12-23
11509,10598,3,Fresh and tasty.,2024-12-06
11510,19513,4,Rider was polite and quick.,2026-06-17
11511,12089,2,Fresh and tasty.,2025-11-02
11512,24723,5,"Great food, arrived hot!",2026-05-30
11513,12296,5,Delivery was late but food was good.,2026-04-16
11514,4027,5,Food was cold on arrival.,2026-02-08
11515,3851,5,Value for money.,2025-06-07
11516,12567,2,Order was missing an item.,2024-09-16
11517,20402,3,Best biryani in town.,2024-09-19
11518,2309,5,Average experience.,2026-02-06
11519,1532,5,Rider was polite and quick.,2025-12-09
11520,3615,4,Portion size was small.,2026-01-21
11521,13031,5,Would not recommend.,2026-06-10
11522,918,4,Value for money.,2026-02-26
11523,979,5,Would not recommend.,2026-05-03
11524,13359,4,Rider was polite and quick.,2024-07-01
11525,12406,5,Best biryani in town.,2026-05-22
11526,23039,4,"Loved it, will order again.",2026-04-10
11527,21363,5,Order was missing an item.,2026-01-17
11528,18129,4,Value for money.,2025-08-02
11529,2906,4,Packaging could be better.,2025-01-14
11530,16573,2,Best biryani in town.,2025-11-19
11531,17993,4,Perfect as always.,2026-05-20
11532,20011,2,Best biryani in town.,2025-01-31
11533,670,4,Rider was polite and quick.,2026-04-09
11534,4090,3,Would not recommend.,2026-07-02
11535,3712,4,Food was cold on arrival.,2026-02-21
11536,8074,5,Average experience.,2025-01-20
11537,13183,4,Value for money.,2026-03-04
11538,15827,1,Perfect as always.,2024-01-23
11539,13808,2,Best biryani in town.,2026-05-20
11540,5422,3,Perfect as always.,2026-02-28
11541,3206,2,Packaging could be better.,2026-04-13
11542,12596,3,Delivery was late but food was good.,2026-04-06
11543,10546,4,Best biryani in town.,2025-10-27
11544,4157,3,Average experience.,2025-12-21
11545,18038,1,Food was cold on arrival.,2026-07-06
11546,1164,5,Perfect as always.,2026-02-09
11547,19140,5,Delivery was late but food was good.,2025-09-29
11548,23164,4,Average experience.,2026-01-23
11549,12844,4,Order was missing an item.,2025-11-21
11550,24352,5,"Loved it, will order again.",2025-07-17
11551,20909,4,Order was missing an item.,2025-10-04
11552,15170,4,Packaging could be better.,2025-10-29
11553,1916,5,Fresh and tasty.,2025-03-06
11554,9550,5,Food was cold on arrival.,2026-01-25
11555,22570,5,Best biryani in town.,2026-03-08
11556,20428,5,Order was missing an item.,2026-05-12
11557,1545,5,"Great food, arrived hot!",2026-06-11
11558,3746,4,Fresh and tasty.,2026-06-10
11559,3394,,Portion size was small.,2026-03-10
11560,4068,3,Absolutely delicious.,2026-01-17
11561,3859,5,Absolutely delicious.,2024-05-04
11562,14694,1,Delivery was late but food was good.,2025-05-10
11563,14144,,Delivery was late but food was good.,2024-10-27
11564,4539,4,Order was missing an item.,2025-12-31
11565,1986,4,Delivery was late but food was good.,2026-05-21
11566,17450,4,Perfect as always.,2024-12-21
11567,3784,3,Best biryani in town.,2025-09-03
11568,6374,3,Perfect as always.,2025-12-04
11569,6870,1,Rider was polite and quick.,2026-07-01
11570,22998,1,Best biryani in town.,2025-01-08
11571,18017,4,Would not recommend.,2025-02-24
11572,17830,3,Portion size was small.,2026-06-27
11573,13555,4,Rider was polite and quick.,2026-06-23
11574,14591,4,"Great food, arrived hot!",2024-03-29
11575,22961,4,"Great food, arrived hot!",2025-07-27
11576,17521,5,Rider was polite and quick.,2026-02-12
11577,3063,5,Would not recommend.,2026-05-02
11578,23671,4,Order was missing an item.,2026-05-28
11579,5463,4,"Great food, arrived hot!",2026-06-17
11580,24708,4,Food was cold on arrival.,2025-12-03
11581,15484,5,Food was cold on arrival.,2025-01-27
11582,20608,4,Would not recommend.,2024-11-30
11583,5676,5,Best biryani in town.,2025-11-15
11584,1448,3,Best biryani in town.,2024-12-26
11585,9843,,"Great food, arrived hot!",2026-03-24
11586,5960,4,Value for money.,2026-04-03
11587,19553,4,"Great food, arrived hot!",2024-08-20
11588,7838,4,Would not recommend.,2025-12-29
11589,2999,4,Absolutely delicious.,2026-02-15
11590,23496,4,Value for money.,2025-09-27
11591,13610,1,Fresh and tasty.,2026-01-09
11592,19803,4,Average experience.,2025-08-05
11593,18252,5,Absolutely delicious.,2026-03-25
11594,17427,5,Perfect as always.,2025-12-16
11595,22785,5,Best biryani in town.,2026-02-12
11596,6684,4,Order was missing an item.,2026-03-06
11597,22394,3,Absolutely delicious.,2024-05-10
11598,5668,4,"Great food, arrived hot!",2025-04-30
11599,9595,5,"Great food, arrived hot!",2026-04-29
11600,2764,4,Order was missing an item.,2026-06-12
11601,11806,5,Packaging could be better.,2025-02-10
11602,22621,5,Portion size was small.,2026-03-02
11603,10510,4,Value for money.,2025-09-17
11604,11822,4,"Great food, arrived hot!",2025-10-05
11605,796,,Portion size was small.,30/05/2026
11606,12316,3,Food was cold on arrival.,2026-07-01
11607,24014,4,Delivery was late but food was good.,2026-02-20
11608,13590,4,Portion size was small.,2026-06-11
11609,1759,5,Packaging could be better.,2025-11-20
11610,17950,4,Delivery was late but food was good.,2025-11-09
11611,18153,4,Perfect as always.,2024-05-18
11612,11075,4,Delivery was late but food was good.,2024-03-02
11613,12748,3,Portion size was small.,2026-06-24
11614,20739,5,"Great food, arrived hot!",2025-02-21
11615,3576,,Average experience.,2026-02-22
11616,19060,5,Packaging could be better.,2025-06-29
11617,16004,5,Best biryani in town.,2024-11-16
11618,16033,5,Perfect as always.,2026-07-01
11619,13423,4,Rider was polite and quick.,2025-09-12
11620,22149,5,Would not recommend.,2026-04-23
11621,19996,5,"Great food, arrived hot!",2024-09-18
11622,17478,5,Rider was polite and quick.,2024-09-30
11623,16285,2,Rider was polite and quick.,2026-06-29
11624,11947,4,Food was cold on arrival.,2024-06-10
11625,9249,4,Perfect as always.,2025-01-20
11626,19336,4,Best biryani in town.,2025-02-28
11627,2348,3,"Loved it, will order again.",2026-06-22
11628,1150,4,Rider was polite and quick.,2025-01-18
11629,7957,5,Value for money.,2026-03-30
11630,12843,,Average experience.,2025-02-18
11631,18025,4,Packaging could be better.,2025-08-08
11632,7980,5,Rider was polite and quick.,2025-09-10
11633,3790,4,"Loved it, will order again.",2026-02-03
11634,3532,4,Packaging could be better.,2025-06-10
11635,3392,4,"Great food, arrived hot!",2026-03-24
11636,6735,5,Fresh and tasty.,2025-12-07
11637,13134,4,Perfect as always.,2026-06-26
11638,867,4,Best biryani in town.,2026-04-05
11639,17616,5,Rider was polite and quick.,2026-05-26
11640,5688,4,Food was cold on arrival.,2024-03-28
11641,9302,1,Packaging could be better.,2026-01-18
11642,12767,5,Delivery was late but food was good.,2026-05-30
11643,16972,4,Delivery was late but food was good.,2026-04-01
11644,11416,4,Fresh and tasty.,2025-06-18
11645,560,4,Value for money.,2025-01-04
11646,5690,5,"Great food, arrived hot!",2024-08-16
11647,4522,3,Would not recommend.,2026-01-02
11648,21257,5,Fresh and tasty.,2026-04-07
11649,3858,5,Absolutely delicious.,2025-12-01
11650,1903,,Value for money.,2026-04-21
11651,23988,4,"Loved it, will order again.",2026-01-21
11652,11012,3,Would not recommend.,2026-03-26
11653,8938,4,Food was cold on arrival.,2025-10-03
11654,3645,2,Best biryani in town.,2025-04-19
11655,8302,1,Perfect as always.,2024-12-22
11656,20861,,Perfect as always.,2025-03-03
11657,7333,3,"Loved it, will order again.",2026-02-10
11658,10496,5,Delivery was late but food was good.,2025-09-19
11659,22780,3,Value for money.,2026-05-22
11660,11395,5,Value for money.,2025-10-31
11661,19132,5,Delivery was late but food was good.,2024-08-28
11662,17860,5,Packaging could be better.,2026-01-28
11663,7445,3,Food was cold on arrival.,2026-05-04
11664,17849,3,Delivery was late but food was good.,2026-06-26
11665,17116,5,Perfect as always.,2025-04-27
11666,5304,4,Packaging could be better.,2025-04-30
11667,3295,,Best biryani in town.,2025-08-08
11668,11360,4,Would not recommend.,2024-11-08
11669,16924,5,Average experience.,2026-01-03
11670,13597,4,Would not recommend.,2026-02-06
11671,7021,5,"Great food, arrived hot!",2026-06-07
11672,18656,5,Fresh and tasty.,2025-08-03
11673,2460,4,Rider was polite and quick.,2026-05-22
11674,8634,5,Value for money.,2026-06-30
11675,8154,1,Value for money.,2024-11-09
11676,18781,3,Perfect as always.,2024-08-06
11677,14304,2,Packaging could be better.,2024-06-10
11678,10312,4,Order was missing an item.,2026-06-22
11679,20614,3,Portion size was small.,2026-01-08
11680,441,4,Packaging could be better.,2026-04-09
11681,18245,5,Perfect as always.,2025-07-16
11682,14059,4,Order was missing an item.,2026-01-02
11683,24693,5,Order was missing an item.,2026-05-21
11684,6914,,Absolutely delicious.,2025-08-14
11685,10772,5,Value for money.,2025-02-08
11686,19505,4,Best biryani in town.,2025-06-07
11687,24483,4,Rider was polite and quick.,2026-06-05
11688,11963,5,"Loved it, will order again.",2026-03-11
11689,18351,4,Delivery was late but food was good.,2026-02-20
11690,19315,,Perfect as always.,2025-02-13
11691,13563,5,"Great food, arrived hot!",2024-07-02
11692,19203,5,Portion size was small.,2025-08-21
11693,15234,4,Would not recommend.,2025-02-25
11694,9864,4,Packaging could be better.,2024-12-02
11695,23034,5,Order was missing an item.,2025-11-22
11696,18045,1,Absolutely delicious.,2024-10-02
11697,7818,5,Delivery was late but food was good.,2026-06-15
11698,22401,5,Fresh and tasty.,2025-05-21
11699,11206,4,Order was missing an item.,2024-02-11
11700,2063,4,Fresh and tasty.,2025-03-08
11701,6973,5,Portion size was small.,2026-05-30
11702,22270,3,Best biryani in town.,2024-11-08
11703,5656,5,Value for money.,2025-07-14
11704,12486,4,Absolutely delicious.,2025-12-28
11705,13067,5,Fresh and tasty.,2025-05-10
11706,14989,5,Food was cold on arrival.,2025-01-01
11707,6260,,Would not recommend.,2025-12-28
11708,5532,5,Order was missing an item.,2024-09-26
11709,15493,4,Order was missing an item.,2025-11-26
11710,1453,4,Packaging could be better.,2026-02-26
11711,17398,5,Absolutely delicious.,2025-08-31
11712,4950,4,Average experience.,2026-03-11
11713,4400,4,Food was cold on arrival.,2024-08-15
11714,12144,4,Would not recommend.,2025-11-13
11715,21914,3,"Great food, arrived hot!",2024-08-29
11716,24407,4,Perfect as always.,2026-04-22
11717,17508,5,"Loved it, will order again.",2026-06-03
11718,641,5,Would not recommend.,2026-02-02
11719,22521,5,"Loved it, will order again.",2025-10-21
11720,14657,4,Best biryani in town.,2024-06-11
11721,6946,2,Value for money.,2025-11-21
11722,11182,,Would not recommend.,2026-06-30
11723,23886,5,Average experience.,2025-06-08
11724,24297,1,Value for money.,2025-01-22
11725,12123,5,Perfect as always.,2024-09-17
11726,24006,4,Best biryani in town.,2026-05-29
11727,11535,4,Best biryani in town.,2024-03-25
11728,24587,5,Perfect as always.,2025-04-27
11729,10853,4,Value for money.,2025-04-18
11730,20924,4,Packaging could be better.,2025-11-27
11731,8239,4,Value for money.,2025-10-11
11732,1140,5,"Loved it, will order again.",2024-10-29
11733,16347,5,Would not recommend.,2025-08-23
11734,8855,2,Delivery was late but food was good.,2025-06-28
11735,9436,4,Rider was polite and quick.,2026-07-02
11736,24537,3,Delivery was late but food was good.,2026-05-04
11737,4022,5,Delivery was late but food was good.,2024-07-18
11738,1690,5,Average experience.,2025-05-21
11739,1856,4,Would not recommend.,2025-10-25
11740,13314,1,Portion size was small.,2026-01-19
11741,8743,4,Value for money.,2026-06-01
11742,9390,2,Absolutely delicious.,2026-04-08
11743,19297,5,Average experience.,2026-02-16
11744,2833,5,Perfect as always.,2025-08-04
11745,7390,5,Fresh and tasty.,2026-04-13
11746,4768,5,Value for money.,2025-11-15
11747,15426,5,Value for money.,2025-10-21
11748,14929,4,Best biryani in town.,2024-12-04
11749,19422,5,Portion size was small.,2025-10-18
11750,5275,5,Food was cold on arrival.,2024-01-16
11751,16417,3,Food was cold on arrival.,2025-07-08
11752,8354,2,Delivery was late but food was good.,2025-04-18
11753,5388,4,Absolutely delicious.,2026-06-12
11754,1701,5,Order was missing an item.,2025-05-16
11755,127,4,Portion size was small.,2025-08-21
11756,22257,1,Food was cold on arrival.,2026-06-22
11757,12714,,Absolutely delicious.,2024-12-23
11758,15136,2,Perfect as always.,2026-04-05
11759,426,5,Portion size was small.,2025-07-03
11760,21681,2,Best biryani in town.,2024-09-21
11761,13163,5,Best biryani in town.,2025-10-01
11762,11896,4,Order was missing an item.,2025-07-11
11763,3555,4,Portion size was small.,2026-03-22
11764,15299,5,Delivery was late but food was good.,2026-01-07
11765,17959,5,Best biryani in town.,04/10/2025
11766,10915,5,Rider was polite and quick.,2026-05-03
11767,14515,5,Delivery was late but food was good.,2025-12-21
11768,2372,4,Order was missing an item.,2026-02-27
11769,15261,3,Rider was polite and quick.,2025-11-17
11770,6293,4,Order was missing an item.,2024-12-04
11771,10707,3,Rider was polite and quick.,2025-11-24
11772,14294,3,Absolutely delicious.,2026-01-09
11773,12609,2,"Loved it, will order again.",2026-02-19
11774,24567,4,Average experience.,2024-09-19
11775,11758,1,Best biryani in town.,2025-06-30
11776,22768,5,Delivery was late but food was good.,2026-03-07
11777,13148,4,Best biryani in town.,2025-05-21
11778,24295,5,Value for money.,2026-05-15
11779,23108,,Would not recommend.,2026-01-18
11780,14661,5,Order was missing an item.,2025-10-26
11781,1077,5,Absolutely delicious.,2026-06-19
11782,19190,5,Packaging could be better.,2026-04-19
11783,2401,5,"Great food, arrived hot!",2025-05-15
11784,18303,5,Best biryani in town.,2025-03-10
11785,9264,4,Order was missing an item.,2024-05-11
11786,21566,5,Perfect as always.,2026-05-27
11787,4217,5,Rider was polite and quick.,2026-05-01
11788,10185,4,"Great food, arrived hot!",2026-02-25
11789,2593,5,Best biryani in town.,2026-03-23
11790,678,4,Portion size was small.,2025-10-21
11791,14520,5,Value for money.,2025-04-15
11792,14042,5,Rider was polite and quick.,2025-12-06
11793,503,5,Absolutely delicious.,2026-03-30
11794,12729,4,Absolutely delicious.,2026-01-29
11795,16990,3,Best biryani in town.,2026-05-03
11796,17902,3,Would not recommend.,2024-11-11
11797,21758,1,Best biryani in town.,2024-12-18
11798,2770,4,Value for money.,2025-08-24
11799,23687,4,Best biryani in town.,2025-04-01
11800,11158,4,Absolutely delicious.,2026-03-18
11801,22480,3,Order was missing an item.,2025-10-18
11802,13315,1,Delivery was late but food was good.,2026-03-26
11803,3530,3,Rider was polite and quick.,2025-08-21
11804,23764,3,Perfect as always.,2026-03-30
11805,11950,4,Perfect as always.,2025-07-27
11806,2500,4,Average experience.,2025-12-02
11807,17200,5,Average experience.,2024-03-01
11808,21711,3,Fresh and tasty.,2026-02-04
11809,5037,1,Fresh and tasty.,2024-03-13
11810,24722,,Would not recommend.,2025-10-06
11811,1354,5,"Great food, arrived hot!",10/03/2025
11812,12021,5,Absolutely delicious.,2026-04-11
11813,6635,5,Delivery was late but food was good.,2026-03-16
11814,16767,5,Best biryani in town.,2025-11-23
11815,6152,5,Portion size was small.,2025-09-24
11816,13855,2,Average experience.,2026-07-01
11817,17522,4,Portion size was small.,2026-05-03
11818,4191,5,"Great food, arrived hot!",2025-11-06
11819,22409,4,Perfect as always.,2024-04-10
11820,8659,4,Would not recommend.,2025-06-15
11821,24364,5,Food was cold on arrival.,2026-04-17
11822,13775,5,Food was cold on arrival.,2024-12-15
11823,734,3,Would not recommend.,2025-01-11
11824,16151,,Absolutely delicious.,2025-09-27
11825,1289,4,Perfect as always.,2025-11-19
11826,11858,2,Delivery was late but food was good.,2024-08-14
11827,15819,4,"Loved it, will order again.",2025-10-30
11828,17133,5,Portion size was small.,2026-04-04
11829,3525,5,Packaging could be better.,2025-07-28
11830,848,4,Order was missing an item.,2025-01-10
11831,8774,5,Best biryani in town.,2026-04-16
11832,14911,5,Rider was polite and quick.,2025-11-22
11833,14423,4,Order was missing an item.,2025-10-06
11834,19184,2,"Great food, arrived hot!",2026-07-09
11835,11754,4,Rider was polite and quick.,2025-09-24
11836,14998,5,Fresh and tasty.,2026-05-30
11837,16550,4,"Great food, arrived hot!",2024-12-21
11838,13312,4,Fresh and tasty.,2026-02-21
11839,7929,1,"Loved it, will order again.",2024-08-31
11840,7973,3,Portion size was small.,2025-01-16
11841,16148,4,Average experience.,2026-05-14
11842,8914,4,Would not recommend.,2026-06-06
11843,18653,5,Rider was polite and quick.,2025-05-25
11844,10136,4,Packaging could be better.,2026-04-11
11845,19185,5,Perfect as always.,2025-10-17
11846,23953,4,Best biryani in town.,2026-04-06
11847,4922,5,Perfect as always.,2025-01-17
11848,11338,1,Rider was polite and quick.,2026-06-24
11849,12438,4,Food was cold on arrival.,2025-11-07
11850,19642,4,Perfect as always.,2025-12-04
11851,17824,2,Absolutely delicious.,2026-06-04
11852,2463,5,Perfect as always.,2025-06-28
11853,17774,4,Fresh and tasty.,2024-02-03
11854,3593,,Would not recommend.,2026-05-31
11855,11364,5,Packaging could be better.,2026-01-20
11856,21141,4,Perfect as always.,2024-04-08
11857,2736,5,Perfect as always.,2026-04-07
11858,8848,2,Perfect as always.,2025-08-22
11859,6500,4,"Great food, arrived hot!",2026-05-12
11860,13009,5,Value for money.,2026-07-07
11861,14530,4,Absolutely delicious.,2025-11-19
11862,4646,4,Absolutely delicious.,2025-01-30
11863,13107,5,Delivery was late but food was good.,2026-02-15
11864,18614,5,"Great food, arrived hot!",2026-03-10
11865,23627,4,"Great food, arrived hot!",2026-02-08
11866,12737,4,Perfect as always.,2026-06-04
11867,21166,3,Absolutely delicious.,2025-10-13
11868,10904,3,Order was missing an item.,2026-05-19
11869,21153,5,Rider was polite and quick.,2025-04-18
11870,17912,5,Fresh and tasty.,2026-01-13
11871,6327,5,Delivery was late but food was good.,2025-07-28
11872,2848,4,Perfect as always.,2024-11-29
11873,16807,4,Fresh and tasty.,2025-08-30
11874,1095,3,Value for money.,2026-06-23
11875,13468,,"Loved it, will order again.",2026-04-10
11876,12353,2,Would not recommend.,2026-06-01
11877,4031,4,"Great food, arrived hot!",2025-12-13
11878,18329,5,Perfect as always.,2025-10-01
11879,14458,2,Rider was polite and quick.,2025-12-11
11880,21731,5,Would not recommend.,2024-11-19
11881,16554,3,"Great food, arrived hot!",2025-05-24
11882,21588,3,"Loved it, will order again.",2025-08-23
11883,17776,3,Delivery was late but food was good.,2024-10-25
11884,5890,4,Packaging could be better.,2026-02-22
11885,10219,4,Perfect as always.,2025-03-10
11886,3974,5,Portion size was small.,2026-06-18
11887,22593,4,Fresh and tasty.,2026-06-20
11888,17174,5,Delivery was late but food was good.,2025-09-27
11889,21452,4,Food was cold on arrival.,2025-05-14
11890,6171,4,Value for money.,2026-05-02
11891,11311,5,Absolutely delicious.,2025-11-04
11892,13882,5,Average experience.,2026-06-17
11893,15774,2,"Great food, arrived hot!",2025-06-30
11894,16172,4,Rider was polite and quick.,2026-02-21
11895,21370,4,Absolutely delicious.,2026-06-25
11896,14983,3,Order was missing an item.,2025-12-18
11897,17565,5,"Great food, arrived hot!",2026-01-07
11898,23976,4,Packaging could be better.,2025-10-15
11899,11511,4,Would not recommend.,2024-06-16
11900,23616,4,Best biryani in town.,2026-04-10
11901,24510,2,Best biryani in town.,2024-08-15
11902,5045,5,Would not recommend.,2026-04-30
11903,3018,1,Would not recommend.,2024-06-30
11904,3950,4,Best biryani in town.,2026-02-25
11905,5873,3,Absolutely delicious.,2024-11-29
11906,20268,5,Food was cold on arrival.,2025-03-31
11907,18288,5,Would not recommend.,2025-10-16
11908,24103,5,Value for money.,2026-04-08
11909,1998,5,"Great food, arrived hot!",2025-12-08
11910,13040,2,Best biryani in town.,2026-06-09
11911,2015,5,Value for money.,2025-02-07
11912,4069,3,"Loved it, will order again.",2025-07-26
11913,6575,4,"Great food, arrived hot!",2025-05-06
11914,3234,3,Packaging could be better.,2026-05-06
11915,13618,4,Delivery was late but food was good.,2025-08-07
11916,4687,5,Average experience.,2026-07-02
11917,8026,3,Packaging could be better.,2026-03-23
11918,12269,5,Packaging could be better.,2026-03-10
11919,16803,3,Value for money.,2025-10-21
11920,17880,5,Food was cold on arrival.,2024-11-30
11921,10443,5,Packaging could be better.,2025-12-23
11922,15690,,Packaging could be better.,2026-03-10
11923,14932,5,Packaging could be better.,2025-04-17
11924,20427,5,Portion size was small.,2026-01-22
11925,3971,1,Delivery was late but food was good.,2025-02-06
11926,5590,5,Rider was polite and quick.,2025-04-30
11927,10790,4,Value for money.,2025-02-01
11928,20066,3,Perfect as always.,2025-02-15
11929,18657,3,Would not recommend.,2024-09-15
11930,23929,4,Best biryani in town.,2025-03-26
11931,17035,3,Order was missing an item.,2025-12-04
11932,14585,3,Average experience.,2025-06-07
11933,21560,4,Best biryani in town.,2025-07-22
11934,7435,3,Perfect as always.,2025-08-08
11935,14170,5,Absolutely delicious.,2024-05-17
11936,10040,5,Average experience.,2025-11-24
11937,16058,5,Portion size was small.,2024-12-14
11938,1757,1,Value for money.,2024-06-04
11939,11205,3,Rider was polite and quick.,2026-03-02
11940,8410,5,Portion size was small.,2026-04-07
11941,16606,3,Best biryani in town.,2025-09-22
11942,23891,1,Food was cold on arrival.,2025-04-25
11943,5633,,Best biryani in town.,2025-06-30
11944,8156,4,Delivery was late but food was good.,2026-04-15
11945,14442,5,Fresh and tasty.,2024-12-06
11946,17490,5,Portion size was small.,2025-06-01
11947,8019,5,Order was missing an item.,2024-12-26
11948,13579,5,Would not recommend.,2025-10-24
11949,8129,4,Would not recommend.,2025-10-05
11950,10092,5,Food was cold on arrival.,2026-06-11
11951,12094,3,Average experience.,2025-12-30
11952,5458,4,"Loved it, will order again.",2026-05-13
11953,10302,4,Food was cold on arrival.,2025-06-19
11954,3141,3,Would not recommend.,2025-12-27
11955,14212,4,Fresh and tasty.,2025-09-03
11956,21254,4,"Great food, arrived hot!",2026-03-04
11957,3085,2,Fresh and tasty.,2025-02-15
11958,7116,,Order was missing an item.,2025-01-17
11959,6344,2,Average experience.,2025-03-28
11960,18981,5,Delivery was late but food was good.,2025-12-31
11961,11989,5,Portion size was small.,2026-05-26
11962,22265,3,Best biryani in town.,2026-06-15
11963,16525,5,Packaging could be better.,2026-01-22
11964,20542,4,Best biryani in town.,2026-05-14
11965,12274,5,Packaging could be better.,2026-04-17
11966,15061,4,Delivery was late but food was good.,2025-11-19
11967,12253,5,Order was missing an item.,2025-02-13
11968,9941,4,Value for money.,2026-04-20
11969,19638,5,"Great food, arrived hot!",2025-08-28
11970,4827,5,Portion size was small.,2026-02-26
11971,20997,3,Average experience.,2025-10-30
11972,22754,,Portion size was small.,2024-01-19
11973,9616,5,Absolutely delicious.,2025-06-19
11974,18995,5,Fresh and tasty.,2026-04-07
11975,22084,5,Packaging could be better.,2026-06-09
11976,14499,5,Would not recommend.,2025-01-05
11977,14402,1,Delivery was late but food was good.,2025-03-03
11978,24710,3,"Loved it, will order again.",2026-06-25
11979,14590,4,Average experience.,2025-11-30
11980,1522,4,Packaging could be better.,2026-06-07
11981,13867,4,Would not recommend.,2026-03-23
11982,24388,4,"Loved it, will order again.",2026-01-24
11983,10191,5,Fresh and tasty.,2025-07-27
11984,11685,3,Best biryani in town.,03/05/2026
11985,13714,5,"Loved it, will order again.",2026-01-08
11986,18741,1,Average experience.,2025-11-18
11987,11645,4,Delivery was late but food was good.,2025-11-23
11988,13454,5,Would not recommend.,2024-05-26
11989,7586,5,Order was missing an item.,2024-06-16
11990,18452,4,Portion size was small.,2026-02-04
11991,515,5,Food was cold on arrival.,2026-06-01
11992,11301,4,Average experience.,2025-09-06
11993,18340,5,Packaging could be better.,2026-05-31
11994,22328,5,Order was missing an item.,2026-02-07
11995,17926,,Best biryani in town.,2026-03-26
11996,6743,4,Best biryani in town.,2026-02-09
11997,23931,5,Perfect as always.,2026-05-01
11998,20642,1,"Loved it, will order again.",2024-06-29
11999,804,4,"Great food, arrived hot!",2024-10-27
12000,3340,5,Value for money.,2026-02-01
